{
  "type": "FeatureCollection",
  "features": [
    {
      "type": "Feature",
      "properties": {
        "Shape_Leng": 36627.3440281,
        "EXPEDIENTE": "",
        "OPERADOR": "ALCALDIA DE URIBIA Y MAICAO",
        "PROYECTO": "ADECUACIÓN VÍA URIBIA - WIMPESHI",
        "NUM_ACT_AD": "",
        "FEC_ACT_AD": null,
        "ART_ACT_AD": "",
        "TIPO_INFRA": "Vía de acceso",
        "ID_INFRA_L": "VIA",
        "CARACTER": "Municipal",
        "ESTADO": 501.0,
        "ADECUACION": 601.0,
        "TIPO_ADEC": "Acuerdos con alcaldía",
        "CALIDAD": 60300.0,
        "REQU_OCUP": "OC_130, OC_1",
        "CLAS_VIA": 330703.0,
        "NOM_VIA": "16",
        "INT_CULT": 1.0,
        "TIPO_DISEN": 0.0,
        "ANCHO_BAN": 0.0,
        "TALUD": 0.0,
        "VOL_MOVCOR": 0.0,
        "VOL_MOVREL": 0.0,
        "OBSERV": "Vías a utilizar existentes, objeto de adecuación. Las adecuaciones se realizarán mediante acuerdos con las alcaldías",
        "LONGITUD_M": 36627.3440281
      },
      "geometry": {
        "type": "LineString",
        "coordinates": [
          [
            -72.2838587,
            11.6927665
          ],
          [
            -72.2826832,
            11.6921801
          ],
          [
            -72.2826599,
            11.6922252
          ],
          [
            -72.2809604,
            11.695521
          ],
          [
            -72.2800828,
            11.6951699
          ],
          [
            -72.2785769,
            11.6953293
          ],
          [
            -72.2773926,
            11.6946514
          ],
          [
            -72.2766831,
            11.6943986
          ],
          [
            -72.2756426,
            11.6940279
          ],
          [
            -72.2709473,
            11.6924418
          ],
          [
            -72.2694001,
            11.6916655
          ],
          [
            -72.2685997,
            11.6913296
          ],
          [
            -72.2681182,
            11.6906416
          ],
          [
            -72.2681045,
            11.6906598
          ],
          [
            -72.2680107,
            11.6907851
          ],
          [
            -72.2674577,
            11.6916738
          ],
          [
            -72.2673871,
            11.6923338
          ],
          [
            -72.2673673,
            11.6925914
          ],
          [
            -72.2673848,
            11.692866
          ],
          [
            -72.2673503,
            11.6946661
          ],
          [
            -72.2673437,
            11.6962379
          ],
          [
            -72.2672765,
            11.696992
          ],
          [
            -72.2673125,
            11.6975964
          ],
          [
            -72.2672746,
            11.697926
          ],
          [
            -72.2672523,
            11.698383
          ],
          [
            -72.2672643,
            11.6988637
          ],
          [
            -72.2672556,
            11.6993
          ],
          [
            -72.2672551,
            11.6993248
          ],
          [
            -72.2672464,
            11.6997472
          ],
          [
            -72.267267,
            11.7001128
          ],
          [
            -72.2672732,
            11.7003472
          ],
          [
            -72.267296,
            11.7005332
          ],
          [
            -72.2672842,
            11.7007084
          ],
          [
            -72.2672927,
            11.7007937
          ],
          [
            -72.26728,
            11.7009377
          ],
          [
            -72.2672842,
            11.701073
          ],
          [
            -72.2672585,
            11.701181
          ],
          [
            -72.2672595,
            11.7012153
          ],
          [
            -72.2672552,
            11.7012646
          ],
          [
            -72.2672616,
            11.7012841
          ],
          [
            -72.2671275,
            11.7012648
          ],
          [
            -72.2670241,
            11.7012715
          ],
          [
            -72.2665776,
            11.7012185
          ],
          [
            -72.2656791,
            11.7009632
          ],
          [
            -72.2652041,
            11.7009101
          ],
          [
            -72.2649422,
            11.7008931
          ],
          [
            -72.2645724,
            11.7009239
          ],
          [
            -72.2641161,
            11.7011649
          ],
          [
            -72.2637365,
            11.701341
          ],
          [
            -72.2632744,
            11.7014903
          ],
          [
            -72.2626895,
            11.7015898
          ],
          [
            -72.2617964,
            11.7016535
          ],
          [
            -72.2613203,
            11.7017167
          ],
          [
            -72.2609132,
            11.7017301
          ],
          [
            -72.2606017,
            11.7018663
          ],
          [
            -72.2603908,
            11.7020346
          ],
          [
            -72.2601748,
            11.7022154
          ],
          [
            -72.2599819,
            11.7023557
          ],
          [
            -72.2592971,
            11.7022996
          ],
          [
            -72.258917,
            11.7024897
          ],
          [
            -72.2587244,
            11.7024633
          ],
          [
            -72.2585537,
            11.702494
          ],
          [
            -72.2583909,
            11.7026253
          ],
          [
            -72.2582553,
            11.7026702
          ],
          [
            -72.2581196,
            11.7027151
          ],
          [
            -72.2579257,
            11.7026887
          ],
          [
            -72.2577458,
            11.7026188
          ],
          [
            -72.2576018,
            11.7025629
          ],
          [
            -72.2574939,
            11.702521
          ],
          [
            -72.2572924,
            11.7023938
          ],
          [
            -72.2571129,
            11.7023213
          ],
          [
            -72.2569691,
            11.7022652
          ],
          [
            -72.256804,
            11.7021512
          ],
          [
            -72.2566032,
            11.7020231
          ],
          [
            -72.2563154,
            11.7019136
          ],
          [
            -72.2560995,
            11.7018315
          ],
          [
            -72.2559705,
            11.7017339
          ],
          [
            -72.2557547,
            11.7016518
          ],
          [
            -72.2556259,
            11.7015544
          ],
          [
            -72.2554821,
            11.7014996
          ],
          [
            -72.2553023,
            11.7014312
          ],
          [
            -72.2550865,
            11.7013491
          ],
          [
            -72.2549066,
            11.7012807
          ],
          [
            -72.2547783,
            11.7011826
          ],
          [
            -72.2546863,
            11.7010975
          ],
          [
            -72.2545228,
            11.7009841
          ],
          [
            -72.254308,
            11.7008992
          ],
          [
            -72.2541286,
            11.7008299
          ],
          [
            -72.2539498,
            11.7007585
          ],
          [
            -72.2537352,
            11.7006728
          ],
          [
            -72.2535206,
            11.7005877
          ],
          [
            -72.2534489,
            11.7005599
          ],
          [
            -72.2531621,
            11.7004485
          ],
          [
            -72.2530544,
            11.700407
          ],
          [
            -72.252875,
            11.700338
          ],
          [
            -72.2526955,
            11.7002689
          ],
          [
            -72.2525161,
            11.7001999
          ],
          [
            -72.2523725,
            11.7001447
          ],
          [
            -72.2522289,
            11.7000895
          ],
          [
            -72.2520825,
            11.699937
          ],
          [
            -72.2519557,
            11.6998398
          ],
          [
            -72.251884,
            11.6998122
          ],
          [
            -72.2516501,
            11.6996731
          ],
          [
            -72.2515244,
            11.699574
          ],
          [
            -72.2513267,
            11.6994489
          ],
          [
            -72.2511477,
            11.6993802
          ],
          [
            -72.2510218,
            11.6992826
          ],
          [
            -72.2507714,
            11.699186
          ],
          [
            -72.2505927,
            11.6991166
          ],
          [
            -72.2505203,
            11.6989913
          ],
          [
            -72.2503417,
            11.698922
          ],
          [
            -72.2501989,
            11.6988665
          ],
          [
            -72.2500203,
            11.6987972
          ],
          [
            -72.2498418,
            11.6987279
          ],
          [
            -72.2496632,
            11.6986586
          ],
          [
            -72.2494848,
            11.698589
          ],
          [
            -72.2494136,
            11.6985607
          ],
          [
            -72.2491468,
            11.6985029
          ],
          [
            -72.2490042,
            11.6985431
          ],
          [
            -72.2488075,
            11.6985147
          ],
          [
            -72.2485387,
            11.6985547
          ],
          [
            -72.2483406,
            11.6985278
          ],
          [
            -72.2481418,
            11.6985971
          ],
          [
            -72.2479979,
            11.6985419
          ],
          [
            -72.2477797,
            11.6986528
          ],
          [
            -72.2475621,
            11.6986669
          ],
          [
            -72.2473639,
            11.6986378
          ],
          [
            -72.2471824,
            11.6986647
          ],
          [
            -72.2469455,
            11.6987195
          ],
          [
            -72.2467438,
            11.6987886
          ],
          [
            -72.2465249,
            11.6988019
          ],
          [
            -72.2462135,
            11.6988294
          ],
          [
            -72.2460659,
            11.6988711
          ],
          [
            -72.2458267,
            11.6989255
          ],
          [
            -72.2456222,
            11.6989957
          ],
          [
            -72.2454371,
            11.6990236
          ],
          [
            -72.2452881,
            11.6990658
          ],
          [
            -72.2450669,
            11.6990784
          ],
          [
            -72.2449021,
            11.6990625
          ],
          [
            -72.2447935,
            11.699019
          ],
          [
            -72.2445723,
            11.6990306
          ],
          [
            -72.244371,
            11.6990002
          ],
          [
            -72.2441289,
            11.6990539
          ],
          [
            -72.2439016,
            11.6991649
          ],
          [
            -72.2436776,
            11.6991783
          ],
          [
            -72.2433698,
            11.699269
          ],
          [
            -72.2431814,
            11.6992967
          ],
          [
            -72.2430143,
            11.6992811
          ],
          [
            -72.2428251,
            11.6993092
          ],
          [
            -72.2425982,
            11.6993236
          ],
          [
            -72.24237,
            11.6993393
          ],
          [
            -72.242119,
            11.6993987
          ],
          [
            -72.2419637,
            11.6994431
          ],
          [
            -72.2417556,
            11.6994163
          ],
          [
            -72.2414881,
            11.6994183
          ],
          [
            -72.2413543,
            11.6994193
          ],
          [
            -72.2411682,
            11.6993485
          ],
          [
            -72.24085,
            11.6992763
          ],
          [
            -72.2406567,
            11.6993053
          ],
          [
            -72.2404734,
            11.6992311
          ],
          [
            -72.240361,
            11.6991892
          ],
          [
            -72.2402102,
            11.6991344
          ],
          [
            -72.2399873,
            11.6990485
          ],
          [
            -72.2398165,
            11.6990336
          ],
          [
            -72.2395724,
            11.6989888
          ],
          [
            -72.2393637,
            11.6989599
          ],
          [
            -72.2391549,
            11.6989309
          ],
          [
            -72.2390063,
            11.6988733
          ],
          [
            -72.2387972,
            11.6988442
          ],
          [
            -72.2386485,
            11.6987866
          ],
          [
            -72.2383883,
            11.6986857
          ],
          [
            -72.2381281,
            11.6985848
          ],
          [
            -72.2379422,
            11.6985128
          ],
          [
            -72.2377191,
            11.6984263
          ],
          [
            -72.2375333,
            11.6983543
          ],
          [
            -72.2374317,
            11.698212
          ],
          [
            -72.237293,
            11.6980557
          ],
          [
            -72.2371683,
            11.6979559
          ],
          [
            -72.2370566,
            11.6977553
          ],
          [
            -72.2369216,
            11.6975973
          ],
          [
            -72.2368603,
            11.6974686
          ],
          [
            -72.2367477,
            11.6972709
          ],
          [
            -72.2367215,
            11.6971589
          ],
          [
            -72.236549,
            11.6969892
          ],
          [
            -72.2364137,
            11.6968338
          ],
          [
            -72.2362177,
            11.696706
          ],
          [
            -72.2361074,
            11.6965097
          ],
          [
            -72.2359974,
            11.6964667
          ],
          [
            -72.2359363,
            11.6963409
          ],
          [
            -72.235729,
            11.6961581
          ],
          [
            -72.2355948,
            11.6960045
          ],
          [
            -72.2354697,
            11.6959089
          ],
          [
            -72.2352327,
            11.6957724
          ],
          [
            -72.2351461,
            11.6956899
          ],
          [
            -72.2350966,
            11.6956212
          ],
          [
            -72.2349519,
            11.6954132
          ],
          [
            -72.2348804,
            11.6952342
          ],
          [
            -72.2347348,
            11.6951773
          ],
          [
            -72.2346868,
            11.6951083
          ],
          [
            -72.2345547,
            11.6949563
          ],
          [
            -72.2344037,
            11.6948409
          ],
          [
            -72.2342732,
            11.6946886
          ],
          [
            -72.2342153,
            11.694565
          ],
          [
            -72.2341221,
            11.6944269
          ],
          [
            -72.2340021,
            11.6943304
          ],
          [
            -72.23376,
            11.6941392
          ],
          [
            -72.2335299,
            11.6940019
          ],
          [
            -72.233434,
            11.693867
          ],
          [
            -72.2332407,
            11.6937439
          ],
          [
            -72.2331315,
            11.693702
          ],
          [
            -72.2330117,
            11.6936065
          ],
          [
            -72.2328715,
            11.6934035
          ],
          [
            -72.2327422,
            11.6932545
          ],
          [
            -72.2325516,
            11.6931308
          ],
          [
            -72.2324623,
            11.6929943
          ],
          [
            -72.2323374,
            11.6928438
          ],
          [
            -72.2323072,
            11.6926844
          ],
          [
            -72.2322257,
            11.6926032
          ],
          [
            -72.2320985,
            11.6924552
          ],
          [
            -72.232067,
            11.6922977
          ],
          [
            -72.2319378,
            11.6921516
          ],
          [
            -72.2318705,
            11.691981
          ],
          [
            -72.2316357,
            11.6917933
          ],
          [
            -72.2315442,
            11.6916613
          ],
          [
            -72.2313915,
            11.6915538
          ],
          [
            -72.2312549,
            11.6913565
          ],
          [
            -72.2311738,
            11.691277
          ],
          [
            -72.2310479,
            11.6911318
          ],
          [
            -72.2309939,
            11.6910142
          ],
          [
            -72.2308788,
            11.6909207
          ],
          [
            -72.2307549,
            11.6907755
          ],
          [
            -72.2306054,
            11.690668
          ],
          [
            -72.2304652,
            11.6906121
          ],
          [
            -72.2303419,
            11.6904674
          ],
          [
            -72.2302279,
            11.6903742
          ],
          [
            -72.230067,
            11.6902173
          ],
          [
            -72.2269993,
            11.6868878
          ],
          [
            -72.2266445,
            11.6867488
          ],
          [
            -72.2265219,
            11.6867492
          ],
          [
            -72.2263441,
            11.6866808
          ],
          [
            -72.2261305,
            11.6865991
          ],
          [
            -72.225917,
            11.6865174
          ],
          [
            -72.2256322,
            11.6864084
          ],
          [
            -72.2253831,
            11.6863128
          ],
          [
            -72.2251173,
            11.6862586
          ],
          [
            -72.2248512,
            11.6862044
          ],
          [
            -72.2246206,
            11.6861636
          ],
          [
            -72.2243897,
            11.6861228
          ],
          [
            -72.2242113,
            11.6860545
          ],
          [
            -72.2239977,
            11.6859716
          ],
          [
            -72.2237844,
            11.685888
          ],
          [
            -72.2235355,
            11.6857904
          ],
          [
            -72.2234289,
            11.6857486
          ],
          [
            -72.2232151,
            11.6856659
          ],
          [
            -72.2230724,
            11.6856111
          ],
          [
            -72.222894,
            11.6855427
          ],
          [
            -72.2225728,
            11.6854198
          ],
          [
            -72.2224296,
            11.6853658
          ],
          [
            -72.222232,
            11.6853406
          ],
          [
            -72.2219086,
            11.6853159
          ],
          [
            -72.2216582,
            11.68522
          ],
          [
            -72.2214806,
            11.6851495
          ],
          [
            -72.2213027,
            11.6851736
          ],
          [
            -72.2210549,
            11.6851667
          ],
          [
            -72.2209137,
            11.6851086
          ],
          [
            -72.2207014,
            11.6850221
          ],
          [
            -72.2205059,
            11.6849909
          ],
          [
            -72.2202208,
            11.6848791
          ],
          [
            -72.2200069,
            11.6847952
          ],
          [
            -72.219793,
            11.6847113
          ],
          [
            -72.2195792,
            11.6846275
          ],
          [
            -72.2193297,
            11.6845296
          ],
          [
            -72.2191159,
            11.6844458
          ],
          [
            -72.2190079,
            11.6844054
          ],
          [
            -72.2188123,
            11.684192
          ],
          [
            -72.2187259,
            11.6840182
          ],
          [
            -72.2186248,
            11.6837892
          ],
          [
            -72.2185568,
            11.6836678
          ],
          [
            -72.2184926,
            11.6834527
          ],
          [
            -72.2183909,
            11.6833164
          ],
          [
            -72.2183424,
            11.6831566
          ],
          [
            -72.2182232,
            11.68297
          ],
          [
            -72.2181764,
            11.6828095
          ],
          [
            -72.218097,
            11.6826328
          ],
          [
            -72.2180524,
            11.6824709
          ],
          [
            -72.2179735,
            11.6822953
          ],
          [
            -72.2178783,
            11.6820685
          ],
          [
            -72.2177609,
            11.6818847
          ],
          [
            -72.2176626,
            11.6816636
          ],
          [
            -72.217443,
            11.681438
          ],
          [
            -72.2173481,
            11.6812156
          ],
          [
            -72.2171793,
            11.6810569
          ],
          [
            -72.2170801,
            11.6809258
          ],
          [
            -72.2169266,
            11.6808194
          ],
          [
            -72.216759,
            11.680661
          ],
          [
            -72.2166206,
            11.6806064
          ],
          [
            -72.2164669,
            11.680501
          ],
          [
            -72.2163974,
            11.680474
          ],
          [
            -72.2162499,
            11.680279
          ],
          [
            -72.2161379,
            11.6800976
          ],
          [
            -72.2160738,
            11.6799824
          ],
          [
            -72.2159605,
            11.6798034
          ],
          [
            -72.2159315,
            11.679702
          ],
          [
            -72.2158531,
            11.679537
          ],
          [
            -72.215795,
            11.6793355
          ],
          [
            -72.2157575,
            11.6790975
          ],
          [
            -72.215755,
            11.6788734
          ],
          [
            -72.2157668,
            11.6787
          ],
          [
            -72.2157871,
            11.6786632
          ],
          [
            -72.2157692,
            11.6783922
          ],
          [
            -72.2157245,
            11.6782454
          ],
          [
            -72.215754,
            11.6780396
          ],
          [
            -72.2157813,
            11.6779171
          ],
          [
            -72.2156764,
            11.6777394
          ],
          [
            -72.2155422,
            11.6776855
          ],
          [
            -72.2153938,
            11.677583
          ],
          [
            -72.2055796,
            11.6657158
          ],
          [
            -72.2051963,
            11.6657641
          ],
          [
            -72.2050804,
            11.6656809
          ],
          [
            -72.2049772,
            11.6655635
          ],
          [
            -72.2049189,
            11.6654244
          ],
          [
            -72.2048287,
            11.6652731
          ],
          [
            -72.2047708,
            11.6651344
          ],
          [
            -72.2046365,
            11.6650049
          ],
          [
            -72.2045343,
            11.6648881
          ],
          [
            -72.2043877,
            11.6647922
          ],
          [
            -72.2042987,
            11.6646418
          ],
          [
            -72.2042288,
            11.664538
          ],
          [
            -72.2041398,
            11.6643897
          ],
          [
            -72.2040195,
            11.6642284
          ],
          [
            -72.2039501,
            11.6641249
          ],
          [
            -72.2038622,
            11.6639761
          ],
          [
            -72.2037297,
            11.6638485
          ],
          [
            -72.2036607,
            11.6637458
          ],
          [
            -72.2035416,
            11.663586
          ],
          [
            -72.2034283,
            11.6635041
          ],
          [
            -72.203302,
            11.663455
          ],
          [
            -72.2030809,
            11.6633692
          ],
          [
            -72.2028963,
            11.6633738
          ],
          [
            -72.2026931,
            11.6633332
          ],
          [
            -72.2025349,
            11.6632721
          ],
          [
            -72.202345,
            11.6631987
          ],
          [
            -72.2021868,
            11.6631375
          ],
          [
            -72.2020605,
            11.663088
          ],
          [
            -72.2019027,
            11.6630258
          ],
          [
            -72.2017903,
            11.6629434
          ],
          [
            -72.2016733,
            11.662785
          ],
          [
            -72.201606,
            11.6626837
          ],
          [
            -72.201521,
            11.6625381
          ],
          [
            -72.2014361,
            11.6623928
          ],
          [
            -72.2013516,
            11.6622477
          ],
          [
            -72.2013165,
            11.662159
          ],
          [
            -72.201215,
            11.6619699
          ],
          [
            -72.2012253,
            11.6618618
          ],
          [
            -72.2011555,
            11.6616859
          ],
          [
            -72.2010754,
            11.6616179
          ],
          [
            -72.201006,
            11.6614428
          ],
          [
            -72.2008776,
            11.6613193
          ],
          [
            -72.2007946,
            11.6611765
          ],
          [
            -72.200715,
            11.661109
          ],
          [
            -72.2006012,
            11.6609547
          ],
          [
            -72.2005048,
            11.660844
          ],
          [
            -72.2003802,
            11.660796
          ],
          [
            -72.2002529,
            11.6606736
          ],
          [
            -72.2001737,
            11.6606064
          ],
          [
            -72.2000493,
            11.6605584
          ],
          [
            -72.1998321,
            11.6604739
          ],
          [
            -72.199708,
            11.6604257
          ],
          [
            -72.1995218,
            11.6603533
          ],
          [
            -72.1993667,
            11.6602928
          ],
          [
            -72.199212,
            11.660232
          ],
          [
            -72.1990733,
            11.6602147
          ],
          [
            -72.1989653,
            11.6602097
          ],
          [
            -72.1987636,
            11.6601688
          ],
          [
            -72.1985929,
            11.6601399
          ],
          [
            -72.1984221,
            11.6601109
          ],
          [
            -72.1983284,
            11.6600749
          ],
          [
            -72.1981109,
            11.6599902
          ],
          [
            -72.1979564,
            11.6600036
          ],
          [
            -72.1978791,
            11.6600104
          ],
          [
            -72.1976925,
            11.6599375
          ],
          [
            -72.1973816,
            11.6598162
          ],
          [
            -72.197194,
            11.6597441
          ],
          [
            -72.1969422,
            11.6596494
          ],
          [
            -72.1966137,
            11.6596339
          ],
          [
            -72.1964899,
            11.6596585
          ],
          [
            -72.1963183,
            11.6596286
          ],
          [
            -72.1959605,
            11.6596721
          ],
          [
            -72.1958198,
            11.6596542
          ],
          [
            -72.1956636,
            11.6596668
          ],
          [
            -72.1954739,
            11.6597423
          ],
          [
            -72.1953159,
            11.6597557
          ],
          [
            -72.1951577,
            11.6597692
          ],
          [
            -72.1949992,
            11.6597828
          ],
          [
            -72.1948256,
            11.6597528
          ],
          [
            -72.1946667,
            11.6597664
          ],
          [
            -72.1944932,
            11.6597361
          ],
          [
            -72.1943828,
            11.6597302
          ],
          [
            -72.1941926,
            11.6597309
          ],
          [
            -72.1939861,
            11.6596889
          ],
          [
            -72.1938749,
            11.6596833
          ],
          [
            -72.1937012,
            11.6596526
          ],
          [
            -72.1935743,
            11.659604
          ],
          [
            -72.1934621,
            11.6595987
          ],
          [
            -72.1933181,
            11.6595812
          ],
          [
            -72.1931432,
            11.6595509
          ],
          [
            -72.1930002,
            11.6595326
          ],
          [
            -72.1928183,
            11.6596524
          ],
          [
            -72.1926356,
            11.6597727
          ],
          [
            -72.1924878,
            11.6598301
          ],
          [
            -72.1923534,
            11.6599319
          ],
          [
            -72.1922048,
            11.6599897
          ],
          [
            -72.1920242,
            11.6600351
          ],
          [
            -72.191893,
            11.6600612
          ],
          [
            -72.1917299,
            11.6600749
          ],
          [
            -72.1915982,
            11.6601011
          ],
          [
            -72.1914346,
            11.6601148
          ],
          [
            -72.1913025,
            11.6601411
          ],
          [
            -72.19109,
            11.6601733
          ],
          [
            -72.190943,
            11.6601556
          ],
          [
            -72.1908103,
            11.6601819
          ],
          [
            -72.1907457,
            11.6601572
          ],
          [
            -72.1905847,
            11.6600951
          ],
          [
            -72.190327,
            11.6599957
          ],
          [
            -72.1901608,
            11.6600098
          ],
          [
            -72.1900078,
            11.6600684
          ],
          [
            -72.1899002,
            11.6601841
          ],
          [
            -72.1897788,
            11.6602556
          ],
          [
            -72.1895466,
            11.660245
          ],
          [
            -72.1893654,
            11.6602147
          ],
          [
            -72.1892033,
            11.6601522
          ],
          [
            -72.189022,
            11.6601218
          ],
          [
            -72.1888598,
            11.6600593
          ],
          [
            -72.1886652,
            11.6599842
          ],
          [
            -72.1885159,
            11.6599663
          ],
          [
            -72.1882887,
            11.6598787
          ],
          [
            -72.1880938,
            11.6598037
          ],
          [
            -72.1879115,
            11.6597732
          ],
          [
            -72.1877814,
            11.6597232
          ],
          [
            -72.1876187,
            11.6596607
          ],
          [
            -72.18749,
            11.6596101
          ],
          [
            -72.1873294,
            11.6595468
          ],
          [
            -72.1872006,
            11.6594963
          ],
          [
            -72.1871321,
            11.65935
          ],
          [
            -72.1870955,
            11.6592169
          ],
          [
            -72.1870759,
            11.6590536
          ],
          [
            -72.1869657,
            11.6589724
          ],
          [
            -72.1868036,
            11.6589102
          ],
          [
            -72.186674,
            11.6588604
          ],
          [
            -72.1864795,
            11.6587857
          ],
          [
            -72.1862526,
            11.6586985
          ],
          [
            -72.1860585,
            11.6586236
          ],
          [
            -72.1858321,
            11.6585362
          ],
          [
            -72.1857234,
            11.6584548
          ],
          [
            -72.18557,
            11.6583175
          ],
          [
            -72.1853773,
            11.6582424
          ],
          [
            -72.1852486,
            11.6581923
          ],
          [
            -72.1850875,
            11.6581298
          ],
          [
            -72.1849583,
            11.6580799
          ],
          [
            -72.1848292,
            11.65803
          ],
          [
            -72.1846677,
            11.6579676
          ],
          [
            -72.1845063,
            11.6579052
          ],
          [
            -72.1843557,
            11.6578865
          ],
          [
            -72.1841512,
            11.6578866
          ],
          [
            -72.1839788,
            11.6578991
          ],
          [
            -72.1838384,
            11.6579241
          ],
          [
            -72.183633,
            11.6579242
          ],
          [
            -72.1834272,
            11.6579242
          ],
          [
            -72.1832429,
            11.6578929
          ],
          [
            -72.1830911,
            11.6578741
          ],
          [
            -72.182917,
            11.6578866
          ],
          [
            -72.1827987,
            11.65788
          ],
          [
            -72.1825939,
            11.6578794
          ],
          [
            -72.1824652,
            11.6578287
          ],
          [
            -72.1822922,
            11.6578408
          ],
          [
            -72.1821734,
            11.6578341
          ],
          [
            -72.1820123,
            11.6577707
          ],
          [
            -72.1819479,
            11.6577454
          ],
          [
            -72.1816294,
            11.6575687
          ],
          [
            -72.1815591,
            11.6575413
          ],
          [
            -72.1813265,
            11.657407
          ],
          [
            -72.1811156,
            11.6573251
          ],
          [
            -72.1809398,
            11.6572567
          ],
          [
            -72.1807992,
            11.6572021
          ],
          [
            -72.1806234,
            11.6571337
          ],
          [
            -72.1804828,
            11.6570791
          ],
          [
            -72.180307,
            11.6570107
          ],
          [
            -72.1801664,
            11.656956
          ],
          [
            -72.1800055,
            11.6568452
          ],
          [
            -72.1798797,
            11.6567485
          ],
          [
            -72.1797483,
            11.6565564
          ],
          [
            -72.1796025,
            11.6564054
          ],
          [
            -72.1794716,
            11.6562149
          ],
          [
            -72.1793961,
            11.6560932
          ],
          [
            -72.1793299,
            11.6558372
          ],
          [
            -72.1793392,
            11.655703
          ],
          [
            -72.179363,
            11.6555292
          ],
          [
            -72.179416,
            11.6552762
          ],
          [
            -72.1794888,
            11.6550777
          ],
          [
            -72.1795814,
            11.6549328
          ],
          [
            -72.1797082,
            11.6548019
          ],
          [
            -72.1798547,
            11.654724
          ],
          [
            -72.1800209,
            11.6546995
          ],
          [
            -72.1801867,
            11.6546756
          ],
          [
            -72.1803383,
            11.6546898
          ],
          [
            -72.1805243,
            11.6547173
          ],
          [
            -72.1807378,
            11.6546664
          ],
          [
            -72.1809371,
            11.6546546
          ],
          [
            -72.1810812,
            11.6545768
          ],
          [
            -72.1812728,
            11.6544735
          ],
          [
            -72.1814161,
            11.6543962
          ],
          [
            -72.1815043,
            11.6542539
          ],
          [
            -72.1815581,
            11.6540988
          ],
          [
            -72.1816457,
            11.6539575
          ],
          [
            -72.1816858,
            11.653842
          ],
          [
            -72.1817523,
            11.6536502
          ],
          [
            -72.1817921,
            11.6535356
          ],
          [
            -72.1817906,
            11.6533194
          ],
          [
            -72.1817554,
            11.6530912
          ],
          [
            -72.1817408,
            11.6529146
          ],
          [
            -72.1817131,
            11.652776
          ],
          [
            -72.1816447,
            11.6525371
          ],
          [
            -72.1815767,
            11.6522993
          ],
          [
            -72.1815294,
            11.6521105
          ],
          [
            -72.1814892,
            11.6520092
          ],
          [
            -72.1813758,
            11.6517942
          ],
          [
            -72.1812626,
            11.6515818
          ],
          [
            -72.1811693,
            11.6514209
          ],
          [
            -72.1810961,
            11.6513105
          ],
          [
            -72.1809431,
            11.651212
          ],
          [
            -72.1808235,
            11.6511259
          ],
          [
            -72.1807179,
            11.6510008
          ],
          [
            -72.1805661,
            11.6508988
          ],
          [
            -72.1804475,
            11.65081
          ],
          [
            -72.1803557,
            11.6506508
          ],
          [
            -72.1802308,
            11.6504801
          ],
          [
            -72.1801723,
            11.6503351
          ],
          [
            -72.1800808,
            11.6501779
          ],
          [
            -72.180009,
            11.6500691
          ],
          [
            -72.1798578,
            11.649971
          ],
          [
            -72.1796876,
            11.649824
          ],
          [
            -72.1795891,
            11.6497854
          ],
          [
            -72.1794197,
            11.6496376
          ],
          [
            -72.1793022,
            11.6495509
          ],
          [
            -72.1791522,
            11.6494515
          ],
          [
            -72.179021,
            11.6494001
          ],
          [
            -72.1788572,
            11.6493358
          ],
          [
            -72.1787073,
            11.6492365
          ],
          [
            -72.1785576,
            11.6491373
          ],
          [
            -72.1783284,
            11.6490475
          ],
          [
            -72.1781647,
            11.6489833
          ],
          [
            -72.1780665,
            11.6489448
          ],
          [
            -72.1779028,
            11.6488807
          ],
          [
            -72.1777062,
            11.6488042
          ],
          [
            -72.1776079,
            11.648766
          ],
          [
            -72.1774117,
            11.6486886
          ],
          [
            -72.1772145,
            11.6486131
          ],
          [
            -72.1770507,
            11.6485494
          ],
          [
            -72.1768867,
            11.648486
          ],
          [
            -72.1766897,
            11.6484101
          ],
          [
            -72.1765914,
            11.6483717
          ],
          [
            -72.1762184,
            11.6483487
          ],
          [
            -72.1760064,
            11.6483068
          ],
          [
            -72.1757634,
            11.6483351
          ],
          [
            -72.1755854,
            11.6483891
          ],
          [
            -72.1754227,
            11.6484081
          ],
          [
            -72.1752911,
            11.6483566
          ],
          [
            -72.1751267,
            11.6482923
          ],
          [
            -72.1749793,
            11.648276
          ],
          [
            -72.1747829,
            11.648282
          ],
          [
            -72.1746022,
            11.6482528
          ],
          [
            -72.1745031,
            11.6482145
          ],
          [
            -72.174306,
            11.6482207
          ],
          [
            -72.1742068,
            11.6481823
          ],
          [
            -72.1739424,
            11.64808
          ],
          [
            -72.1738102,
            11.6480288
          ],
          [
            -72.173711,
            11.6479904
          ],
          [
            -72.1735457,
            11.6479265
          ],
          [
            -72.1733801,
            11.647863
          ],
          [
            -72.1733135,
            11.647838
          ],
          [
            -72.1730631,
            11.6477037
          ],
          [
            -72.1729642,
            11.6475828
          ],
          [
            -72.1728654,
            11.6475441
          ],
          [
            -72.1727332,
            11.6474112
          ],
          [
            -72.1726178,
            11.6472441
          ],
          [
            -72.1725686,
            11.6471028
          ],
          [
            -72.1724543,
            11.6469358
          ],
          [
            -72.1724717,
            11.6467393
          ],
          [
            -72.1725052,
            11.6465904
          ],
          [
            -72.1725875,
            11.646421
          ],
          [
            -72.1726206,
            11.6462731
          ],
          [
            -72.1726537,
            11.6461258
          ],
          [
            -72.1726542,
            11.6459661
          ],
          [
            -72.1725571,
            11.6459278
          ],
          [
            -72.1724444,
            11.6457639
          ],
          [
            -72.1722992,
            11.6456669
          ],
          [
            -72.1721706,
            11.6455367
          ],
          [
            -72.1720745,
            11.6454194
          ],
          [
            -72.1719944,
            11.6453481
          ],
          [
            -72.1718651,
            11.6452976
          ],
          [
            -72.1717032,
            11.6452346
          ],
          [
            -72.1714908,
            11.6452712
          ],
          [
            -72.1713103,
            11.6453205
          ],
          [
            -72.1711794,
            11.6453488
          ],
          [
            -72.1710331,
            11.645331
          ],
          [
            -72.1708868,
            11.6453132
          ],
          [
            -72.1707079,
            11.6452826
          ],
          [
            -72.1705298,
            11.6452513
          ],
          [
            -72.1703839,
            11.6452328
          ],
          [
            -72.1702353,
            11.6452939
          ],
          [
            -72.1700541,
            11.6453421
          ],
          [
            -72.169888,
            11.6453586
          ],
          [
            -72.1698043,
            11.6453673
          ],
          [
            -72.1695526,
            11.6453935
          ],
          [
            -72.1693845,
            11.645411
          ],
          [
            -72.1692673,
            11.6454072
          ],
          [
            -72.1690529,
            11.6453644
          ],
          [
            -72.1688201,
            11.6453552
          ],
          [
            -72.1686222,
            11.6452796
          ],
          [
            -72.1684375,
            11.6452512
          ],
          [
            -72.1682495,
            11.6453022
          ],
          [
            -72.1680459,
            11.6453073
          ],
          [
            -72.1678253,
            11.6453448
          ],
          [
            -72.1676375,
            11.6453949
          ],
          [
            -72.1674964,
            11.6455047
          ],
          [
            -72.1673735,
            11.6455811
          ],
          [
            -72.1672693,
            11.6456235
          ],
          [
            -72.1670812,
            11.6456734
          ],
          [
            -72.1668927,
            11.6457234
          ],
          [
            -72.1667228,
            11.6457394
          ],
          [
            -72.1665716,
            11.6457214
          ],
          [
            -72.166401,
            11.6457376
          ],
          [
            -72.1661432,
            11.6457628
          ],
          [
            -72.1659515,
            11.6458139
          ],
          [
            -72.1657793,
            11.6458306
          ],
          [
            -72.1656271,
            11.6458125
          ],
          [
            -72.1655081,
            11.6458075
          ],
          [
            -72.1653225,
            11.6457764
          ],
          [
            -72.1651896,
            11.6457242
          ],
          [
            -72.164968,
            11.6456815
          ],
          [
            -72.1648,
            11.6456173
          ],
          [
            -72.1646319,
            11.645553
          ],
          [
            -72.1644638,
            11.6454888
          ],
          [
            -72.1642966,
            11.6454241
          ],
          [
            -72.1641838,
            11.6453378
          ],
          [
            -72.164071,
            11.6452515
          ],
          [
            -72.1640321,
            11.6451104
          ],
          [
            -72.1639245,
            11.6449449
          ],
          [
            -72.1638713,
            11.6447587
          ],
          [
            -72.1638123,
            11.6446525
          ],
          [
            -72.1637752,
            11.6445122
          ],
          [
            -72.1636516,
            11.6443799
          ],
          [
            -72.1635821,
            11.6442271
          ],
          [
            -72.16357,
            11.6441806
          ],
          [
            -72.1633697,
            11.6439765
          ],
          [
            -72.1633245,
            11.6439175
          ],
          [
            -72.163156,
            11.6437277
          ],
          [
            -72.1630581,
            11.6436888
          ],
          [
            -72.1629678,
            11.6435713
          ],
          [
            -72.1627273,
            11.6434349
          ],
          [
            -72.1625318,
            11.6433573
          ],
          [
            -72.1624015,
            11.6433055
          ],
          [
            -72.1622387,
            11.6432408
          ],
          [
            -72.1621084,
            11.6431891
          ],
          [
            -72.1619131,
            11.6431115
          ],
          [
            -72.1617177,
            11.6430339
          ],
          [
            -72.1615876,
            11.6429822
          ],
          [
            -72.1613923,
            11.6429046
          ],
          [
            -72.1611971,
            11.6428271
          ],
          [
            -72.1610025,
            11.6427493
          ],
          [
            -72.1608379,
            11.6426854
          ],
          [
            -72.1606732,
            11.6426216
          ],
          [
            -72.1605083,
            11.6425578
          ],
          [
            -72.1603865,
            11.642429
          ],
          [
            -72.1602548,
            11.642378
          ],
          [
            -72.1600902,
            11.6423142
          ],
          [
            -72.1599257,
            11.6422504
          ],
          [
            -72.1597279,
            11.6421739
          ],
          [
            -72.159662,
            11.6421484
          ],
          [
            -72.1594973,
            11.6420846
          ],
          [
            -72.1592337,
            11.6419826
          ],
          [
            -72.1590796,
            11.6419639
          ],
          [
            -72.158837,
            11.6419521
          ],
          [
            -72.1586601,
            11.6419658
          ],
          [
            -72.1584829,
            11.6419795
          ],
          [
            -72.1583054,
            11.6419932
          ],
          [
            -72.1581494,
            11.6419747
          ],
          [
            -72.1579687,
            11.6419893
          ],
          [
            -72.1578125,
            11.6419707
          ],
          [
            -72.1576794,
            11.6419196
          ],
          [
            -72.157533,
            11.6419464
          ],
          [
            -72.1573864,
            11.6419732
          ],
          [
            -72.1570234,
            11.6419529
          ],
          [
            -72.1568251,
            11.641875
          ],
          [
            -72.1566929,
            11.6418231
          ],
          [
            -72.1565608,
            11.6417712
          ],
          [
            -72.1563746,
            11.6417809
          ],
          [
            -72.1561988,
            11.6417534
          ],
          [
            -72.1560454,
            11.6417773
          ],
          [
            -72.1558918,
            11.6418012
          ],
          [
            -72.1556494,
            11.6417498
          ],
          [
            -72.1555284,
            11.6417864
          ],
          [
            -72.1553408,
            11.6417977
          ],
          [
            -72.1551861,
            11.6418217
          ],
          [
            -72.1550754,
            11.641821
          ],
          [
            -72.1548871,
            11.6418323
          ],
          [
            -72.1546876,
            11.641756
          ],
          [
            -72.1545213,
            11.6416916
          ],
          [
            -72.154355,
            11.6416257
          ],
          [
            -72.1542336,
            11.6415393
          ],
          [
            -72.1541568,
            11.6414268
          ],
          [
            -72.1540687,
            11.6413516
          ],
          [
            -72.1539258,
            11.6412141
          ],
          [
            -72.1537267,
            11.6411355
          ],
          [
            -72.1535276,
            11.6410567
          ],
          [
            -72.153428,
            11.6410187
          ],
          [
            -72.1532599,
            11.6410795
          ],
          [
            -72.1530912,
            11.6411406
          ],
          [
            -72.1529342,
            11.6411644
          ],
          [
            -72.1528222,
            11.6411628
          ],
          [
            -72.1526314,
            11.6411724
          ],
          [
            -72.1524192,
            11.6411309
          ],
          [
            -72.1522525,
            11.6410648
          ],
          [
            -72.1520858,
            11.6409988
          ],
          [
            -72.1519525,
            11.6409459
          ],
          [
            -72.1517942,
            11.6409678
          ],
          [
            -72.1516275,
            11.6409017
          ],
          [
            -72.1515274,
            11.640862
          ],
          [
            -72.1513607,
            11.6407959
          ],
          [
            -72.1512734,
            11.640719
          ],
          [
            -72.1511196,
            11.6406157
          ],
          [
            -72.1509529,
            11.6405511
          ],
          [
            -72.1507861,
            11.6404875
          ],
          [
            -72.1506267,
            11.6405108
          ],
          [
            -72.1504669,
            11.6405345
          ],
          [
            -72.1503534,
            11.6405341
          ],
          [
            -72.1502134,
            11.6406083
          ],
          [
            -72.1500324,
            11.6405829
          ],
          [
            -72.1498984,
            11.640532
          ],
          [
            -72.149731,
            11.6404671
          ],
          [
            -72.1495635,
            11.6404022
          ],
          [
            -72.1495035,
            11.6402524
          ],
          [
            -72.1493633,
            11.6401138
          ],
          [
            -72.149384,
            11.6399536
          ],
          [
            -72.1492776,
            11.6398281
          ],
          [
            -72.1491851,
            11.6396662
          ],
          [
            -72.1491259,
            11.6395177
          ],
          [
            -72.1490805,
            11.6393331
          ],
          [
            -72.1490217,
            11.6391854
          ],
          [
            -72.1489028,
            11.6390976
          ],
          [
            -72.1487508,
            11.638997
          ],
          [
            -72.148624,
            11.6390307
          ],
          [
            -72.1484307,
            11.6390387
          ],
          [
            -72.1482702,
            11.6390597
          ],
          [
            -72.1481234,
            11.6390444
          ],
          [
            -72.1479766,
            11.639029
          ],
          [
            -72.1478295,
            11.6390136
          ],
          [
            -72.1476825,
            11.638998
          ],
          [
            -72.1475496,
            11.638946
          ],
          [
            -72.1474357,
            11.6389431
          ],
          [
            -72.1472362,
            11.6388652
          ],
          [
            -72.1470552,
            11.6388376
          ],
          [
            -72.1468741,
            11.6388096
          ],
          [
            -72.1467742,
            11.6387708
          ],
          [
            -72.1465598,
            11.6387294
          ],
          [
            -72.1464118,
            11.6387139
          ],
          [
            -72.1462489,
            11.6387346
          ],
          [
            -72.1461006,
            11.6387191
          ],
          [
            -72.1459039,
            11.6387269
          ],
          [
            -72.1457553,
            11.6387113
          ],
          [
            -72.1455764,
            11.6387686
          ],
          [
            -72.1454456,
            11.6388025
          ],
          [
            -72.1452171,
            11.6388835
          ],
          [
            -72.1450703,
            11.6389543
          ],
          [
            -72.1447732,
            11.6390097
          ],
          [
            -72.1446075,
            11.6390309
          ],
          [
            -72.1444594,
            11.6391021
          ],
          [
            -72.144311,
            11.6391734
          ],
          [
            -72.1441463,
            11.639282
          ],
          [
            -72.144013,
            11.6393167
          ],
          [
            -72.1438471,
            11.6394263
          ],
          [
            -72.1437306,
            11.6395123
          ],
          [
            -72.1435457,
            11.6395725
          ],
          [
            -72.1433261,
            11.6396199
          ],
          [
            -72.1431743,
            11.6396935
          ],
          [
            -72.1429868,
            11.639666
          ],
          [
            -72.1427648,
            11.6396254
          ],
          [
            -72.142595,
            11.6396474
          ],
          [
            -72.1423915,
            11.6396549
          ],
          [
            -72.1422387,
            11.6396383
          ],
          [
            -72.1421028,
            11.639584
          ],
          [
            -72.1418988,
            11.6395028
          ],
          [
            -72.1417287,
            11.6394352
          ],
          [
            -72.141592,
            11.6393822
          ],
          [
            -72.1414548,
            11.6393299
          ],
          [
            -72.1412832,
            11.6392646
          ],
          [
            -72.1411635,
            11.6391746
          ],
          [
            -72.1410105,
            11.6390704
          ],
          [
            -72.1408737,
            11.6390176
          ],
          [
            -72.1407546,
            11.6389273
          ],
          [
            -72.1406356,
            11.6388372
          ],
          [
            -72.1406202,
            11.638699
          ],
          [
            -72.142067,
            11.6222346
          ],
          [
            -72.1420664,
            11.6222342
          ],
          [
            -72.1420152,
            11.6222073
          ],
          [
            -72.1419344,
            11.6221648
          ],
          [
            -72.1418535,
            11.6221222
          ],
          [
            -72.1417727,
            11.6220797
          ],
          [
            -72.1416919,
            11.6220372
          ],
          [
            -72.141611,
            11.6219946
          ],
          [
            -72.1415302,
            11.6219521
          ],
          [
            -72.1414494,
            11.6219096
          ],
          [
            -72.1413685,
            11.621867
          ],
          [
            -72.1412877,
            11.6218245
          ],
          [
            -72.1412069,
            11.621782
          ],
          [
            -72.141126,
            11.6217394
          ],
          [
            -72.1410452,
            11.6216969
          ],
          [
            -72.1409644,
            11.6216544
          ],
          [
            -72.1408835,
            11.6216119
          ],
          [
            -72.1408027,
            11.6215693
          ],
          [
            -72.1407219,
            11.6215268
          ],
          [
            -72.140641,
            11.6214843
          ],
          [
            -72.1405602,
            11.6214417
          ],
          [
            -72.1404794,
            11.6213992
          ],
          [
            -72.1403985,
            11.6213567
          ],
          [
            -72.1403177,
            11.6213141
          ],
          [
            -72.1402369,
            11.6212716
          ],
          [
            -72.140156,
            11.6212291
          ],
          [
            -72.1400752,
            11.6211865
          ],
          [
            -72.1399944,
            11.621144
          ],
          [
            -72.1399135,
            11.6211015
          ],
          [
            -72.1398327,
            11.6210589
          ],
          [
            -72.1397519,
            11.6210164
          ],
          [
            -72.139671,
            11.6209739
          ],
          [
            -72.1395902,
            11.6209313
          ],
          [
            -72.1395094,
            11.6208888
          ],
          [
            -72.1394285,
            11.6208463
          ],
          [
            -72.1393477,
            11.6208038
          ],
          [
            -72.1392669,
            11.6207612
          ],
          [
            -72.139186,
            11.6207187
          ],
          [
            -72.1391052,
            11.6206762
          ],
          [
            -72.1390244,
            11.6206336
          ],
          [
            -72.1389435,
            11.6205911
          ],
          [
            -72.1388627,
            11.6205486
          ],
          [
            -72.1387819,
            11.620506
          ],
          [
            -72.138701,
            11.6204635
          ],
          [
            -72.1386202,
            11.620421
          ],
          [
            -72.1385394,
            11.6203784
          ],
          [
            -72.1384585,
            11.6203359
          ],
          [
            -72.1383777,
            11.6202934
          ],
          [
            -72.1382969,
            11.6202508
          ],
          [
            -72.138216,
            11.6202083
          ],
          [
            -72.1381352,
            11.6201658
          ],
          [
            -72.1380544,
            11.6201232
          ],
          [
            -72.1379736,
            11.6200807
          ],
          [
            -72.1378927,
            11.6200382
          ],
          [
            -72.1378119,
            11.6199956
          ],
          [
            -72.1377311,
            11.6199531
          ],
          [
            -72.1376502,
            11.6199106
          ],
          [
            -72.1375694,
            11.619868
          ],
          [
            -72.1374886,
            11.6198255
          ],
          [
            -72.1374077,
            11.619783
          ],
          [
            -72.1373269,
            11.6197404
          ],
          [
            -72.1372461,
            11.6196979
          ],
          [
            -72.1371652,
            11.6196554
          ],
          [
            -72.1370844,
            11.6196129
          ],
          [
            -72.1370036,
            11.6195703
          ],
          [
            -72.1369227,
            11.6195278
          ],
          [
            -72.1368419,
            11.6194853
          ],
          [
            -72.1367611,
            11.6194427
          ],
          [
            -72.1366802,
            11.6194002
          ],
          [
            -72.1365994,
            11.6193577
          ],
          [
            -72.1365186,
            11.6193151
          ],
          [
            -72.1364378,
            11.6192726
          ],
          [
            -72.1363569,
            11.6192301
          ],
          [
            -72.1362761,
            11.6191875
          ],
          [
            -72.1361953,
            11.619145
          ],
          [
            -72.1361144,
            11.6191025
          ],
          [
            -72.1360336,
            11.6190599
          ],
          [
            -72.1359528,
            11.6190174
          ],
          [
            -72.1358719,
            11.6189749
          ],
          [
            -72.1357911,
            11.6189323
          ],
          [
            -72.1357103,
            11.6188898
          ],
          [
            -72.1356294,
            11.6188473
          ],
          [
            -72.1355486,
            11.6188047
          ],
          [
            -72.1354678,
            11.6187622
          ],
          [
            -72.1353869,
            11.6187197
          ],
          [
            -72.1353058,
            11.6186777
          ],
          [
            -72.1352225,
            11.6186402
          ],
          [
            -72.1351367,
            11.6186084
          ],
          [
            -72.1350491,
            11.6185822
          ],
          [
            -72.1349607,
            11.6185585
          ],
          [
            -72.134873,
            11.6185323
          ],
          [
            -72.1347861,
            11.6185037
          ],
          [
            -72.1347,
            11.6184727
          ],
          [
            -72.1346149,
            11.6184393
          ],
          [
            -72.1345308,
            11.6184034
          ],
          [
            -72.1344478,
            11.6183652
          ],
          [
            -72.1343659,
            11.6183247
          ],
          [
            -72.1342852,
            11.6182819
          ],
          [
            -72.1342058,
            11.6182369
          ],
          [
            -72.1341277,
            11.6181896
          ],
          [
            -72.1340511,
            11.6181401
          ],
          [
            -72.1339758,
            11.6180886
          ],
          [
            -72.1339022,
            11.6180349
          ],
          [
            -72.1338301,
            11.6179791
          ],
          [
            -72.1337596,
            11.6179214
          ],
          [
            -72.1336909,
            11.6178617
          ],
          [
            -72.1336236,
            11.6178004
          ],
          [
            -72.1335535,
            11.6177422
          ],
          [
            -72.1334796,
            11.6176888
          ],
          [
            -72.1334023,
            11.6176403
          ],
          [
            -72.1333221,
            11.6175967
          ],
          [
            -72.1332414,
            11.617554
          ],
          [
            -72.1331607,
            11.6175113
          ],
          [
            -72.1330799,
            11.6174686
          ],
          [
            -72.1329992,
            11.6174259
          ],
          [
            -72.1329184,
            11.6173832
          ],
          [
            -72.1328377,
            11.6173405
          ],
          [
            -72.1327569,
            11.6172978
          ],
          [
            -72.1326762,
            11.6172551
          ],
          [
            -72.1325954,
            11.6172124
          ],
          [
            -72.1325147,
            11.6171697
          ],
          [
            -72.132434,
            11.6171271
          ],
          [
            -72.1323532,
            11.6170844
          ],
          [
            -72.1322725,
            11.6170417
          ],
          [
            -72.1321917,
            11.616999
          ],
          [
            -72.132111,
            11.6169563
          ],
          [
            -72.1320302,
            11.6169136
          ],
          [
            -72.1319495,
            11.6168709
          ],
          [
            -72.1318687,
            11.6168282
          ],
          [
            -72.131788,
            11.6167855
          ],
          [
            -72.1317073,
            11.6167428
          ],
          [
            -72.1316265,
            11.6167002
          ],
          [
            -72.1315458,
            11.6166575
          ],
          [
            -72.131465,
            11.6166148
          ],
          [
            -72.1313843,
            11.6165721
          ],
          [
            -72.1313035,
            11.6165294
          ],
          [
            -72.1312228,
            11.6164867
          ],
          [
            -72.131142,
            11.616444
          ],
          [
            -72.1310613,
            11.6164013
          ],
          [
            -72.1309806,
            11.6163586
          ],
          [
            -72.1308998,
            11.6163159
          ],
          [
            -72.1308191,
            11.6162732
          ],
          [
            -72.1307383,
            11.6162305
          ],
          [
            -72.1306576,
            11.6161878
          ],
          [
            -72.1305768,
            11.6161452
          ],
          [
            -72.1304961,
            11.6161025
          ],
          [
            -72.1304154,
            11.6160598
          ],
          [
            -72.1303346,
            11.6160171
          ],
          [
            -72.1302539,
            11.6159744
          ],
          [
            -72.1301731,
            11.6159317
          ],
          [
            -72.1300924,
            11.615889
          ],
          [
            -72.1300116,
            11.6158463
          ],
          [
            -72.1299309,
            11.6158036
          ],
          [
            -72.1298502,
            11.6157609
          ],
          [
            -72.1297694,
            11.6157182
          ],
          [
            -72.1296887,
            11.6156755
          ],
          [
            -72.1296079,
            11.6156329
          ],
          [
            -72.1295272,
            11.6155902
          ],
          [
            -72.1294464,
            11.6155475
          ],
          [
            -72.1293657,
            11.6155048
          ],
          [
            -72.129285,
            11.6154621
          ],
          [
            -72.1292042,
            11.6154194
          ],
          [
            -72.1291235,
            11.6153767
          ],
          [
            -72.1290427,
            11.615334
          ],
          [
            -72.128962,
            11.6152913
          ],
          [
            -72.1288812,
            11.6152486
          ],
          [
            -72.1288005,
            11.6152059
          ],
          [
            -72.1287197,
            11.6151632
          ],
          [
            -72.128639,
            11.6151206
          ],
          [
            -72.1285583,
            11.6150779
          ],
          [
            -72.1284775,
            11.6150352
          ],
          [
            -72.1283968,
            11.6149925
          ],
          [
            -72.128316,
            11.6149498
          ],
          [
            -72.1282353,
            11.6149071
          ],
          [
            -72.1281545,
            11.6148644
          ],
          [
            -72.1280738,
            11.6148217
          ],
          [
            -72.1279931,
            11.614779
          ],
          [
            -72.1279123,
            11.6147363
          ],
          [
            -72.1278316,
            11.6146936
          ],
          [
            -72.1277508,
            11.6146509
          ],
          [
            -72.1276701,
            11.6146082
          ],
          [
            -72.1275894,
            11.6145656
          ],
          [
            -72.1275086,
            11.6145229
          ],
          [
            -72.1274279,
            11.6144802
          ],
          [
            -72.1273471,
            11.6144375
          ],
          [
            -72.1272664,
            11.6143948
          ],
          [
            -72.1271856,
            11.6143521
          ],
          [
            -72.1271049,
            11.6143094
          ],
          [
            -72.1270242,
            11.6142667
          ],
          [
            -72.1269434,
            11.614224
          ],
          [
            -72.1268627,
            11.6141813
          ],
          [
            -72.1267819,
            11.6141386
          ],
          [
            -72.1267012,
            11.6140959
          ],
          [
            -72.1266204,
            11.6140533
          ],
          [
            -72.1265397,
            11.6140106
          ],
          [
            -72.126459,
            11.6139679
          ],
          [
            -72.1263782,
            11.6139252
          ],
          [
            -72.1262975,
            11.6138825
          ],
          [
            -72.1262167,
            11.6138398
          ],
          [
            -72.126136,
            11.6137971
          ],
          [
            -72.1260553,
            11.6137544
          ],
          [
            -72.1259745,
            11.6137117
          ],
          [
            -72.1258938,
            11.613669
          ],
          [
            -72.125813,
            11.6136263
          ],
          [
            -72.1257323,
            11.6135836
          ],
          [
            -72.1256515,
            11.6135409
          ],
          [
            -72.1255708,
            11.6134982
          ],
          [
            -72.1254901,
            11.6134555
          ],
          [
            -72.1254093,
            11.6134129
          ],
          [
            -72.1253286,
            11.6133702
          ],
          [
            -72.1252478,
            11.6133275
          ],
          [
            -72.1251671,
            11.6132848
          ],
          [
            -72.1250863,
            11.6132421
          ],
          [
            -72.1250056,
            11.6131994
          ],
          [
            -72.1249249,
            11.6131567
          ],
          [
            -72.1248441,
            11.613114
          ],
          [
            -72.1247634,
            11.6130713
          ],
          [
            -72.1246826,
            11.6130286
          ],
          [
            -72.1246019,
            11.6129859
          ],
          [
            -72.1245212,
            11.6129432
          ],
          [
            -72.1244404,
            11.6129005
          ],
          [
            -72.1243597,
            11.6128579
          ],
          [
            -72.1242789,
            11.6128152
          ],
          [
            -72.1241982,
            11.6127725
          ],
          [
            -72.1241175,
            11.6127298
          ],
          [
            -72.1240367,
            11.6126871
          ],
          [
            -72.123956,
            11.6126444
          ],
          [
            -72.1238752,
            11.6126017
          ],
          [
            -72.1237945,
            11.612559
          ],
          [
            -72.1237137,
            11.6125163
          ],
          [
            -72.123633,
            11.6124736
          ],
          [
            -72.1235523,
            11.6124309
          ],
          [
            -72.1234715,
            11.6123882
          ],
          [
            -72.1233908,
            11.6123455
          ],
          [
            -72.12331,
            11.6123028
          ],
          [
            -72.1232293,
            11.6122601
          ],
          [
            -72.1231486,
            11.6122175
          ],
          [
            -72.1230678,
            11.6121748
          ],
          [
            -72.1229871,
            11.6121321
          ],
          [
            -72.1229063,
            11.6120894
          ],
          [
            -72.1228256,
            11.6120467
          ],
          [
            -72.1227449,
            11.612004
          ],
          [
            -72.1226641,
            11.6119613
          ],
          [
            -72.1225834,
            11.6119186
          ],
          [
            -72.1225026,
            11.6118759
          ],
          [
            -72.1224219,
            11.6118332
          ],
          [
            -72.1223412,
            11.6117905
          ],
          [
            -72.1222604,
            11.6117478
          ],
          [
            -72.1221797,
            11.6117051
          ],
          [
            -72.1220989,
            11.6116624
          ],
          [
            -72.1220182,
            11.6116198
          ],
          [
            -72.1219374,
            11.6115771
          ],
          [
            -72.1218567,
            11.6115344
          ],
          [
            -72.121776,
            11.6114917
          ],
          [
            -72.1216952,
            11.611449
          ],
          [
            -72.1216145,
            11.6114063
          ],
          [
            -72.1215337,
            11.6113636
          ],
          [
            -72.121453,
            11.6113209
          ],
          [
            -72.1213723,
            11.6112782
          ],
          [
            -72.1212915,
            11.6112355
          ],
          [
            -72.1212108,
            11.6111928
          ],
          [
            -72.12113,
            11.6111501
          ],
          [
            -72.1210493,
            11.6111074
          ],
          [
            -72.1209686,
            11.6110647
          ],
          [
            -72.1208878,
            11.611022
          ],
          [
            -72.1208071,
            11.6109793
          ],
          [
            -72.1207263,
            11.6109367
          ],
          [
            -72.1206456,
            11.610894
          ],
          [
            -72.1205649,
            11.6108513
          ],
          [
            -72.1204841,
            11.6108086
          ],
          [
            -72.1204034,
            11.6107659
          ],
          [
            -72.1203226,
            11.6107232
          ],
          [
            -72.1202419,
            11.6106805
          ],
          [
            -72.1201612,
            11.6106378
          ],
          [
            -72.1200804,
            11.6105951
          ],
          [
            -72.1199997,
            11.6105524
          ],
          [
            -72.1199189,
            11.6105097
          ],
          [
            -72.1198382,
            11.610467
          ],
          [
            -72.1197575,
            11.6104243
          ],
          [
            -72.1196767,
            11.6103816
          ],
          [
            -72.119596,
            11.6103389
          ],
          [
            -72.1195152,
            11.6102962
          ],
          [
            -72.1194345,
            11.6102536
          ],
          [
            -72.1193538,
            11.6102109
          ],
          [
            -72.119273,
            11.6101682
          ],
          [
            -72.1191923,
            11.6101255
          ],
          [
            -72.1191115,
            11.6100828
          ],
          [
            -72.1190308,
            11.6100401
          ],
          [
            -72.1189501,
            11.6099974
          ],
          [
            -72.1188693,
            11.6099547
          ],
          [
            -72.1187886,
            11.609912
          ],
          [
            -72.1187078,
            11.6098693
          ],
          [
            -72.1186271,
            11.6098266
          ],
          [
            -72.1185464,
            11.6097839
          ],
          [
            -72.1184656,
            11.6097412
          ],
          [
            -72.1183849,
            11.6096985
          ],
          [
            -72.1183042,
            11.6096558
          ],
          [
            -72.1182234,
            11.6096131
          ],
          [
            -72.1181427,
            11.6095704
          ],
          [
            -72.1180619,
            11.6095277
          ],
          [
            -72.117983,
            11.609482
          ],
          [
            -72.1179073,
            11.6094311
          ],
          [
            -72.1178351,
            11.6093754
          ],
          [
            -72.117767,
            11.6093151
          ],
          [
            -72.117703,
            11.6092505
          ],
          [
            -72.1176396,
            11.6091853
          ],
          [
            -72.117572,
            11.6091244
          ],
          [
            -72.1175004,
            11.609068
          ],
          [
            -72.1174252,
            11.6090165
          ],
          [
            -72.1173466,
            11.60897
          ],
          [
            -72.1172651,
            11.6089288
          ],
          [
            -72.117181,
            11.6088931
          ],
          [
            -72.1170947,
            11.6088629
          ],
          [
            -72.1170065,
            11.6088385
          ],
          [
            -72.1169168,
            11.60882
          ],
          [
            -72.1168266,
            11.6088042
          ],
          [
            -72.1167376,
            11.608783
          ],
          [
            -72.1166502,
            11.608756
          ],
          [
            -72.1165648,
            11.6087233
          ],
          [
            -72.1164818,
            11.608685
          ],
          [
            -72.1164009,
            11.6086426
          ],
          [
            -72.1163201,
            11.6086
          ],
          [
            -72.1162394,
            11.6085573
          ],
          [
            -72.1161586,
            11.6085146
          ],
          [
            -72.1160779,
            11.6084719
          ],
          [
            -72.1159971,
            11.6084293
          ],
          [
            -72.1159164,
            11.6083866
          ],
          [
            -72.1158357,
            11.6083439
          ],
          [
            -72.1157549,
            11.6083012
          ],
          [
            -72.1156742,
            11.6082585
          ],
          [
            -72.1155934,
            11.6082159
          ],
          [
            -72.1155127,
            11.6081732
          ],
          [
            -72.1154319,
            11.6081305
          ],
          [
            -72.1153512,
            11.6080878
          ],
          [
            -72.1152704,
            11.6080451
          ],
          [
            -72.1151897,
            11.6080025
          ],
          [
            -72.1151089,
            11.6079598
          ],
          [
            -72.1150282,
            11.6079171
          ],
          [
            -72.1149474,
            11.6078744
          ],
          [
            -72.1148667,
            11.6078317
          ],
          [
            -72.114786,
            11.6077891
          ],
          [
            -72.1147052,
            11.6077464
          ],
          [
            -72.1146245,
            11.6077037
          ],
          [
            -72.1145437,
            11.607661
          ],
          [
            -72.114463,
            11.6076183
          ],
          [
            -72.1143822,
            11.6075757
          ],
          [
            -72.1143015,
            11.607533
          ],
          [
            -72.1142207,
            11.6074903
          ],
          [
            -72.11414,
            11.6074476
          ],
          [
            -72.1140592,
            11.607405
          ],
          [
            -72.1139785,
            11.6073623
          ],
          [
            -72.1138977,
            11.6073196
          ],
          [
            -72.113817,
            11.6072769
          ],
          [
            -72.1137362,
            11.6072342
          ],
          [
            -72.1136555,
            11.6071916
          ],
          [
            -72.1135747,
            11.6071489
          ],
          [
            -72.113494,
            11.6071062
          ],
          [
            -72.1134133,
            11.6070635
          ],
          [
            -72.1133325,
            11.6070208
          ],
          [
            -72.1132518,
            11.6069782
          ],
          [
            -72.113171,
            11.6069355
          ],
          [
            -72.1130903,
            11.6068928
          ],
          [
            -72.1130095,
            11.6068501
          ],
          [
            -72.1129288,
            11.6068075
          ],
          [
            -72.112848,
            11.6067648
          ],
          [
            -72.1127673,
            11.6067221
          ],
          [
            -72.1126865,
            11.6066794
          ],
          [
            -72.1126058,
            11.6066367
          ],
          [
            -72.112525,
            11.6065941
          ],
          [
            -72.1124443,
            11.6065514
          ],
          [
            -72.1123636,
            11.6065087
          ],
          [
            -72.1122828,
            11.606466
          ],
          [
            -72.1122021,
            11.6064233
          ],
          [
            -72.1121213,
            11.6063807
          ],
          [
            -72.1120406,
            11.606338
          ],
          [
            -72.1119598,
            11.6062953
          ],
          [
            -72.1118791,
            11.6062526
          ],
          [
            -72.1117983,
            11.6062099
          ],
          [
            -72.1117176,
            11.6061673
          ],
          [
            -72.1116368,
            11.6061246
          ],
          [
            -72.1115561,
            11.6060819
          ],
          [
            -72.1114754,
            11.6060392
          ],
          [
            -72.1113946,
            11.6059965
          ],
          [
            -72.1113139,
            11.6059539
          ],
          [
            -72.1112331,
            11.6059112
          ],
          [
            -72.1111524,
            11.6058685
          ],
          [
            -72.1110716,
            11.6058258
          ],
          [
            -72.1109909,
            11.6057831
          ],
          [
            -72.1109101,
            11.6057405
          ],
          [
            -72.1108294,
            11.6056978
          ],
          [
            -72.1107487,
            11.6056551
          ],
          [
            -72.1106679,
            11.6056124
          ],
          [
            -72.1105872,
            11.6055697
          ],
          [
            -72.1105064,
            11.6055271
          ],
          [
            -72.1104257,
            11.6054844
          ],
          [
            -72.1103449,
            11.6054417
          ],
          [
            -72.1102642,
            11.605399
          ],
          [
            -72.1101834,
            11.6053563
          ],
          [
            -72.1101027,
            11.6053137
          ],
          [
            -72.1100219,
            11.605271
          ],
          [
            -72.1099412,
            11.6052283
          ],
          [
            -72.1098605,
            11.6051856
          ],
          [
            -72.1097797,
            11.6051429
          ],
          [
            -72.109699,
            11.6051003
          ],
          [
            -72.1096182,
            11.6050576
          ],
          [
            -72.1095375,
            11.6050149
          ],
          [
            -72.1094567,
            11.6049722
          ],
          [
            -72.109376,
            11.6049295
          ],
          [
            -72.1092952,
            11.6048869
          ],
          [
            -72.1092145,
            11.6048442
          ],
          [
            -72.1091337,
            11.6048015
          ],
          [
            -72.109053,
            11.6047588
          ],
          [
            -72.1089723,
            11.6047161
          ],
          [
            -72.1088915,
            11.6046735
          ],
          [
            -72.1088108,
            11.6046308
          ],
          [
            -72.10873,
            11.6045881
          ],
          [
            -72.1086493,
            11.6045454
          ],
          [
            -72.1085685,
            11.6045027
          ],
          [
            -72.1084878,
            11.6044601
          ],
          [
            -72.1084071,
            11.6044174
          ],
          [
            -72.1083263,
            11.6043747
          ],
          [
            -72.1082456,
            11.604332
          ],
          [
            -72.1081648,
            11.6042893
          ],
          [
            -72.1080841,
            11.6042467
          ],
          [
            -72.1080033,
            11.604204
          ],
          [
            -72.1079226,
            11.6041613
          ],
          [
            -72.1078418,
            11.6041186
          ],
          [
            -72.1077611,
            11.6040759
          ],
          [
            -72.1076804,
            11.6040333
          ],
          [
            -72.1075996,
            11.6039906
          ],
          [
            -72.1075189,
            11.6039479
          ],
          [
            -72.1074381,
            11.6039052
          ],
          [
            -72.1073574,
            11.6038625
          ],
          [
            -72.1072766,
            11.6038199
          ],
          [
            -72.1071959,
            11.6037772
          ],
          [
            -72.1071151,
            11.6037345
          ],
          [
            -72.1070344,
            11.6036918
          ],
          [
            -72.1069537,
            11.6036491
          ],
          [
            -72.1068729,
            11.6036064
          ],
          [
            -72.1067922,
            11.6035638
          ],
          [
            -72.1067114,
            11.6035211
          ],
          [
            -72.1066307,
            11.6034784
          ],
          [
            -72.1065499,
            11.6034357
          ],
          [
            -72.1064692,
            11.603393
          ],
          [
            -72.1063884,
            11.6033504
          ],
          [
            -72.1063077,
            11.6033077
          ],
          [
            -72.106227,
            11.603265
          ],
          [
            -72.1061462,
            11.6032223
          ],
          [
            -72.1060655,
            11.6031797
          ],
          [
            -72.1059847,
            11.603137
          ],
          [
            -72.105904,
            11.6030943
          ],
          [
            -72.1058232,
            11.6030516
          ],
          [
            -72.1057425,
            11.6030089
          ],
          [
            -72.1056618,
            11.6029662
          ],
          [
            -72.105581,
            11.6029236
          ],
          [
            -72.1055003,
            11.6028809
          ],
          [
            -72.1054195,
            11.6028382
          ],
          [
            -72.1053388,
            11.6027955
          ],
          [
            -72.105258,
            11.6027528
          ],
          [
            -72.1051773,
            11.6027102
          ],
          [
            -72.1050965,
            11.6026675
          ],
          [
            -72.1050158,
            11.6026248
          ],
          [
            -72.1049351,
            11.6025821
          ],
          [
            -72.1048543,
            11.6025394
          ],
          [
            -72.1047736,
            11.6024967
          ],
          [
            -72.1046928,
            11.6024541
          ],
          [
            -72.1046121,
            11.6024114
          ],
          [
            -72.1045313,
            11.6023687
          ],
          [
            -72.1044506,
            11.602326
          ],
          [
            -72.1043699,
            11.6022833
          ],
          [
            -72.1042891,
            11.6022407
          ],
          [
            -72.1042084,
            11.602198
          ],
          [
            -72.1041276,
            11.6021553
          ],
          [
            -72.1040469,
            11.6021126
          ],
          [
            -72.1039662,
            11.6020699
          ],
          [
            -72.1038854,
            11.6020273
          ],
          [
            -72.1038047,
            11.6019846
          ],
          [
            -72.1037239,
            11.6019419
          ],
          [
            -72.1036432,
            11.6018992
          ],
          [
            -72.1035624,
            11.6018565
          ],
          [
            -72.1034817,
            11.6018139
          ],
          [
            -72.1034009,
            11.6017712
          ],
          [
            -72.1033202,
            11.6017285
          ],
          [
            -72.1032395,
            11.6016858
          ],
          [
            -72.1031587,
            11.6016431
          ],
          [
            -72.103078,
            11.6016004
          ],
          [
            -72.1029972,
            11.6015578
          ],
          [
            -72.1029165,
            11.6015151
          ],
          [
            -72.1028358,
            11.6014724
          ],
          [
            -72.102755,
            11.6014297
          ],
          [
            -72.1026743,
            11.601387
          ],
          [
            -72.1025935,
            11.6013444
          ],
          [
            -72.1025128,
            11.6013017
          ],
          [
            -72.102432,
            11.601259
          ],
          [
            -72.1023513,
            11.6012163
          ],
          [
            -72.1022705,
            11.6011736
          ],
          [
            -72.1021898,
            11.601131
          ],
          [
            -72.1021091,
            11.6010883
          ],
          [
            -72.1020283,
            11.6010456
          ],
          [
            -72.1019476,
            11.6010029
          ],
          [
            -72.1018668,
            11.6009602
          ],
          [
            -72.1017861,
            11.6009175
          ],
          [
            -72.1017054,
            11.6008749
          ],
          [
            -72.1016246,
            11.6008322
          ],
          [
            -72.1015439,
            11.6007895
          ],
          [
            -72.1014631,
            11.6007468
          ],
          [
            -72.1013824,
            11.6007041
          ],
          [
            -72.1013016,
            11.6006614
          ],
          [
            -72.1012209,
            11.6006188
          ],
          [
            -72.1011402,
            11.6005761
          ],
          [
            -72.1010594,
            11.6005334
          ],
          [
            -72.1009787,
            11.6004907
          ],
          [
            -72.1008979,
            11.600448
          ],
          [
            -72.1008172,
            11.6004054
          ],
          [
            -72.1007365,
            11.6003627
          ],
          [
            -72.1006557,
            11.60032
          ],
          [
            -72.100575,
            11.6002773
          ],
          [
            -72.1004942,
            11.6002346
          ],
          [
            -72.1004135,
            11.600192
          ],
          [
            -72.1003327,
            11.6001493
          ],
          [
            -72.100252,
            11.6001066
          ],
          [
            -72.1001713,
            11.6000639
          ],
          [
            -72.1000905,
            11.6000212
          ],
          [
            -72.1000098,
            11.5999785
          ],
          [
            -72.099929,
            11.5999359
          ],
          [
            -72.0998483,
            11.5998932
          ],
          [
            -72.0997676,
            11.5998505
          ],
          [
            -72.0996868,
            11.5998078
          ],
          [
            -72.0996061,
            11.5997651
          ],
          [
            -72.0995253,
            11.5997225
          ],
          [
            -72.0994446,
            11.5996798
          ],
          [
            -72.0993639,
            11.5996371
          ],
          [
            -72.0992831,
            11.5995944
          ],
          [
            -72.0992024,
            11.5995517
          ],
          [
            -72.0991216,
            11.599509
          ],
          [
            -72.0990409,
            11.5994664
          ],
          [
            -72.0989601,
            11.5994237
          ],
          [
            -72.0988794,
            11.599381
          ],
          [
            -72.0987987,
            11.5993383
          ],
          [
            -72.0987179,
            11.5992956
          ],
          [
            -72.0986372,
            11.5992529
          ],
          [
            -72.0985564,
            11.5992103
          ],
          [
            -72.0984757,
            11.5991676
          ],
          [
            -72.098395,
            11.5991249
          ],
          [
            -72.0983142,
            11.5990822
          ],
          [
            -72.0982335,
            11.5990395
          ],
          [
            -72.0981527,
            11.5989969
          ],
          [
            -72.098072,
            11.5989542
          ],
          [
            -72.0979913,
            11.5989115
          ],
          [
            -72.0979105,
            11.5988688
          ],
          [
            -72.0978298,
            11.5988261
          ],
          [
            -72.097749,
            11.5987834
          ],
          [
            -72.0976683,
            11.5987408
          ],
          [
            -72.0975875,
            11.5986981
          ],
          [
            -72.0975068,
            11.5986554
          ],
          [
            -72.0974261,
            11.5986127
          ],
          [
            -72.0973453,
            11.59857
          ],
          [
            -72.0972646,
            11.5985273
          ],
          [
            -72.0971838,
            11.5984847
          ],
          [
            -72.0971031,
            11.598442
          ],
          [
            -72.0970224,
            11.5983993
          ],
          [
            -72.0969416,
            11.5983566
          ],
          [
            -72.0968609,
            11.5983139
          ],
          [
            -72.0967802,
            11.5982712
          ],
          [
            -72.0966994,
            11.5982286
          ],
          [
            -72.0966187,
            11.5981859
          ],
          [
            -72.0965379,
            11.5981432
          ],
          [
            -72.0964572,
            11.5981005
          ],
          [
            -72.0963764,
            11.5980578
          ],
          [
            -72.0962957,
            11.5980152
          ],
          [
            -72.096215,
            11.5979725
          ],
          [
            -72.0961342,
            11.5979298
          ],
          [
            -72.0960535,
            11.5978871
          ],
          [
            -72.0959727,
            11.5978444
          ],
          [
            -72.095892,
            11.5978017
          ],
          [
            -72.0958113,
            11.5977591
          ],
          [
            -72.0957305,
            11.5977164
          ],
          [
            -72.0956498,
            11.5976737
          ],
          [
            -72.095569,
            11.597631
          ],
          [
            -72.0954883,
            11.5975883
          ],
          [
            -72.0954076,
            11.5975456
          ],
          [
            -72.0953268,
            11.597503
          ],
          [
            -72.0952461,
            11.5974603
          ],
          [
            -72.0951653,
            11.5974176
          ],
          [
            -72.0950846,
            11.5973749
          ],
          [
            -72.0950039,
            11.5973322
          ],
          [
            -72.0949231,
            11.5972895
          ],
          [
            -72.0948424,
            11.5972469
          ],
          [
            -72.0947616,
            11.5972042
          ],
          [
            -72.0946809,
            11.5971615
          ],
          [
            -72.0946002,
            11.5971188
          ],
          [
            -72.0945194,
            11.5970761
          ],
          [
            -72.0944387,
            11.5970334
          ],
          [
            -72.094358,
            11.5969908
          ],
          [
            -72.0942772,
            11.5969481
          ],
          [
            -72.0941965,
            11.5969054
          ],
          [
            -72.0941157,
            11.5968627
          ],
          [
            -72.094035,
            11.59682
          ],
          [
            -72.0939543,
            11.5967773
          ],
          [
            -72.0938735,
            11.5967347
          ],
          [
            -72.0937928,
            11.596692
          ],
          [
            -72.093712,
            11.5966493
          ],
          [
            -72.0936313,
            11.5966066
          ],
          [
            -72.0935506,
            11.5965639
          ],
          [
            -72.0934698,
            11.5965212
          ],
          [
            -72.0933891,
            11.5964786
          ],
          [
            -72.0933083,
            11.5964359
          ],
          [
            -72.0932276,
            11.5963932
          ],
          [
            -72.0931469,
            11.5963505
          ],
          [
            -72.0930661,
            11.5963078
          ],
          [
            -72.0929854,
            11.5962651
          ],
          [
            -72.0929046,
            11.5962225
          ],
          [
            -72.0928239,
            11.5961798
          ],
          [
            -72.0927432,
            11.5961371
          ],
          [
            -72.0926624,
            11.5960944
          ],
          [
            -72.0925817,
            11.5960517
          ],
          [
            -72.0925009,
            11.596009
          ],
          [
            -72.0924202,
            11.5959664
          ],
          [
            -72.0923395,
            11.5959237
          ],
          [
            -72.0922587,
            11.595881
          ],
          [
            -72.092178,
            11.5958383
          ],
          [
            -72.0920973,
            11.5957956
          ],
          [
            -72.0920165,
            11.5957529
          ],
          [
            -72.0919358,
            11.5957103
          ],
          [
            -72.091855,
            11.5956676
          ],
          [
            -72.0917743,
            11.5956249
          ],
          [
            -72.0916936,
            11.5955822
          ],
          [
            -72.0916128,
            11.5955395
          ],
          [
            -72.0915321,
            11.5954968
          ],
          [
            -72.0914513,
            11.5954541
          ],
          [
            -72.0913706,
            11.5954115
          ],
          [
            -72.0912899,
            11.5953688
          ],
          [
            -72.0912091,
            11.5953261
          ],
          [
            -72.0911284,
            11.5952834
          ],
          [
            -72.0910477,
            11.5952407
          ],
          [
            -72.0909669,
            11.595198
          ],
          [
            -72.0908862,
            11.5951554
          ],
          [
            -72.0908054,
            11.5951127
          ],
          [
            -72.0907247,
            11.59507
          ],
          [
            -72.090644,
            11.5950273
          ],
          [
            -72.0905632,
            11.5949846
          ],
          [
            -72.0904825,
            11.5949419
          ],
          [
            -72.0904017,
            11.5948993
          ],
          [
            -72.090321,
            11.5948566
          ],
          [
            -72.0902403,
            11.5948139
          ],
          [
            -72.0901595,
            11.5947712
          ],
          [
            -72.0900788,
            11.5947285
          ],
          [
            -72.0899981,
            11.5946858
          ],
          [
            -72.0899173,
            11.5946432
          ],
          [
            -72.0898366,
            11.5946005
          ],
          [
            -72.0897558,
            11.5945578
          ],
          [
            -72.0896751,
            11.5945151
          ],
          [
            -72.0895944,
            11.5944724
          ],
          [
            -72.0895136,
            11.5944297
          ],
          [
            -72.0894331,
            11.5943867
          ],
          [
            -72.0893549,
            11.5943396
          ],
          [
            -72.0892802,
            11.5942874
          ],
          [
            -72.0892091,
            11.5942305
          ],
          [
            -72.0891391,
            11.5941722
          ],
          [
            -72.0890671,
            11.5941164
          ],
          [
            -72.0889931,
            11.5940631
          ],
          [
            -72.0889172,
            11.5940125
          ],
          [
            -72.0888396,
            11.5939646
          ],
          [
            -72.0887602,
            11.5939195
          ],
          [
            -72.0886793,
            11.5938772
          ],
          [
            -72.0885968,
            11.5938378
          ],
          [
            -72.0885131,
            11.5938013
          ],
          [
            -72.088428,
            11.5937677
          ],
          [
            -72.0883418,
            11.5937372
          ],
          [
            -72.0882545,
            11.5937097
          ],
          [
            -72.0881663,
            11.5936854
          ],
          [
            -72.0880781,
            11.5936611
          ],
          [
            -72.0879916,
            11.5936313
          ],
          [
            -72.0879074,
            11.5935958
          ],
          [
            -72.0878257,
            11.5935549
          ],
          [
            -72.0877456,
            11.593511
          ],
          [
            -72.0876656,
            11.5934671
          ],
          [
            -72.0875855,
            11.5934232
          ],
          [
            -72.0875055,
            11.5933793
          ],
          [
            -72.0874254,
            11.5933353
          ],
          [
            -72.0873454,
            11.5932914
          ],
          [
            -72.0872653,
            11.5932475
          ],
          [
            -72.0871853,
            11.5932036
          ],
          [
            -72.0871052,
            11.5931597
          ],
          [
            -72.0870252,
            11.5931157
          ],
          [
            -72.0869451,
            11.5930718
          ],
          [
            -72.0868651,
            11.5930279
          ],
          [
            -72.086785,
            11.592984
          ],
          [
            -72.086705,
            11.5929401
          ],
          [
            -72.0866249,
            11.5928961
          ],
          [
            -72.0865449,
            11.5928522
          ],
          [
            -72.0864648,
            11.5928083
          ],
          [
            -72.0863848,
            11.5927644
          ],
          [
            -72.0863047,
            11.5927204
          ],
          [
            -72.0862247,
            11.5926765
          ],
          [
            -72.0861446,
            11.5926326
          ],
          [
            -72.0860646,
            11.5925887
          ],
          [
            -72.0859845,
            11.5925448
          ],
          [
            -72.0859045,
            11.5925008
          ],
          [
            -72.0858244,
            11.5924569
          ],
          [
            -72.0857444,
            11.592413
          ],
          [
            -72.0856643,
            11.5923691
          ],
          [
            -72.0855843,
            11.5923251
          ],
          [
            -72.0855042,
            11.5922812
          ],
          [
            -72.0854242,
            11.5922373
          ],
          [
            -72.0853443,
            11.592193
          ],
          [
            -72.085267,
            11.5921446
          ],
          [
            -72.0851932,
            11.5920912
          ],
          [
            -72.0851231,
            11.592033
          ],
          [
            -72.0850554,
            11.5919722
          ],
          [
            -72.0849842,
            11.5919153
          ],
          [
            -72.0849094,
            11.5918632
          ],
          [
            -72.0848312,
            11.5918162
          ],
          [
            -72.0847507,
            11.5917731
          ],
          [
            -72.0846701,
            11.5917302
          ],
          [
            -72.0845894,
            11.5916874
          ],
          [
            -72.0845088,
            11.5916446
          ],
          [
            -72.0844281,
            11.5916017
          ],
          [
            -72.0843475,
            11.5915589
          ],
          [
            -72.0842668,
            11.591516
          ],
          [
            -72.0841861,
            11.5914732
          ],
          [
            -72.0841055,
            11.5914304
          ],
          [
            -72.0840248,
            11.5913875
          ],
          [
            -72.0839442,
            11.5913447
          ],
          [
            -72.0838635,
            11.5913018
          ],
          [
            -72.0837829,
            11.591259
          ],
          [
            -72.0837022,
            11.5912162
          ],
          [
            -72.0836216,
            11.5911733
          ],
          [
            -72.0835409,
            11.5911305
          ],
          [
            -72.0835005,
            11.5911092
          ],
          [
            -72.0834593,
            11.5910895
          ],
          [
            -72.083417,
            11.5910722
          ],
          [
            -72.0833738,
            11.5910571
          ],
          [
            -72.0833299,
            11.5910445
          ],
          [
            -72.0832852,
            11.5910343
          ],
          [
            -72.0832401,
            11.5910266
          ],
          [
            -72.0831946,
            11.5910212
          ],
          [
            -72.0831493,
            11.5910151
          ],
          [
            -72.0831043,
            11.5910066
          ],
          [
            -72.0830599,
            11.5909956
          ],
          [
            -72.0830162,
            11.5909821
          ],
          [
            -72.0829733,
            11.5909663
          ],
          [
            -72.0829313,
            11.5909482
          ],
          [
            -72.0828904,
            11.5909278
          ],
          [
            -72.0828508,
            11.5909052
          ],
          [
            -72.0827731,
            11.5908573
          ],
          [
            -72.0826954,
            11.5908095
          ],
          [
            -72.0826177,
            11.5907616
          ],
          [
            -72.08254,
            11.5907138
          ],
          [
            -72.0824623,
            11.5906659
          ],
          [
            -72.0823846,
            11.5906181
          ],
          [
            -72.0823069,
            11.5905702
          ],
          [
            -72.0822292,
            11.5905224
          ],
          [
            -72.0821515,
            11.5904745
          ],
          [
            -72.0820738,
            11.5904267
          ],
          [
            -72.0819958,
            11.5903793
          ],
          [
            -72.0819152,
            11.5903365
          ],
          [
            -72.0818318,
            11.590299
          ],
          [
            -72.0817462,
            11.5902671
          ],
          [
            -72.0816585,
            11.5902409
          ],
          [
            -72.0815699,
            11.5902181
          ],
          [
            -72.0814827,
            11.5901904
          ],
          [
            -72.0813976,
            11.5901571
          ],
          [
            -72.0813149,
            11.5901182
          ],
          [
            -72.0812338,
            11.5900762
          ],
          [
            -72.0811527,
            11.5900342
          ],
          [
            -72.0810715,
            11.5899923
          ],
          [
            -72.0809904,
            11.5899503
          ],
          [
            -72.0809093,
            11.5899083
          ],
          [
            -72.0808282,
            11.5898664
          ],
          [
            -72.080747,
            11.5898244
          ],
          [
            -72.0806659,
            11.5897824
          ],
          [
            -72.0805848,
            11.5897405
          ],
          [
            -72.0805037,
            11.5896985
          ],
          [
            -72.0804226,
            11.5896565
          ],
          [
            -72.0803414,
            11.5896146
          ],
          [
            -72.0802603,
            11.5895726
          ],
          [
            -72.0801792,
            11.5895306
          ],
          [
            -72.0800981,
            11.5894887
          ],
          [
            -72.080017,
            11.5894467
          ],
          [
            -72.0799358,
            11.5894047
          ],
          [
            -72.0798547,
            11.5893628
          ],
          [
            -72.0797736,
            11.5893208
          ],
          [
            -72.0796925,
            11.5892788
          ],
          [
            -72.0796114,
            11.5892369
          ],
          [
            -72.0795302,
            11.5891949
          ],
          [
            -72.0794491,
            11.5891529
          ],
          [
            -72.079368,
            11.5891109
          ],
          [
            -72.0792869,
            11.589069
          ],
          [
            -72.0792058,
            11.589027
          ],
          [
            -72.0791246,
            11.588985
          ],
          [
            -72.0790435,
            11.5889431
          ],
          [
            -72.0789624,
            11.5889011
          ],
          [
            -72.0788813,
            11.5888591
          ],
          [
            -72.0788002,
            11.5888172
          ],
          [
            -72.078719,
            11.5887752
          ],
          [
            -72.0786379,
            11.5887332
          ],
          [
            -72.0785568,
            11.5886913
          ],
          [
            -72.0784757,
            11.5886493
          ],
          [
            -72.0783946,
            11.5886073
          ],
          [
            -72.0783134,
            11.5885653
          ],
          [
            -72.0782323,
            11.5885234
          ],
          [
            -72.0781512,
            11.5884814
          ],
          [
            -72.0780701,
            11.5884394
          ],
          [
            -72.077989,
            11.5883975
          ],
          [
            -72.0779078,
            11.5883555
          ],
          [
            -72.0778267,
            11.5883135
          ],
          [
            -72.0777456,
            11.5882716
          ],
          [
            -72.0776645,
            11.5882296
          ],
          [
            -72.0775834,
            11.5881876
          ],
          [
            -72.0775022,
            11.5881457
          ],
          [
            -72.0774211,
            11.5881037
          ],
          [
            -72.07734,
            11.5880617
          ],
          [
            -72.0772589,
            11.5880198
          ],
          [
            -72.0771778,
            11.5879778
          ],
          [
            -72.0770966,
            11.5879358
          ],
          [
            -72.0770155,
            11.5878938
          ],
          [
            -72.0769344,
            11.5878519
          ],
          [
            -72.0768533,
            11.5878099
          ],
          [
            -72.0767722,
            11.5877679
          ],
          [
            -72.076691,
            11.587726
          ],
          [
            -72.0766099,
            11.587684
          ],
          [
            -72.0765288,
            11.587642
          ],
          [
            -72.0764477,
            11.5876001
          ],
          [
            -72.0763666,
            11.5875581
          ],
          [
            -72.0762854,
            11.5875161
          ],
          [
            -72.0762043,
            11.5874742
          ],
          [
            -72.0761232,
            11.5874322
          ],
          [
            -72.0760421,
            11.5873902
          ],
          [
            -72.075961,
            11.5873482
          ],
          [
            -72.0758799,
            11.5873063
          ],
          [
            -72.0757987,
            11.5872643
          ],
          [
            -72.0757176,
            11.5872223
          ],
          [
            -72.0756365,
            11.5871804
          ],
          [
            -72.0755554,
            11.5871384
          ],
          [
            -72.0754743,
            11.5870964
          ],
          [
            -72.0753931,
            11.5870545
          ],
          [
            -72.075312,
            11.5870125
          ],
          [
            -72.0752309,
            11.5869705
          ],
          [
            -72.0751498,
            11.5869285
          ],
          [
            -72.0750687,
            11.5868866
          ],
          [
            -72.0749875,
            11.5868446
          ],
          [
            -72.0749064,
            11.5868026
          ],
          [
            -72.0748253,
            11.5867607
          ],
          [
            -72.0747442,
            11.5867187
          ],
          [
            -72.0746631,
            11.5866767
          ],
          [
            -72.074582,
            11.5866348
          ],
          [
            -72.0745008,
            11.5865928
          ],
          [
            -72.0744197,
            11.5865508
          ],
          [
            -72.0743386,
            11.5865089
          ],
          [
            -72.0742575,
            11.5864669
          ],
          [
            -72.0741764,
            11.5864249
          ],
          [
            -72.0740952,
            11.5863829
          ],
          [
            -72.0740141,
            11.586341
          ],
          [
            -72.073933,
            11.586299
          ],
          [
            -72.0738519,
            11.586257
          ],
          [
            -72.0737708,
            11.5862151
          ],
          [
            -72.0736896,
            11.5861731
          ],
          [
            -72.0736085,
            11.5861311
          ],
          [
            -72.0735274,
            11.5860892
          ],
          [
            -72.0734463,
            11.5860472
          ],
          [
            -72.0733652,
            11.5860052
          ],
          [
            -72.0732841,
            11.5859632
          ],
          [
            -72.0732029,
            11.5859213
          ],
          [
            -72.0731218,
            11.5858793
          ],
          [
            -72.0730407,
            11.5858373
          ],
          [
            -72.0729596,
            11.5857954
          ],
          [
            -72.0728785,
            11.5857534
          ],
          [
            -72.0727973,
            11.5857114
          ],
          [
            -72.0727162,
            11.5856695
          ],
          [
            -72.0726351,
            11.5856275
          ],
          [
            -72.072554,
            11.5855855
          ],
          [
            -72.0724729,
            11.5855435
          ],
          [
            -72.0723918,
            11.5855016
          ],
          [
            -72.0723106,
            11.5854596
          ],
          [
            -72.0722295,
            11.5854176
          ],
          [
            -72.0721484,
            11.5853757
          ],
          [
            -72.0720673,
            11.5853337
          ],
          [
            -72.0719862,
            11.5852917
          ],
          [
            -72.0719051,
            11.5852498
          ],
          [
            -72.0718239,
            11.5852078
          ],
          [
            -72.0717428,
            11.5851658
          ],
          [
            -72.0716617,
            11.5851238
          ],
          [
            -72.0715806,
            11.5850819
          ],
          [
            -72.0714995,
            11.5850399
          ],
          [
            -72.0714184,
            11.5849979
          ],
          [
            -72.0713372,
            11.584956
          ],
          [
            -72.0712561,
            11.584914
          ],
          [
            -72.071175,
            11.584872
          ],
          [
            -72.0710939,
            11.58483
          ],
          [
            -72.0710128,
            11.5847881
          ],
          [
            -72.0709316,
            11.5847461
          ],
          [
            -72.0708505,
            11.5847041
          ],
          [
            -72.0707694,
            11.5846622
          ],
          [
            -72.0706883,
            11.5846202
          ],
          [
            -72.0706072,
            11.5845782
          ],
          [
            -72.0705261,
            11.5845363
          ],
          [
            -72.0704449,
            11.5844943
          ],
          [
            -72.0703638,
            11.5844523
          ],
          [
            -72.0702827,
            11.5844103
          ],
          [
            -72.0702016,
            11.5843684
          ],
          [
            -72.0701205,
            11.5843264
          ],
          [
            -72.0700394,
            11.5842844
          ],
          [
            -72.0699582,
            11.5842425
          ],
          [
            -72.0698771,
            11.5842005
          ],
          [
            -72.069796,
            11.5841585
          ],
          [
            -72.0697149,
            11.5841166
          ],
          [
            -72.0696338,
            11.5840746
          ],
          [
            -72.0695526,
            11.5840326
          ],
          [
            -72.0694715,
            11.5839906
          ],
          [
            -72.0693904,
            11.5839487
          ],
          [
            -72.0693093,
            11.5839067
          ],
          [
            -72.0692282,
            11.5838647
          ],
          [
            -72.0691471,
            11.5838228
          ],
          [
            -72.069066,
            11.5837808
          ],
          [
            -72.0689848,
            11.5837388
          ],
          [
            -72.0689037,
            11.5836968
          ],
          [
            -72.0688226,
            11.5836549
          ],
          [
            -72.0687415,
            11.5836129
          ],
          [
            -72.0686604,
            11.5835709
          ],
          [
            -72.0685793,
            11.583529
          ],
          [
            -72.0684981,
            11.583487
          ],
          [
            -72.068417,
            11.583445
          ],
          [
            -72.0683359,
            11.583403
          ],
          [
            -72.0682548,
            11.5833611
          ],
          [
            -72.0681737,
            11.5833191
          ],
          [
            -72.0680926,
            11.5832771
          ],
          [
            -72.0680114,
            11.5832352
          ],
          [
            -72.0679303,
            11.5831932
          ],
          [
            -72.0678492,
            11.5831512
          ],
          [
            -72.0677681,
            11.5831092
          ],
          [
            -72.067687,
            11.5830673
          ],
          [
            -72.0676059,
            11.5830253
          ],
          [
            -72.0675247,
            11.5829833
          ],
          [
            -72.0674436,
            11.5829414
          ],
          [
            -72.0673625,
            11.5828994
          ],
          [
            -72.0672814,
            11.5828574
          ],
          [
            -72.0672003,
            11.5828155
          ],
          [
            -72.0671192,
            11.5827735
          ],
          [
            -72.067038,
            11.5827315
          ],
          [
            -72.0669569,
            11.5826895
          ],
          [
            -72.0668758,
            11.5826476
          ],
          [
            -72.0667947,
            11.5826056
          ],
          [
            -72.0667136,
            11.5825636
          ],
          [
            -72.0666325,
            11.5825216
          ],
          [
            -72.0665513,
            11.5824797
          ],
          [
            -72.0664702,
            11.5824377
          ],
          [
            -72.0663891,
            11.5823957
          ],
          [
            -72.066308,
            11.5823538
          ],
          [
            -72.0662269,
            11.5823118
          ],
          [
            -72.0661458,
            11.5822698
          ],
          [
            -72.0660647,
            11.5822279
          ],
          [
            -72.0659835,
            11.5821859
          ],
          [
            -72.0659024,
            11.5821439
          ],
          [
            -72.0658213,
            11.5821019
          ],
          [
            -72.0657402,
            11.58206
          ],
          [
            -72.0656591,
            11.582018
          ],
          [
            -72.065578,
            11.581976
          ],
          [
            -72.0654968,
            11.581934
          ],
          [
            -72.0654157,
            11.5818921
          ],
          [
            -72.0653346,
            11.5818501
          ],
          [
            -72.0652535,
            11.5818081
          ],
          [
            -72.0651724,
            11.5817662
          ],
          [
            -72.0650913,
            11.5817242
          ],
          [
            -72.0650102,
            11.5816822
          ],
          [
            -72.064929,
            11.5816402
          ],
          [
            -72.0648479,
            11.5815983
          ],
          [
            -72.0647668,
            11.5815563
          ],
          [
            -72.0646857,
            11.5815143
          ],
          [
            -72.0646046,
            11.5814724
          ],
          [
            -72.0645235,
            11.5814304
          ],
          [
            -72.0644424,
            11.5813884
          ],
          [
            -72.0643612,
            11.5813464
          ],
          [
            -72.0642801,
            11.5813045
          ],
          [
            -72.064199,
            11.5812625
          ],
          [
            -72.0641179,
            11.5812205
          ],
          [
            -72.0640368,
            11.5811786
          ],
          [
            -72.0639557,
            11.5811366
          ],
          [
            -72.0638745,
            11.5810946
          ],
          [
            -72.0637934,
            11.5810526
          ],
          [
            -72.0637123,
            11.5810107
          ],
          [
            -72.0636312,
            11.5809687
          ],
          [
            -72.0635501,
            11.5809267
          ],
          [
            -72.063469,
            11.5808848
          ],
          [
            -72.0633879,
            11.5808428
          ],
          [
            -72.0633067,
            11.5808008
          ],
          [
            -72.0632256,
            11.5807588
          ],
          [
            -72.0631445,
            11.5807169
          ],
          [
            -72.0630634,
            11.5806749
          ],
          [
            -72.0629823,
            11.5806329
          ],
          [
            -72.0629012,
            11.5805909
          ],
          [
            -72.0628201,
            11.580549
          ],
          [
            -72.0627389,
            11.580507
          ],
          [
            -72.0626578,
            11.580465
          ],
          [
            -72.0625767,
            11.5804231
          ],
          [
            -72.0624956,
            11.5803811
          ],
          [
            -72.0624145,
            11.5803391
          ],
          [
            -72.0623334,
            11.5802971
          ],
          [
            -72.0622523,
            11.5802552
          ],
          [
            -72.0621711,
            11.5802132
          ],
          [
            -72.06209,
            11.5801712
          ],
          [
            -72.0620089,
            11.5801293
          ],
          [
            -72.0619278,
            11.5800873
          ],
          [
            -72.0618467,
            11.5800453
          ],
          [
            -72.0617782,
            11.5800099
          ],
          [
            -72.0617656,
            11.5800033
          ],
          [
            -72.0616844,
            11.5799614
          ],
          [
            -72.0616033,
            11.5799194
          ],
          [
            -72.0615222,
            11.5798774
          ],
          [
            -72.0614411,
            11.5798354
          ],
          [
            -72.06136,
            11.5797935
          ],
          [
            -72.0612789,
            11.5797515
          ],
          [
            -72.0611978,
            11.5797095
          ],
          [
            -72.0611167,
            11.5796676
          ],
          [
            -72.0610355,
            11.5796256
          ],
          [
            -72.0609544,
            11.5795836
          ],
          [
            -72.0608733,
            11.5795416
          ],
          [
            -72.0607922,
            11.5794997
          ],
          [
            -72.0607111,
            11.5794577
          ],
          [
            -72.06063,
            11.5794157
          ],
          [
            -72.0605489,
            11.5793738
          ],
          [
            -72.0604677,
            11.5793318
          ],
          [
            -72.0603866,
            11.5792898
          ],
          [
            -72.0603055,
            11.5792478
          ],
          [
            -72.0602244,
            11.5792059
          ],
          [
            -72.0601433,
            11.5791639
          ],
          [
            -72.0600622,
            11.5791219
          ],
          [
            -72.0599811,
            11.5790799
          ],
          [
            -72.0598999,
            11.579038
          ],
          [
            -72.0598188,
            11.578996
          ],
          [
            -72.0597377,
            11.578954
          ],
          [
            -72.0596566,
            11.578912
          ],
          [
            -72.0595755,
            11.5788701
          ],
          [
            -72.0594944,
            11.5788281
          ],
          [
            -72.0594133,
            11.5787861
          ],
          [
            -72.0593322,
            11.5787442
          ],
          [
            -72.059251,
            11.5787022
          ],
          [
            -72.0591699,
            11.5786602
          ],
          [
            -72.0590888,
            11.5786182
          ],
          [
            -72.0590077,
            11.5785763
          ],
          [
            -72.0589266,
            11.5785343
          ],
          [
            -72.0588455,
            11.5784923
          ],
          [
            -72.0587644,
            11.5784503
          ],
          [
            -72.0586832,
            11.5784084
          ],
          [
            -72.0586021,
            11.5783664
          ],
          [
            -72.058521,
            11.5783244
          ],
          [
            -72.0584399,
            11.5782825
          ],
          [
            -72.0583588,
            11.5782405
          ],
          [
            -72.0582777,
            11.5781985
          ],
          [
            -72.0581966,
            11.5781565
          ],
          [
            -72.0581155,
            11.5781146
          ],
          [
            -72.0580343,
            11.5780726
          ],
          [
            -72.0579532,
            11.5780306
          ],
          [
            -72.0578721,
            11.5779886
          ],
          [
            -72.057791,
            11.5779467
          ],
          [
            -72.0577099,
            11.5779047
          ],
          [
            -72.0576288,
            11.5778627
          ],
          [
            -72.0575477,
            11.5778207
          ],
          [
            -72.0574666,
            11.5777788
          ],
          [
            -72.0573854,
            11.5777368
          ],
          [
            -72.0573043,
            11.5776948
          ],
          [
            -72.0572232,
            11.5776529
          ],
          [
            -72.0571421,
            11.5776109
          ],
          [
            -72.057061,
            11.5775689
          ],
          [
            -72.0569799,
            11.5775269
          ],
          [
            -72.0568988,
            11.577485
          ],
          [
            -72.0568177,
            11.577443
          ],
          [
            -72.0567365,
            11.577401
          ],
          [
            -72.0566554,
            11.577359
          ],
          [
            -72.0565743,
            11.5773171
          ],
          [
            -72.0564932,
            11.5772751
          ],
          [
            -72.0564121,
            11.5772331
          ],
          [
            -72.056331,
            11.5771911
          ],
          [
            -72.0562499,
            11.5771492
          ],
          [
            -72.0561688,
            11.5771072
          ],
          [
            -72.0560876,
            11.5770652
          ],
          [
            -72.0560065,
            11.5770233
          ],
          [
            -72.0559254,
            11.5769813
          ],
          [
            -72.0558443,
            11.5769393
          ],
          [
            -72.0557929,
            11.5769127
          ],
          [
            -72.0557629,
            11.5768979
          ],
          [
            -72.0557094,
            11.5768825
          ],
          [
            -72.0542812,
            11.5761017
          ],
          [
            -72.0540989,
            11.576002
          ],
          [
            -72.0539783,
            11.5759553
          ],
          [
            -72.0539018,
            11.5759257
          ],
          [
            -72.0538957,
            11.5759233
          ],
          [
            -72.0532579,
            11.5756762
          ],
          [
            -72.0517175,
            11.574764
          ],
          [
            -72.048612,
            11.5732286
          ],
          [
            -72.0461802,
            11.571929
          ],
          [
            -72.0454258,
            11.5716393
          ],
          [
            -72.0448565,
            11.5713126
          ],
          [
            -72.0446656,
            11.5712005
          ],
          [
            -72.0444853,
            11.5710947
          ],
          [
            -72.0441761,
            11.5709862
          ],
          [
            -72.0438426,
            11.5709873
          ],
          [
            -72.0431136,
            11.5708924
          ],
          [
            -72.0426187,
            11.5706628
          ],
          [
            -72.0422475,
            11.5704692
          ],
          [
            -72.0413456,
            11.5703749
          ],
          [
            -72.0407771,
            11.5702672
          ],
          [
            -72.0401715,
            11.5701597
          ],
          [
            -72.0396651,
            11.5701857
          ],
          [
            -72.0391338,
            11.5701144
          ],
          [
            -72.03802,
            11.5694851
          ],
          [
            -72.0375238,
            11.5688538
          ],
          [
            -72.0365532,
            11.5680626
          ],
          [
            -72.0356739,
            11.5673595
          ],
          [
            -72.034894,
            11.5668387
          ],
          [
            -72.033855,
            11.5663796
          ],
          [
            -72.0332232,
            11.5658461
          ],
          [
            -72.0323099,
            11.5652534
          ]
        ]
      }
    }
  ]
}