{
  "type": "FeatureCollection",
  "features": [
    {
      "type": "Feature",
      "properties": {
        "Shape_Leng": 0.0,
        "Longitud": 456.799,
        "Aero": "WP44-WP45",
        "Grupo": 0
      },
      "geometry": {
        "type": "LineString",
        "coordinates": [
          [
            -72.0504562,
            11.5881822
          ],
          [
            -72.0515857,
            11.5842029
          ]
        ]
      }
    },
    {
      "type": "Feature",
      "properties": {
        "Shape_Leng": 0.0,
        "Longitud": 425.858,
        "Aero": "WP45-WP46",
        "Grupo": 0
      },
      "geometry": {
        "type": "LineString",
        "coordinates": [
          [
            -72.0515857,
            11.5842029
          ],
          [
            -72.05163,
            11.5840468
          ],
          [
            -72.0521198,
            11.5823209
          ],
          [
            -72.0521282,
            11.5822903
          ],
          [
            -72.052136,
            11.5822597
          ],
          [
            -72.0521434,
            11.5822288
          ],
          [
            -72.0521501,
            11.5821979
          ],
          [
            -72.0524031,
            11.5809847
          ],
          [
            -72.0524104,
            11.5809513
          ],
          [
            -72.0524184,
            11.5809179
          ],
          [
            -72.052427,
            11.5808847
          ],
          [
            -72.0524362,
            11.5808517
          ],
          [
            -72.0524461,
            11.5808189
          ],
          [
            -72.0525536,
            11.5804731
          ]
        ]
      }
    },
    {
      "type": "Feature",
      "properties": {
        "Shape_Leng": 0.0,
        "Longitud": 366.296,
        "Aero": "A-WP46",
        "Grupo": 0
      },
      "geometry": {
        "type": "LineString",
        "coordinates": [
          [
            -72.0525536,
            11.5804731
          ],
          [
            -72.053539,
            11.5773052
          ]
        ]
      }
    },
    {
      "type": "Feature",
      "properties": {
        "Shape_Leng": 0.0,
        "Longitud": 112.1,
        "Aero": "A-WP4",
        "Grupo": 0
      },
      "geometry": {
        "type": "LineString",
        "coordinates": [
          [
            -72.0525557,
            11.5770077
          ],
          [
            -72.053539,
            11.5773052
          ]
        ]
      }
    },
    {
      "type": "Feature",
      "properties": {
        "Shape_Leng": 0.0,
        "Longitud": 166.235,
        "Aero": "WP47",
        "Grupo": 0
      },
      "geometry": {
        "type": "LineString",
        "coordinates": [
          [
            -72.053539,
            11.5773052
          ],
          [
            -72.0538152,
            11.576417
          ],
          [
            -72.0538256,
            11.5763825
          ],
          [
            -72.0538352,
            11.5763479
          ],
          [
            -72.0538441,
            11.5763131
          ],
          [
            -72.0538524,
            11.5762781
          ],
          [
            -72.0538599,
            11.5762429
          ],
          [
            -72.0538667,
            11.5762077
          ],
          [
            -72.0538728,
            11.5761722
          ],
          [
            -72.0538782,
            11.5761367
          ],
          [
            -72.0538829,
            11.5761011
          ],
          [
            -72.0538868,
            11.5760654
          ],
          [
            -72.0538901,
            11.5760296
          ],
          [
            -72.0538926,
            11.5759938
          ],
          [
            -72.0538943,
            11.5759579
          ],
          [
            -72.0538954,
            11.575922
          ],
          [
            -72.0538957,
            11.5758861
          ],
          [
            -72.0538954,
            11.5758501
          ]
        ]
      }
    },
    {
      "type": "Feature",
      "properties": {
        "Shape_Leng": 0.0,
        "Longitud": 314.135,
        "Aero": "A-WP48",
        "Grupo": 0
      },
      "geometry": {
        "type": "LineString",
        "coordinates": [
          [
            -72.0538954,
            11.5758501
          ],
          [
            -72.0538942,
            11.5758142
          ],
          [
            -72.0538924,
            11.5757784
          ],
          [
            -72.0538899,
            11.5757425
          ],
          [
            -72.0538866,
            11.5757068
          ],
          [
            -72.0538826,
            11.5756711
          ],
          [
            -72.0538778,
            11.5756354
          ],
          [
            -72.0538724,
            11.5755999
          ],
          [
            -72.0538663,
            11.5755645
          ],
          [
            -72.0538594,
            11.5755292
          ],
          [
            -72.0538518,
            11.5754941
          ],
          [
            -72.0538435,
            11.5754591
          ],
          [
            -72.0538345,
            11.5754243
          ],
          [
            -72.0538248,
            11.5753897
          ],
          [
            -72.0538145,
            11.5753553
          ],
          [
            -72.0531158,
            11.5731202
          ]
        ]
      }
    },
    {
      "type": "Feature",
      "properties": {
        "Shape_Leng": 0.0,
        "Longitud": 389.983,
        "Aero": "WP48-WP49",
        "Grupo": 0
      },
      "geometry": {
        "type": "LineString",
        "coordinates": [
          [
            -72.0531158,
            11.5731202
          ],
          [
            -72.0520619,
            11.5697489
          ]
        ]
      }
    },
    {
      "type": "Feature",
      "properties": {
        "Shape_Leng": 0.0,
        "Longitud": 506.611,
        "Aero": "WP49-WP50",
        "Grupo": 0
      },
      "geometry": {
        "type": "LineString",
        "coordinates": [
          [
            -72.0520619,
            11.5697489
          ],
          [
            -72.0519536,
            11.5694024
          ],
          [
            -72.0518662,
            11.5691634
          ],
          [
            -72.0517565,
            11.5689335
          ],
          [
            -72.0516255,
            11.5687148
          ],
          [
            -72.0514743,
            11.5685091
          ],
          [
            -72.0513042,
            11.5683183
          ],
          [
            -72.0492259,
            11.5661962
          ]
        ]
      }
    },
    {
      "type": "Feature",
      "properties": {
        "Shape_Leng": 0.0,
        "Longitud": 829.359,
        "Aero": "WP50-WP52",
        "Grupo": 0
      },
      "geometry": {
        "type": "LineString",
        "coordinates": [
          [
            -72.0492259,
            11.5661962
          ],
          [
            -72.0487178,
            11.5656774
          ],
          [
            -72.0484731,
            11.5654067
          ],
          [
            -72.0482513,
            11.5651175
          ],
          [
            -72.0480537,
            11.5648116
          ],
          [
            -72.0474169,
            11.5637325
          ],
          [
            -72.0472307,
            11.5634428
          ],
          [
            -72.0470227,
            11.5631678
          ],
          [
            -72.0446288,
            11.5602426
          ]
        ]
      }
    },
    {
      "type": "Feature",
      "properties": {
        "Shape_Leng": 0.0,
        "Longitud": 586.442,
        "Aero": "WP52-WP53",
        "Grupo": 0
      },
      "geometry": {
        "type": "LineString",
        "coordinates": [
          [
            -72.0446288,
            11.5602426
          ],
          [
            -72.042037,
            11.5570753
          ],
          [
            -72.0419774,
            11.5570093
          ],
          [
            -72.0419114,
            11.5569493
          ],
          [
            -72.0418399,
            11.556896
          ],
          [
            -72.0417634,
            11.5568499
          ],
          [
            -72.0416827,
            11.5568113
          ],
          [
            -72.0415985,
            11.5567807
          ],
          [
            -72.0415118,
            11.5567584
          ],
          [
            -72.0414232,
            11.5567446
          ],
          [
            -72.0413337,
            11.5567393
          ],
          [
            -72.0408882,
            11.5567348
          ]
        ]
      }
    },
    {
      "type": "Feature",
      "properties": {
        "Shape_Leng": 0.0,
        "Longitud": 1033.91,
        "Aero": "WP53-A",
        "Grupo": 0
      },
      "geometry": {
        "type": "LineString",
        "coordinates": [
          [
            -72.0408882,
            11.5567348
          ],
          [
            -72.0392718,
            11.5567183
          ],
          [
            -72.0391865,
            11.5567213
          ],
          [
            -72.0391018,
            11.5567322
          ],
          [
            -72.0390186,
            11.5567508
          ],
          [
            -72.0389374,
            11.5567769
          ],
          [
            -72.0388591,
            11.5568104
          ],
          [
            -72.0387843,
            11.5568509
          ],
          [
            -72.0387136,
            11.5568981
          ],
          [
            -72.0386478,
            11.5569516
          ],
          [
            -72.0385872,
            11.557011
          ],
          [
            -72.0337882,
            11.562171
          ]
        ]
      }
    },
    {
      "type": "Feature",
      "properties": {
        "Shape_Leng": 0.0,
        "Longitud": 1313.45,
        "Aero": "AWP53-WP15",
        "Grupo": 0
      },
      "geometry": {
        "type": "LineString",
        "coordinates": [
          [
            -72.0337882,
            11.562171
          ],
          [
            -72.0337848,
            11.5621679
          ],
          [
            -72.0337814,
            11.5621648
          ],
          [
            -72.0337781,
            11.5621618
          ],
          [
            -72.0337747,
            11.5621587
          ],
          [
            -72.0337713,
            11.5621557
          ],
          [
            -72.0337679,
            11.5621526
          ],
          [
            -72.0337646,
            11.5621496
          ],
          [
            -72.0337612,
            11.5621465
          ],
          [
            -72.0337578,
            11.5621435
          ],
          [
            -72.0337544,
            11.5621404
          ],
          [
            -72.0337511,
            11.5621374
          ],
          [
            -72.0337477,
            11.5621343
          ],
          [
            -72.0337443,
            11.5621313
          ],
          [
            -72.0337409,
            11.5621282
          ],
          [
            -72.0337376,
            11.5621252
          ],
          [
            -72.0337342,
            11.5621221
          ],
          [
            -72.0337308,
            11.5621191
          ],
          [
            -72.0337274,
            11.562116
          ],
          [
            -72.0337241,
            11.562113
          ],
          [
            -72.0337207,
            11.5621099
          ],
          [
            -72.0337173,
            11.5621069
          ],
          [
            -72.0337139,
            11.5621038
          ],
          [
            -72.0337106,
            11.5621008
          ],
          [
            -72.0337072,
            11.5620977
          ],
          [
            -72.0337038,
            11.5620946
          ],
          [
            -72.0337004,
            11.5620916
          ],
          [
            -72.0336971,
            11.5620885
          ],
          [
            -72.0336937,
            11.5620855
          ],
          [
            -72.0336903,
            11.5620824
          ],
          [
            -72.0336869,
            11.5620794
          ],
          [
            -72.0336836,
            11.5620763
          ],
          [
            -72.0336802,
            11.5620733
          ],
          [
            -72.0336768,
            11.5620702
          ],
          [
            -72.0336734,
            11.5620672
          ],
          [
            -72.0336701,
            11.5620641
          ],
          [
            -72.0336667,
            11.5620611
          ],
          [
            -72.0336633,
            11.562058
          ],
          [
            -72.0336599,
            11.562055
          ],
          [
            -72.0336566,
            11.5620519
          ],
          [
            -72.0336532,
            11.5620489
          ],
          [
            -72.0336498,
            11.5620458
          ],
          [
            -72.0336464,
            11.5620428
          ],
          [
            -72.033643,
            11.5620397
          ],
          [
            -72.0336397,
            11.5620367
          ],
          [
            -72.0336363,
            11.5620336
          ],
          [
            -72.0336329,
            11.5620305
          ],
          [
            -72.0336296,
            11.5620275
          ],
          [
            -72.0336262,
            11.5620244
          ],
          [
            -72.0336228,
            11.5620214
          ],
          [
            -72.0336194,
            11.5620183
          ],
          [
            -72.0336161,
            11.5620153
          ],
          [
            -72.0336127,
            11.5620122
          ],
          [
            -72.0336093,
            11.5620092
          ],
          [
            -72.0336059,
            11.5620061
          ],
          [
            -72.0336025,
            11.5620031
          ],
          [
            -72.0335992,
            11.562
          ],
          [
            -72.0335958,
            11.561997
          ],
          [
            -72.0335924,
            11.5619939
          ],
          [
            -72.033589,
            11.5619909
          ],
          [
            -72.0335857,
            11.5619878
          ],
          [
            -72.0335823,
            11.5619848
          ],
          [
            -72.0335789,
            11.5619817
          ],
          [
            -72.0335755,
            11.5619787
          ],
          [
            -72.0335722,
            11.5619756
          ],
          [
            -72.0335688,
            11.5619726
          ],
          [
            -72.0335654,
            11.5619695
          ],
          [
            -72.033562,
            11.5619665
          ],
          [
            -72.0335587,
            11.5619634
          ],
          [
            -72.0335553,
            11.5619603
          ],
          [
            -72.0335519,
            11.5619573
          ],
          [
            -72.0335485,
            11.5619542
          ],
          [
            -72.0335452,
            11.5619512
          ],
          [
            -72.0335418,
            11.5619481
          ],
          [
            -72.0335384,
            11.5619451
          ],
          [
            -72.033535,
            11.561942
          ],
          [
            -72.0335317,
            11.561939
          ],
          [
            -72.0335283,
            11.5619359
          ],
          [
            -72.0335249,
            11.5619329
          ],
          [
            -72.0335215,
            11.5619298
          ],
          [
            -72.0335182,
            11.5619268
          ],
          [
            -72.0335148,
            11.5619237
          ],
          [
            -72.0335114,
            11.5619207
          ],
          [
            -72.033508,
            11.5619176
          ],
          [
            -72.0335047,
            11.5619146
          ],
          [
            -72.0335013,
            11.5619115
          ],
          [
            -72.0334979,
            11.5619085
          ],
          [
            -72.0334945,
            11.5619054
          ],
          [
            -72.0334912,
            11.5619024
          ],
          [
            -72.0334878,
            11.5618993
          ],
          [
            -72.0334844,
            11.5618963
          ],
          [
            -72.033481,
            11.5618932
          ],
          [
            -72.0334777,
            11.5618901
          ],
          [
            -72.0334743,
            11.5618871
          ],
          [
            -72.0334709,
            11.561884
          ],
          [
            -72.0334675,
            11.561881
          ],
          [
            -72.0334642,
            11.5618779
          ],
          [
            -72.0334608,
            11.5618749
          ],
          [
            -72.0334574,
            11.5618718
          ],
          [
            -72.033454,
            11.5618688
          ],
          [
            -72.0334507,
            11.5618657
          ],
          [
            -72.0334473,
            11.5618627
          ],
          [
            -72.0334439,
            11.5618596
          ],
          [
            -72.0334405,
            11.5618566
          ],
          [
            -72.0334372,
            11.5618535
          ],
          [
            -72.0334338,
            11.5618505
          ],
          [
            -72.0334304,
            11.5618474
          ],
          [
            -72.033427,
            11.5618444
          ],
          [
            -72.0334237,
            11.5618413
          ],
          [
            -72.0334203,
            11.5618383
          ],
          [
            -72.0334169,
            11.5618352
          ],
          [
            -72.0334135,
            11.5618321
          ],
          [
            -72.0334102,
            11.5618291
          ],
          [
            -72.0334068,
            11.561826
          ],
          [
            -72.0334034,
            11.561823
          ],
          [
            -72.0334,
            11.5618199
          ],
          [
            -72.0333966,
            11.5618169
          ],
          [
            -72.0333933,
            11.5618138
          ],
          [
            -72.0333899,
            11.5618108
          ],
          [
            -72.0333865,
            11.5618077
          ],
          [
            -72.0333831,
            11.5618047
          ],
          [
            -72.0333798,
            11.5618016
          ],
          [
            -72.0333764,
            11.5617986
          ],
          [
            -72.033373,
            11.5617955
          ],
          [
            -72.0333696,
            11.5617925
          ],
          [
            -72.0333663,
            11.5617894
          ],
          [
            -72.0333629,
            11.5617864
          ],
          [
            -72.0333595,
            11.5617833
          ],
          [
            -72.0333561,
            11.5617803
          ],
          [
            -72.0333528,
            11.5617772
          ],
          [
            -72.0333494,
            11.5617742
          ],
          [
            -72.033346,
            11.5617711
          ],
          [
            -72.0333426,
            11.561768
          ],
          [
            -72.0333393,
            11.561765
          ],
          [
            -72.0333359,
            11.5617619
          ],
          [
            -72.0333325,
            11.5617589
          ],
          [
            -72.0333291,
            11.5617558
          ],
          [
            -72.0333258,
            11.5617528
          ],
          [
            -72.0333224,
            11.5617497
          ],
          [
            -72.033319,
            11.5617467
          ],
          [
            -72.0333156,
            11.5617436
          ],
          [
            -72.0333123,
            11.5617406
          ],
          [
            -72.0333089,
            11.5617375
          ],
          [
            -72.0333055,
            11.5617345
          ],
          [
            -72.0333021,
            11.5617314
          ],
          [
            -72.0332988,
            11.5617284
          ],
          [
            -72.0332954,
            11.5617253
          ],
          [
            -72.033292,
            11.5617223
          ],
          [
            -72.0332886,
            11.5617192
          ],
          [
            -72.0332853,
            11.5617162
          ],
          [
            -72.0332819,
            11.5617131
          ],
          [
            -72.0332785,
            11.5617101
          ],
          [
            -72.0332751,
            11.561707
          ],
          [
            -72.0332718,
            11.561704
          ],
          [
            -72.0332684,
            11.5617009
          ],
          [
            -72.033265,
            11.5616978
          ],
          [
            -72.0332616,
            11.5616948
          ],
          [
            -72.0332583,
            11.5616917
          ],
          [
            -72.0332549,
            11.5616887
          ],
          [
            -72.0332515,
            11.5616856
          ],
          [
            -72.0332481,
            11.5616826
          ],
          [
            -72.0332448,
            11.5616795
          ],
          [
            -72.0332414,
            11.5616765
          ],
          [
            -72.033238,
            11.5616734
          ],
          [
            -72.0332346,
            11.5616704
          ],
          [
            -72.0332312,
            11.5616673
          ],
          [
            -72.0332279,
            11.5616643
          ],
          [
            -72.0332245,
            11.5616612
          ],
          [
            -72.0332211,
            11.5616582
          ],
          [
            -72.0332177,
            11.5616551
          ],
          [
            -72.0332144,
            11.5616521
          ],
          [
            -72.033211,
            11.561649
          ],
          [
            -72.0332076,
            11.561646
          ],
          [
            -72.0332043,
            11.5616429
          ],
          [
            -72.0332009,
            11.5616399
          ],
          [
            -72.0331975,
            11.5616368
          ],
          [
            -72.0331941,
            11.5616338
          ],
          [
            -72.0331908,
            11.5616307
          ],
          [
            -72.0331874,
            11.5616276
          ],
          [
            -72.033184,
            11.5616246
          ],
          [
            -72.0331806,
            11.5616215
          ],
          [
            -72.0331773,
            11.5616185
          ],
          [
            -72.0331739,
            11.5616154
          ],
          [
            -72.0331705,
            11.5616124
          ],
          [
            -72.0331671,
            11.5616093
          ],
          [
            -72.0331637,
            11.5616063
          ],
          [
            -72.0331604,
            11.5616032
          ],
          [
            -72.033157,
            11.5616002
          ],
          [
            -72.0331536,
            11.5615971
          ],
          [
            -72.0331502,
            11.5615941
          ],
          [
            -72.0331469,
            11.561591
          ],
          [
            -72.0331435,
            11.561588
          ],
          [
            -72.0331401,
            11.5615849
          ],
          [
            -72.0331367,
            11.5615819
          ],
          [
            -72.0331334,
            11.5615788
          ],
          [
            -72.03313,
            11.5615758
          ],
          [
            -72.0331266,
            11.5615727
          ],
          [
            -72.0331232,
            11.5615697
          ],
          [
            -72.0331199,
            11.5615666
          ],
          [
            -72.0331165,
            11.5615635
          ],
          [
            -72.0331131,
            11.5615605
          ],
          [
            -72.0331097,
            11.5615574
          ],
          [
            -72.0331064,
            11.5615544
          ],
          [
            -72.033103,
            11.5615513
          ],
          [
            -72.0330996,
            11.5615483
          ],
          [
            -72.0330962,
            11.5615452
          ],
          [
            -72.0330929,
            11.5615422
          ],
          [
            -72.0330895,
            11.5615391
          ],
          [
            -72.0330861,
            11.5615361
          ],
          [
            -72.0330827,
            11.561533
          ],
          [
            -72.0330794,
            11.56153
          ],
          [
            -72.033076,
            11.5615269
          ],
          [
            -72.0330726,
            11.5615239
          ],
          [
            -72.0330692,
            11.5615208
          ],
          [
            -72.0330659,
            11.5615178
          ],
          [
            -72.0330625,
            11.5615147
          ],
          [
            -72.0330591,
            11.5615117
          ],
          [
            -72.0330557,
            11.5615086
          ],
          [
            -72.0330524,
            11.5615056
          ],
          [
            -72.033049,
            11.5615025
          ],
          [
            -72.0330456,
            11.5614995
          ],
          [
            -72.0330422,
            11.5614964
          ],
          [
            -72.0330389,
            11.5614933
          ],
          [
            -72.0330355,
            11.5614903
          ],
          [
            -72.0330321,
            11.5614872
          ],
          [
            -72.0330287,
            11.5614842
          ],
          [
            -72.0330254,
            11.5614811
          ],
          [
            -72.033022,
            11.5614781
          ],
          [
            -72.0330186,
            11.561475
          ],
          [
            -72.0330152,
            11.561472
          ],
          [
            -72.0330119,
            11.5614689
          ],
          [
            -72.0330085,
            11.5614659
          ],
          [
            -72.0330051,
            11.5614628
          ],
          [
            -72.0330017,
            11.5614598
          ],
          [
            -72.0329984,
            11.5614567
          ],
          [
            -72.032995,
            11.5614537
          ],
          [
            -72.0329916,
            11.5614506
          ],
          [
            -72.0329882,
            11.5614476
          ],
          [
            -72.0329849,
            11.5614445
          ],
          [
            -72.0329815,
            11.5614415
          ],
          [
            -72.0329781,
            11.5614384
          ],
          [
            -72.0329747,
            11.5614354
          ],
          [
            -72.0329713,
            11.5614323
          ],
          [
            -72.032968,
            11.5614292
          ],
          [
            -72.0329646,
            11.5614262
          ],
          [
            -72.0329612,
            11.5614231
          ],
          [
            -72.0329578,
            11.5614201
          ],
          [
            -72.0329545,
            11.561417
          ],
          [
            -72.0329511,
            11.561414
          ],
          [
            -72.0329477,
            11.5614109
          ],
          [
            -72.0329443,
            11.5614079
          ],
          [
            -72.032941,
            11.5614048
          ],
          [
            -72.0329376,
            11.5614018
          ],
          [
            -72.0329342,
            11.5613987
          ],
          [
            -72.0329308,
            11.5613957
          ],
          [
            -72.0329275,
            11.5613926
          ],
          [
            -72.0329241,
            11.5613896
          ],
          [
            -72.0329207,
            11.5613865
          ],
          [
            -72.0329173,
            11.5613835
          ],
          [
            -72.032914,
            11.5613804
          ],
          [
            -72.0329106,
            11.5613774
          ],
          [
            -72.0329072,
            11.5613743
          ],
          [
            -72.0329038,
            11.5613713
          ],
          [
            -72.0329005,
            11.5613682
          ],
          [
            -72.0328971,
            11.5613651
          ],
          [
            -72.0328937,
            11.5613621
          ],
          [
            -72.0328903,
            11.561359
          ],
          [
            -72.032887,
            11.561356
          ],
          [
            -72.0328836,
            11.5613529
          ],
          [
            -72.0328802,
            11.5613499
          ],
          [
            -72.0328768,
            11.5613468
          ],
          [
            -72.0328735,
            11.5613438
          ],
          [
            -72.0328701,
            11.5613407
          ],
          [
            -72.0328667,
            11.5613377
          ],
          [
            -72.0328633,
            11.5613346
          ],
          [
            -72.03286,
            11.5613316
          ],
          [
            -72.0328566,
            11.5613285
          ],
          [
            -72.0328532,
            11.5613255
          ],
          [
            -72.0328498,
            11.5613224
          ],
          [
            -72.0328465,
            11.5613194
          ],
          [
            -72.0328431,
            11.5613163
          ],
          [
            -72.0328397,
            11.5613133
          ],
          [
            -72.0328363,
            11.5613102
          ],
          [
            -72.032833,
            11.5613072
          ],
          [
            -72.0328296,
            11.5613041
          ],
          [
            -72.0328262,
            11.561301
          ],
          [
            -72.0328228,
            11.561298
          ],
          [
            -72.0328195,
            11.5612949
          ],
          [
            -72.0328161,
            11.5612919
          ],
          [
            -72.0328127,
            11.5612888
          ],
          [
            -72.0328093,
            11.5612858
          ],
          [
            -72.032806,
            11.5612827
          ],
          [
            -72.0328026,
            11.5612797
          ],
          [
            -72.0327992,
            11.5612766
          ],
          [
            -72.0327958,
            11.5612736
          ],
          [
            -72.0327925,
            11.5612705
          ],
          [
            -72.0327891,
            11.5612675
          ],
          [
            -72.0327857,
            11.5612644
          ],
          [
            -72.0327823,
            11.5612614
          ],
          [
            -72.032779,
            11.5612583
          ],
          [
            -72.0327756,
            11.5612553
          ],
          [
            -72.0327722,
            11.5612522
          ],
          [
            -72.0327688,
            11.5612492
          ],
          [
            -72.0327655,
            11.5612461
          ],
          [
            -72.0327621,
            11.5612431
          ],
          [
            -72.0327587,
            11.56124
          ],
          [
            -72.0327553,
            11.5612369
          ],
          [
            -72.032752,
            11.5612339
          ],
          [
            -72.0327486,
            11.5612308
          ],
          [
            -72.0327452,
            11.5612278
          ],
          [
            -72.0327418,
            11.5612247
          ],
          [
            -72.0327385,
            11.5612217
          ],
          [
            -72.0327351,
            11.5612186
          ],
          [
            -72.0327317,
            11.5612156
          ],
          [
            -72.0327283,
            11.5612125
          ],
          [
            -72.0327249,
            11.5612095
          ],
          [
            -72.0327216,
            11.5612064
          ],
          [
            -72.0327182,
            11.5612034
          ],
          [
            -72.0327148,
            11.5612003
          ],
          [
            -72.0327114,
            11.5611973
          ],
          [
            -72.0327081,
            11.5611942
          ],
          [
            -72.0327047,
            11.5611912
          ],
          [
            -72.0327013,
            11.5611881
          ],
          [
            -72.0326979,
            11.5611851
          ],
          [
            -72.0326946,
            11.561182
          ],
          [
            -72.0326912,
            11.561179
          ],
          [
            -72.0326878,
            11.5611759
          ],
          [
            -72.0326844,
            11.5611729
          ],
          [
            -72.0326811,
            11.5611698
          ],
          [
            -72.0326777,
            11.5611667
          ],
          [
            -72.0326743,
            11.5611637
          ],
          [
            -72.0326709,
            11.5611606
          ],
          [
            -72.0326676,
            11.5611576
          ],
          [
            -72.0326642,
            11.5611545
          ],
          [
            -72.0326608,
            11.5611515
          ],
          [
            -72.0326574,
            11.5611484
          ],
          [
            -72.0326541,
            11.5611454
          ],
          [
            -72.0326507,
            11.5611423
          ],
          [
            -72.0326473,
            11.5611393
          ],
          [
            -72.0326439,
            11.5611362
          ],
          [
            -72.0326406,
            11.5611332
          ],
          [
            -72.0326372,
            11.5611301
          ],
          [
            -72.0326338,
            11.5611271
          ],
          [
            -72.0326304,
            11.561124
          ],
          [
            -72.0326271,
            11.561121
          ],
          [
            -72.0326237,
            11.5611179
          ],
          [
            -72.0326203,
            11.5611149
          ],
          [
            -72.0326169,
            11.5611118
          ],
          [
            -72.0326136,
            11.5611088
          ],
          [
            -72.0326102,
            11.5611057
          ],
          [
            -72.0326068,
            11.5611027
          ],
          [
            -72.0326034,
            11.5610996
          ],
          [
            -72.0326001,
            11.5610965
          ],
          [
            -72.0325967,
            11.5610935
          ],
          [
            -72.0325933,
            11.5610904
          ],
          [
            -72.0325899,
            11.5610874
          ],
          [
            -72.0325866,
            11.5610843
          ],
          [
            -72.0325832,
            11.5610813
          ],
          [
            -72.0325798,
            11.5610782
          ],
          [
            -72.0325764,
            11.5610752
          ],
          [
            -72.0325731,
            11.5610721
          ],
          [
            -72.0325697,
            11.5610691
          ],
          [
            -72.0325663,
            11.561066
          ],
          [
            -72.0325629,
            11.561063
          ],
          [
            -72.0325596,
            11.5610599
          ],
          [
            -72.0325562,
            11.5610569
          ],
          [
            -72.0325528,
            11.5610538
          ],
          [
            -72.0325494,
            11.5610508
          ],
          [
            -72.0325461,
            11.5610477
          ],
          [
            -72.0325427,
            11.5610447
          ],
          [
            -72.0325393,
            11.5610416
          ],
          [
            -72.0325359,
            11.5610386
          ],
          [
            -72.0325325,
            11.5610355
          ],
          [
            -72.0325292,
            11.5610325
          ],
          [
            -72.0325258,
            11.5610294
          ],
          [
            -72.0325224,
            11.5610263
          ],
          [
            -72.032519,
            11.5610233
          ],
          [
            -72.0325157,
            11.5610202
          ],
          [
            -72.0325123,
            11.5610172
          ],
          [
            -72.0325089,
            11.5610141
          ],
          [
            -72.0325055,
            11.5610111
          ],
          [
            -72.0325022,
            11.561008
          ],
          [
            -72.0324988,
            11.561005
          ],
          [
            -72.0324954,
            11.5610019
          ],
          [
            -72.032492,
            11.5609989
          ],
          [
            -72.0324887,
            11.5609958
          ],
          [
            -72.0324853,
            11.5609928
          ],
          [
            -72.0324819,
            11.5609897
          ],
          [
            -72.0324785,
            11.5609867
          ],
          [
            -72.0324752,
            11.5609836
          ],
          [
            -72.0324718,
            11.5609806
          ],
          [
            -72.0324684,
            11.5609775
          ],
          [
            -72.032465,
            11.5609745
          ],
          [
            -72.0324617,
            11.5609714
          ],
          [
            -72.0324583,
            11.5609684
          ],
          [
            -72.0324549,
            11.5609653
          ],
          [
            -72.0324515,
            11.5609622
          ],
          [
            -72.0324482,
            11.5609592
          ],
          [
            -72.0324448,
            11.5609561
          ],
          [
            -72.0324414,
            11.5609531
          ],
          [
            -72.032438,
            11.56095
          ],
          [
            -72.0324347,
            11.560947
          ],
          [
            -72.0324313,
            11.5609439
          ],
          [
            -72.0324279,
            11.5609409
          ],
          [
            -72.0324245,
            11.5609378
          ],
          [
            -72.0324212,
            11.5609348
          ],
          [
            -72.0324178,
            11.5609317
          ],
          [
            -72.0324144,
            11.5609287
          ],
          [
            -72.032411,
            11.5609256
          ],
          [
            -72.0324077,
            11.5609226
          ],
          [
            -72.0324043,
            11.5609195
          ],
          [
            -72.0324009,
            11.5609165
          ],
          [
            -72.0323975,
            11.5609134
          ],
          [
            -72.0323942,
            11.5609104
          ],
          [
            -72.0323908,
            11.5609073
          ],
          [
            -72.0323874,
            11.5609042
          ],
          [
            -72.032384,
            11.5609012
          ],
          [
            -72.0323807,
            11.5608981
          ],
          [
            -72.0323773,
            11.5608951
          ],
          [
            -72.0323739,
            11.560892
          ],
          [
            -72.0323705,
            11.560889
          ],
          [
            -72.0323672,
            11.5608859
          ],
          [
            -72.0323638,
            11.5608829
          ],
          [
            -72.0323611,
            11.5608804
          ],
          [
            -72.0323604,
            11.5608798
          ],
          [
            -72.032357,
            11.5608768
          ],
          [
            -72.0323536,
            11.5608738
          ],
          [
            -72.0323502,
            11.5608708
          ],
          [
            -72.0323468,
            11.5608678
          ],
          [
            -72.0323433,
            11.5608648
          ],
          [
            -72.0323399,
            11.5608618
          ],
          [
            -72.0323364,
            11.5608589
          ],
          [
            -72.0323329,
            11.560856
          ],
          [
            -72.0323294,
            11.5608531
          ],
          [
            -72.0323259,
            11.5608502
          ],
          [
            -72.0323223,
            11.5608473
          ],
          [
            -72.0323188,
            11.5608445
          ],
          [
            -72.0323152,
            11.5608416
          ],
          [
            -72.0323116,
            11.5608388
          ],
          [
            -72.032308,
            11.560836
          ],
          [
            -72.0323044,
            11.5608332
          ],
          [
            -72.0323008,
            11.5608305
          ],
          [
            -72.0322972,
            11.5608277
          ],
          [
            -72.0322935,
            11.560825
          ],
          [
            -72.0322899,
            11.5608223
          ],
          [
            -72.0322862,
            11.5608196
          ],
          [
            -72.0322825,
            11.5608169
          ],
          [
            -72.0322788,
            11.5608143
          ],
          [
            -72.0322751,
            11.5608116
          ],
          [
            -72.0322713,
            11.560809
          ],
          [
            -72.0322676,
            11.5608064
          ],
          [
            -72.0322638,
            11.5608038
          ],
          [
            -72.0322601,
            11.5608013
          ],
          [
            -72.0322563,
            11.5607987
          ],
          [
            -72.0322525,
            11.5607962
          ],
          [
            -72.0322487,
            11.5607937
          ],
          [
            -72.0322449,
            11.5607912
          ],
          [
            -72.032241,
            11.5607887
          ],
          [
            -72.0322372,
            11.5607863
          ],
          [
            -72.0322333,
            11.5607838
          ],
          [
            -72.0322294,
            11.5607814
          ],
          [
            -72.0322256,
            11.560779
          ],
          [
            -72.0322217,
            11.5607767
          ],
          [
            -72.0322178,
            11.5607743
          ],
          [
            -72.0322138,
            11.560772
          ],
          [
            -72.0322099,
            11.5607696
          ],
          [
            -72.032206,
            11.5607673
          ],
          [
            -72.032202,
            11.5607651
          ],
          [
            -72.0321981,
            11.5607628
          ],
          [
            -72.0321941,
            11.5607606
          ],
          [
            -72.0321901,
            11.5607583
          ],
          [
            -72.0321861,
            11.5607562
          ],
          [
            -72.0321821,
            11.560754
          ],
          [
            -72.0321781,
            11.5607518
          ],
          [
            -72.032174,
            11.5607497
          ],
          [
            -72.03217,
            11.5607476
          ],
          [
            -72.0321659,
            11.5607455
          ],
          [
            -72.0321619,
            11.5607434
          ],
          [
            -72.0321578,
            11.5607413
          ],
          [
            -72.0321537,
            11.5607393
          ],
          [
            -72.0321496,
            11.5607372
          ],
          [
            -72.0321455,
            11.5607353
          ],
          [
            -72.0321414,
            11.5607333
          ],
          [
            -72.0321372,
            11.5607313
          ],
          [
            -72.0321331,
            11.5607294
          ],
          [
            -72.032129,
            11.5607275
          ],
          [
            -72.0321248,
            11.5607256
          ],
          [
            -72.0321206,
            11.5607237
          ],
          [
            -72.0321165,
            11.5607218
          ],
          [
            -72.0321123,
            11.56072
          ],
          [
            -72.0321081,
            11.5607182
          ],
          [
            -72.0321039,
            11.5607164
          ],
          [
            -72.0320997,
            11.5607146
          ],
          [
            -72.0320955,
            11.5607128
          ],
          [
            -72.0320912,
            11.5607111
          ],
          [
            -72.032087,
            11.5607094
          ],
          [
            -72.0320827,
            11.5607077
          ],
          [
            -72.0320785,
            11.560706
          ],
          [
            -72.0320742,
            11.5607044
          ],
          [
            -72.0320699,
            11.5607028
          ],
          [
            -72.0320657,
            11.5607012
          ],
          [
            -72.0320614,
            11.5606996
          ],
          [
            -72.0320571,
            11.560698
          ],
          [
            -72.0320528,
            11.5606965
          ],
          [
            -72.0320485,
            11.560695
          ],
          [
            -72.0320446,
            11.5606936
          ],
          [
            -72.0320441,
            11.5606935
          ],
          [
            -72.0320398,
            11.560692
          ],
          [
            -72.0320355,
            11.5606905
          ],
          [
            -72.0320312,
            11.560689
          ],
          [
            -72.0320269,
            11.5606875
          ],
          [
            -72.0320225,
            11.560686
          ],
          [
            -72.0320182,
            11.5606845
          ],
          [
            -72.0320139,
            11.560683
          ],
          [
            -72.0320096,
            11.5606815
          ],
          [
            -72.0320052,
            11.56068
          ],
          [
            -72.0320009,
            11.5606785
          ],
          [
            -72.0319966,
            11.560677
          ],
          [
            -72.0319923,
            11.5606755
          ],
          [
            -72.031988,
            11.5606741
          ],
          [
            -72.0319836,
            11.5606726
          ],
          [
            -72.0319793,
            11.5606711
          ],
          [
            -72.031975,
            11.5606696
          ],
          [
            -72.0319707,
            11.5606681
          ],
          [
            -72.0319663,
            11.5606666
          ],
          [
            -72.031962,
            11.5606651
          ],
          [
            -72.0319577,
            11.5606636
          ],
          [
            -72.0319534,
            11.5606621
          ],
          [
            -72.0319491,
            11.5606606
          ],
          [
            -72.0319447,
            11.5606591
          ],
          [
            -72.0319404,
            11.5606576
          ],
          [
            -72.0319361,
            11.5606561
          ],
          [
            -72.0319318,
            11.5606547
          ],
          [
            -72.0319274,
            11.5606532
          ],
          [
            -72.0319231,
            11.5606517
          ],
          [
            -72.0319188,
            11.5606502
          ],
          [
            -72.0319145,
            11.5606487
          ],
          [
            -72.0319101,
            11.5606472
          ],
          [
            -72.0319058,
            11.5606457
          ],
          [
            -72.0319015,
            11.5606442
          ],
          [
            -72.0318972,
            11.5606427
          ],
          [
            -72.0318929,
            11.5606412
          ],
          [
            -72.0318885,
            11.5606397
          ],
          [
            -72.0318842,
            11.5606382
          ],
          [
            -72.0318799,
            11.5606367
          ],
          [
            -72.0318756,
            11.5606353
          ],
          [
            -72.0318712,
            11.5606338
          ],
          [
            -72.0318669,
            11.5606323
          ],
          [
            -72.0318626,
            11.5606308
          ],
          [
            -72.0318583,
            11.5606293
          ],
          [
            -72.031854,
            11.5606278
          ],
          [
            -72.0318496,
            11.5606263
          ],
          [
            -72.0318453,
            11.5606248
          ],
          [
            -72.031841,
            11.5606233
          ],
          [
            -72.0318367,
            11.5606218
          ],
          [
            -72.0318323,
            11.5606203
          ],
          [
            -72.031828,
            11.5606188
          ],
          [
            -72.0318237,
            11.5606173
          ],
          [
            -72.0318194,
            11.5606159
          ],
          [
            -72.0318151,
            11.5606144
          ],
          [
            -72.0318107,
            11.5606129
          ],
          [
            -72.0318064,
            11.5606114
          ],
          [
            -72.0318021,
            11.5606099
          ],
          [
            -72.0317978,
            11.5606084
          ],
          [
            -72.0317934,
            11.5606069
          ],
          [
            -72.0317891,
            11.5606054
          ],
          [
            -72.0317848,
            11.5606039
          ],
          [
            -72.0317805,
            11.5606024
          ],
          [
            -72.0317762,
            11.5606009
          ],
          [
            -72.0317718,
            11.5605994
          ],
          [
            -72.0317675,
            11.5605979
          ],
          [
            -72.0317632,
            11.5605965
          ],
          [
            -72.0317589,
            11.560595
          ],
          [
            -72.0317545,
            11.5605935
          ],
          [
            -72.0317502,
            11.560592
          ],
          [
            -72.0317459,
            11.5605905
          ],
          [
            -72.0317416,
            11.560589
          ],
          [
            -72.0317372,
            11.5605875
          ],
          [
            -72.0317329,
            11.560586
          ],
          [
            -72.0317286,
            11.5605845
          ],
          [
            -72.0317243,
            11.560583
          ],
          [
            -72.03172,
            11.5605815
          ],
          [
            -72.0317156,
            11.56058
          ],
          [
            -72.0317113,
            11.5605785
          ],
          [
            -72.031707,
            11.5605771
          ],
          [
            -72.0317027,
            11.5605756
          ],
          [
            -72.0316983,
            11.5605741
          ],
          [
            -72.031694,
            11.5605726
          ],
          [
            -72.0316897,
            11.5605711
          ],
          [
            -72.0316854,
            11.5605696
          ],
          [
            -72.031681,
            11.5605681
          ],
          [
            -72.0316767,
            11.5605666
          ],
          [
            -72.0316724,
            11.5605651
          ],
          [
            -72.0316681,
            11.5605636
          ],
          [
            -72.0316638,
            11.5605621
          ],
          [
            -72.0316594,
            11.5605606
          ],
          [
            -72.0316551,
            11.5605591
          ],
          [
            -72.0316508,
            11.5605577
          ],
          [
            -72.0316465,
            11.5605562
          ],
          [
            -72.0316421,
            11.5605547
          ],
          [
            -72.0316378,
            11.5605532
          ],
          [
            -72.0316335,
            11.5605517
          ],
          [
            -72.0316292,
            11.5605502
          ],
          [
            -72.0316249,
            11.5605487
          ],
          [
            -72.0316205,
            11.5605472
          ],
          [
            -72.0316162,
            11.5605457
          ],
          [
            -72.0316119,
            11.5605442
          ],
          [
            -72.0316076,
            11.5605427
          ],
          [
            -72.0316032,
            11.5605412
          ],
          [
            -72.0315989,
            11.5605397
          ],
          [
            -72.0315946,
            11.5605383
          ],
          [
            -72.0315903,
            11.5605368
          ],
          [
            -72.031586,
            11.5605353
          ],
          [
            -72.0315816,
            11.5605338
          ],
          [
            -72.0315773,
            11.5605323
          ],
          [
            -72.031573,
            11.5605308
          ],
          [
            -72.0315687,
            11.5605293
          ],
          [
            -72.0315643,
            11.5605278
          ],
          [
            -72.03156,
            11.5605263
          ],
          [
            -72.0315557,
            11.5605248
          ],
          [
            -72.0315514,
            11.5605233
          ],
          [
            -72.0315471,
            11.5605218
          ],
          [
            -72.0315427,
            11.5605203
          ],
          [
            -72.0315384,
            11.5605189
          ],
          [
            -72.0315341,
            11.5605174
          ],
          [
            -72.0315298,
            11.5605159
          ],
          [
            -72.0315254,
            11.5605144
          ],
          [
            -72.0315211,
            11.5605129
          ],
          [
            -72.0315168,
            11.5605114
          ],
          [
            -72.0315125,
            11.5605099
          ],
          [
            -72.0315081,
            11.5605084
          ],
          [
            -72.0315038,
            11.5605069
          ],
          [
            -72.0314995,
            11.5605054
          ],
          [
            -72.0314952,
            11.5605039
          ],
          [
            -72.0314909,
            11.5605024
          ],
          [
            -72.0314865,
            11.5605009
          ],
          [
            -72.0314822,
            11.5604995
          ],
          [
            -72.0314779,
            11.560498
          ],
          [
            -72.0314736,
            11.5604965
          ],
          [
            -72.0314692,
            11.560495
          ],
          [
            -72.0314649,
            11.5604935
          ],
          [
            -72.0314606,
            11.560492
          ],
          [
            -72.0314563,
            11.5604905
          ],
          [
            -72.031452,
            11.560489
          ],
          [
            -72.0314476,
            11.5604875
          ],
          [
            -72.0314433,
            11.560486
          ],
          [
            -72.031439,
            11.5604845
          ],
          [
            -72.0314347,
            11.560483
          ],
          [
            -72.0314303,
            11.5604815
          ],
          [
            -72.031426,
            11.5604801
          ],
          [
            -72.0314217,
            11.5604786
          ],
          [
            -72.0314174,
            11.5604771
          ],
          [
            -72.0314131,
            11.5604756
          ],
          [
            -72.0314087,
            11.5604741
          ],
          [
            -72.0314044,
            11.5604726
          ],
          [
            -72.0314001,
            11.5604711
          ],
          [
            -72.0313958,
            11.5604696
          ],
          [
            -72.0313914,
            11.5604681
          ],
          [
            -72.0313871,
            11.5604666
          ],
          [
            -72.0313828,
            11.5604651
          ],
          [
            -72.0313785,
            11.5604636
          ],
          [
            -72.0313741,
            11.5604622
          ],
          [
            -72.0313698,
            11.5604607
          ],
          [
            -72.0313655,
            11.5604592
          ],
          [
            -72.0313612,
            11.5604577
          ],
          [
            -72.0313569,
            11.5604562
          ],
          [
            -72.0313525,
            11.5604547
          ],
          [
            -72.0313482,
            11.5604532
          ],
          [
            -72.0313439,
            11.5604517
          ],
          [
            -72.0313396,
            11.5604502
          ],
          [
            -72.0313352,
            11.5604487
          ],
          [
            -72.0313309,
            11.5604472
          ],
          [
            -72.0313266,
            11.5604457
          ],
          [
            -72.0313223,
            11.5604442
          ],
          [
            -72.0313179,
            11.5604427
          ],
          [
            -72.0313136,
            11.5604413
          ],
          [
            -72.0313093,
            11.5604398
          ],
          [
            -72.031305,
            11.5604383
          ],
          [
            -72.0313007,
            11.5604368
          ],
          [
            -72.0312963,
            11.5604353
          ],
          [
            -72.031292,
            11.5604338
          ],
          [
            -72.0312877,
            11.5604323
          ],
          [
            -72.0312834,
            11.5604308
          ],
          [
            -72.0312791,
            11.5604293
          ],
          [
            -72.0312747,
            11.5604278
          ],
          [
            -72.0312704,
            11.5604263
          ],
          [
            -72.0312661,
            11.5604248
          ],
          [
            -72.0312618,
            11.5604234
          ],
          [
            -72.0312574,
            11.5604219
          ],
          [
            -72.0312531,
            11.5604204
          ],
          [
            -72.0312488,
            11.5604189
          ],
          [
            -72.0312445,
            11.5604174
          ],
          [
            -72.0312402,
            11.5604159
          ],
          [
            -72.0312358,
            11.5604144
          ],
          [
            -72.0312315,
            11.5604129
          ],
          [
            -72.0312272,
            11.5604114
          ],
          [
            -72.0312229,
            11.5604099
          ],
          [
            -72.0312185,
            11.5604084
          ],
          [
            -72.0312142,
            11.5604069
          ],
          [
            -72.0312099,
            11.5604054
          ],
          [
            -72.0312056,
            11.560404
          ],
          [
            -72.0312012,
            11.5604025
          ],
          [
            -72.0311969,
            11.560401
          ],
          [
            -72.0311926,
            11.5603995
          ],
          [
            -72.0311883,
            11.560398
          ],
          [
            -72.031184,
            11.5603965
          ],
          [
            -72.0311796,
            11.560395
          ],
          [
            -72.0311753,
            11.5603935
          ],
          [
            -72.031171,
            11.560392
          ],
          [
            -72.0311667,
            11.5603905
          ],
          [
            -72.0311623,
            11.560389
          ],
          [
            -72.031158,
            11.5603875
          ],
          [
            -72.0311537,
            11.560386
          ],
          [
            -72.0311494,
            11.5603846
          ],
          [
            -72.031145,
            11.5603831
          ],
          [
            -72.0311407,
            11.5603816
          ],
          [
            -72.0311364,
            11.5603801
          ],
          [
            -72.0311321,
            11.5603786
          ],
          [
            -72.0311278,
            11.5603771
          ],
          [
            -72.0311234,
            11.5603756
          ],
          [
            -72.0311191,
            11.5603741
          ],
          [
            -72.0311148,
            11.5603726
          ],
          [
            -72.0311105,
            11.5603711
          ],
          [
            -72.0311061,
            11.5603696
          ],
          [
            -72.0311018,
            11.5603681
          ],
          [
            -72.0310975,
            11.5603666
          ],
          [
            -72.0310932,
            11.5603652
          ],
          [
            -72.0310889,
            11.5603637
          ],
          [
            -72.0310845,
            11.5603622
          ],
          [
            -72.0310802,
            11.5603607
          ],
          [
            -72.0310759,
            11.5603592
          ],
          [
            -72.0310716,
            11.5603577
          ],
          [
            -72.0310672,
            11.5603562
          ],
          [
            -72.0310629,
            11.5603547
          ],
          [
            -72.0310586,
            11.5603532
          ],
          [
            -72.0310543,
            11.5603517
          ],
          [
            -72.03105,
            11.5603502
          ],
          [
            -72.0310456,
            11.5603487
          ],
          [
            -72.0310413,
            11.5603472
          ],
          [
            -72.031037,
            11.5603458
          ],
          [
            -72.0310327,
            11.5603443
          ],
          [
            -72.0310283,
            11.5603428
          ],
          [
            -72.031024,
            11.5603413
          ],
          [
            -72.0310197,
            11.5603398
          ],
          [
            -72.0310154,
            11.5603383
          ],
          [
            -72.0310111,
            11.5603368
          ],
          [
            -72.0310067,
            11.5603353
          ],
          [
            -72.0310024,
            11.5603338
          ],
          [
            -72.0309981,
            11.5603323
          ],
          [
            -72.0309938,
            11.5603308
          ],
          [
            -72.0309894,
            11.5603293
          ],
          [
            -72.0309851,
            11.5603278
          ],
          [
            -72.0309808,
            11.5603264
          ],
          [
            -72.0309765,
            11.5603249
          ],
          [
            -72.0309721,
            11.5603234
          ],
          [
            -72.0309678,
            11.5603219
          ],
          [
            -72.0309635,
            11.5603204
          ],
          [
            -72.0309592,
            11.5603189
          ],
          [
            -72.0309549,
            11.5603174
          ],
          [
            -72.0309505,
            11.5603159
          ],
          [
            -72.0309462,
            11.5603144
          ],
          [
            -72.0309419,
            11.5603129
          ],
          [
            -72.0309376,
            11.5603114
          ],
          [
            -72.0309332,
            11.5603099
          ],
          [
            -72.0309289,
            11.5603084
          ],
          [
            -72.0309246,
            11.560307
          ],
          [
            -72.0309203,
            11.5603055
          ],
          [
            -72.030916,
            11.560304
          ],
          [
            -72.0309116,
            11.5603025
          ],
          [
            -72.0309073,
            11.560301
          ],
          [
            -72.030903,
            11.5602995
          ],
          [
            -72.0308987,
            11.560298
          ],
          [
            -72.0308943,
            11.5602965
          ],
          [
            -72.03089,
            11.560295
          ],
          [
            -72.0308857,
            11.5602935
          ],
          [
            -72.0308814,
            11.560292
          ],
          [
            -72.0308771,
            11.5602905
          ],
          [
            -72.0308727,
            11.560289
          ],
          [
            -72.0308684,
            11.5602876
          ],
          [
            -72.0308641,
            11.5602861
          ],
          [
            -72.0308598,
            11.5602846
          ],
          [
            -72.0308554,
            11.5602831
          ],
          [
            -72.0308511,
            11.5602816
          ],
          [
            -72.0308468,
            11.5602801
          ],
          [
            -72.0308425,
            11.5602786
          ],
          [
            -72.0308381,
            11.5602771
          ],
          [
            -72.0308338,
            11.5602756
          ],
          [
            -72.0308295,
            11.5602741
          ],
          [
            -72.0308252,
            11.5602726
          ],
          [
            -72.0308209,
            11.5602711
          ],
          [
            -72.0308165,
            11.5602696
          ],
          [
            -72.0308122,
            11.5602682
          ],
          [
            -72.0308079,
            11.5602667
          ],
          [
            -72.0308036,
            11.5602652
          ],
          [
            -72.0307992,
            11.5602637
          ],
          [
            -72.0307949,
            11.5602622
          ],
          [
            -72.0307906,
            11.5602607
          ],
          [
            -72.0307863,
            11.5602592
          ],
          [
            -72.0307819,
            11.5602577
          ],
          [
            -72.0307776,
            11.5602562
          ],
          [
            -72.0307733,
            11.5602547
          ],
          [
            -72.030769,
            11.5602532
          ],
          [
            -72.0307647,
            11.5602517
          ],
          [
            -72.0307603,
            11.5602502
          ],
          [
            -72.030756,
            11.5602488
          ],
          [
            -72.0307517,
            11.5602473
          ],
          [
            -72.0307474,
            11.5602458
          ],
          [
            -72.030743,
            11.5602443
          ],
          [
            -72.0307387,
            11.5602428
          ],
          [
            -72.0307344,
            11.5602413
          ],
          [
            -72.0307301,
            11.5602398
          ],
          [
            -72.0307258,
            11.5602383
          ],
          [
            -72.0307214,
            11.5602368
          ],
          [
            -72.0307171,
            11.5602353
          ],
          [
            -72.0307128,
            11.5602338
          ],
          [
            -72.0307085,
            11.5602323
          ],
          [
            -72.0307042,
            11.5602308
          ],
          [
            -72.0306998,
            11.5602294
          ],
          [
            -72.0306955,
            11.5602279
          ],
          [
            -72.0306912,
            11.5602264
          ],
          [
            -72.0306869,
            11.5602249
          ],
          [
            -72.0306825,
            11.5602234
          ],
          [
            -72.0306782,
            11.5602219
          ],
          [
            -72.0306739,
            11.5602204
          ],
          [
            -72.0306696,
            11.5602189
          ],
          [
            -72.0306652,
            11.5602174
          ],
          [
            -72.0306609,
            11.5602159
          ],
          [
            -72.0306566,
            11.5602144
          ],
          [
            -72.0306523,
            11.5602129
          ],
          [
            -72.030648,
            11.5602114
          ],
          [
            -72.0306436,
            11.56021
          ],
          [
            -72.0306393,
            11.5602085
          ],
          [
            -72.030635,
            11.560207
          ],
          [
            -72.0306307,
            11.5602055
          ],
          [
            -72.0306263,
            11.560204
          ],
          [
            -72.030622,
            11.5602025
          ],
          [
            -72.0306177,
            11.560201
          ],
          [
            -72.0306134,
            11.5601995
          ],
          [
            -72.030609,
            11.560198
          ],
          [
            -72.0306047,
            11.5601965
          ],
          [
            -72.0306004,
            11.560195
          ],
          [
            -72.0305961,
            11.5601935
          ],
          [
            -72.0305918,
            11.560192
          ],
          [
            -72.0305874,
            11.5601906
          ],
          [
            -72.0305831,
            11.5601891
          ],
          [
            -72.0305788,
            11.5601876
          ],
          [
            -72.0305745,
            11.5601861
          ],
          [
            -72.0305702,
            11.5601846
          ],
          [
            -72.0305658,
            11.5601831
          ],
          [
            -72.0305615,
            11.5601816
          ],
          [
            -72.0305572,
            11.5601801
          ],
          [
            -72.0305529,
            11.5601786
          ],
          [
            -72.0305485,
            11.5601771
          ],
          [
            -72.0305442,
            11.5601756
          ],
          [
            -72.0305399,
            11.5601741
          ],
          [
            -72.0305356,
            11.5601726
          ],
          [
            -72.0305312,
            11.5601712
          ],
          [
            -72.0305269,
            11.5601697
          ],
          [
            -72.0305226,
            11.5601682
          ],
          [
            -72.0305183,
            11.5601667
          ],
          [
            -72.030514,
            11.5601652
          ],
          [
            -72.0305096,
            11.5601637
          ],
          [
            -72.0305053,
            11.5601622
          ],
          [
            -72.030501,
            11.5601607
          ],
          [
            -72.0304967,
            11.5601592
          ],
          [
            -72.0304923,
            11.5601577
          ],
          [
            -72.030488,
            11.5601562
          ],
          [
            -72.0304837,
            11.5601547
          ],
          [
            -72.0304794,
            11.5601532
          ],
          [
            -72.0304751,
            11.5601518
          ],
          [
            -72.0304707,
            11.5601503
          ],
          [
            -72.0304664,
            11.5601488
          ],
          [
            -72.0304621,
            11.5601473
          ],
          [
            -72.0304578,
            11.5601458
          ],
          [
            -72.0304534,
            11.5601443
          ],
          [
            -72.0304491,
            11.5601428
          ],
          [
            -72.0304448,
            11.5601413
          ],
          [
            -72.0304405,
            11.5601398
          ],
          [
            -72.0304361,
            11.5601383
          ],
          [
            -72.0304318,
            11.5601368
          ],
          [
            -72.0304275,
            11.5601353
          ],
          [
            -72.0304232,
            11.5601338
          ],
          [
            -72.0304189,
            11.5601324
          ],
          [
            -72.0304145,
            11.5601309
          ],
          [
            -72.0304102,
            11.5601294
          ],
          [
            -72.0304059,
            11.5601279
          ],
          [
            -72.0304016,
            11.5601264
          ],
          [
            -72.0303972,
            11.5601249
          ],
          [
            -72.0303929,
            11.5601234
          ],
          [
            -72.0303886,
            11.5601219
          ],
          [
            -72.0303843,
            11.5601204
          ],
          [
            -72.03038,
            11.5601189
          ],
          [
            -72.0303756,
            11.5601174
          ],
          [
            -72.0303713,
            11.5601159
          ],
          [
            -72.030367,
            11.5601144
          ],
          [
            -72.0303627,
            11.560113
          ],
          [
            -72.0303583,
            11.5601115
          ],
          [
            -72.030354,
            11.56011
          ],
          [
            -72.0303497,
            11.5601085
          ],
          [
            -72.0303454,
            11.560107
          ],
          [
            -72.0303411,
            11.5601055
          ],
          [
            -72.0303367,
            11.560104
          ],
          [
            -72.0303324,
            11.5601025
          ],
          [
            -72.0303281,
            11.560101
          ],
          [
            -72.0303238,
            11.5600995
          ],
          [
            -72.0303194,
            11.560098
          ],
          [
            -72.0303151,
            11.5600965
          ],
          [
            -72.0303108,
            11.560095
          ],
          [
            -72.0303065,
            11.5600936
          ],
          [
            -72.0303021,
            11.5600921
          ],
          [
            -72.0302978,
            11.5600906
          ],
          [
            -72.0302935,
            11.5600891
          ],
          [
            -72.0302892,
            11.5600876
          ],
          [
            -72.0302849,
            11.5600861
          ],
          [
            -72.0302805,
            11.5600846
          ],
          [
            -72.0302762,
            11.5600831
          ],
          [
            -72.0302719,
            11.5600816
          ],
          [
            -72.0302676,
            11.5600801
          ],
          [
            -72.0302632,
            11.5600786
          ],
          [
            -72.0302589,
            11.5600771
          ],
          [
            -72.0302546,
            11.5600756
          ],
          [
            -72.0302503,
            11.5600742
          ],
          [
            -72.030246,
            11.5600727
          ],
          [
            -72.0302416,
            11.5600712
          ],
          [
            -72.0302373,
            11.5600697
          ],
          [
            -72.030233,
            11.5600682
          ],
          [
            -72.0302287,
            11.5600667
          ],
          [
            -72.0302243,
            11.5600652
          ],
          [
            -72.03022,
            11.5600637
          ],
          [
            -72.0302157,
            11.5600622
          ],
          [
            -72.0302114,
            11.5600607
          ],
          [
            -72.0302071,
            11.5600592
          ],
          [
            -72.0302027,
            11.5600577
          ],
          [
            -72.0301984,
            11.5600562
          ],
          [
            -72.0301941,
            11.5600548
          ],
          [
            -72.0301898,
            11.5600533
          ],
          [
            -72.0301854,
            11.5600518
          ],
          [
            -72.0301811,
            11.5600503
          ],
          [
            -72.0301768,
            11.5600488
          ],
          [
            -72.0301725,
            11.5600473
          ],
          [
            -72.0301682,
            11.5600458
          ],
          [
            -72.0301638,
            11.5600443
          ],
          [
            -72.0301595,
            11.5600428
          ],
          [
            -72.0301552,
            11.5600413
          ],
          [
            -72.0301509,
            11.5600398
          ],
          [
            -72.0301465,
            11.5600383
          ],
          [
            -72.0301422,
            11.5600368
          ],
          [
            -72.0301379,
            11.5600354
          ],
          [
            -72.0301336,
            11.5600339
          ],
          [
            -72.0301292,
            11.5600324
          ],
          [
            -72.0301249,
            11.5600309
          ],
          [
            -72.0301206,
            11.5600294
          ],
          [
            -72.0301163,
            11.5600279
          ],
          [
            -72.030112,
            11.5600264
          ],
          [
            -72.0301076,
            11.5600249
          ],
          [
            -72.0301033,
            11.5600234
          ],
          [
            -72.030099,
            11.5600219
          ],
          [
            -72.0300947,
            11.5600204
          ],
          [
            -72.0300903,
            11.5600189
          ],
          [
            -72.030086,
            11.5600174
          ],
          [
            -72.0300817,
            11.560016
          ],
          [
            -72.0300774,
            11.5600145
          ],
          [
            -72.030073,
            11.560013
          ],
          [
            -72.0300687,
            11.5600115
          ],
          [
            -72.0300644,
            11.56001
          ],
          [
            -72.0300601,
            11.5600085
          ],
          [
            -72.0300558,
            11.560007
          ],
          [
            -72.0300514,
            11.5600055
          ],
          [
            -72.0300471,
            11.560004
          ],
          [
            -72.0300428,
            11.5600025
          ],
          [
            -72.0300385,
            11.560001
          ],
          [
            -72.0300342,
            11.5599995
          ],
          [
            -72.0300298,
            11.559998
          ],
          [
            -72.0300255,
            11.5599966
          ],
          [
            -72.0300212,
            11.5599951
          ],
          [
            -72.0300169,
            11.5599936
          ],
          [
            -72.0300125,
            11.5599921
          ],
          [
            -72.0300082,
            11.5599906
          ],
          [
            -72.0300039,
            11.5599891
          ],
          [
            -72.0299996,
            11.5599876
          ],
          [
            -72.0299952,
            11.5599861
          ],
          [
            -72.0299909,
            11.5599846
          ],
          [
            -72.0299866,
            11.5599831
          ],
          [
            -72.0299823,
            11.5599816
          ],
          [
            -72.029978,
            11.5599801
          ],
          [
            -72.0299736,
            11.5599786
          ],
          [
            -72.0299693,
            11.5599772
          ],
          [
            -72.029965,
            11.5599757
          ],
          [
            -72.0299607,
            11.5599742
          ],
          [
            -72.0299563,
            11.5599727
          ],
          [
            -72.029952,
            11.5599712
          ],
          [
            -72.0299477,
            11.5599697
          ],
          [
            -72.0299434,
            11.5599682
          ],
          [
            -72.0299391,
            11.5599667
          ],
          [
            -72.0299347,
            11.5599652
          ],
          [
            -72.0299304,
            11.5599637
          ],
          [
            -72.0299261,
            11.5599622
          ],
          [
            -72.0299218,
            11.5599607
          ],
          [
            -72.0299174,
            11.5599593
          ],
          [
            -72.0299131,
            11.5599578
          ],
          [
            -72.0299088,
            11.5599563
          ],
          [
            -72.0299045,
            11.5599548
          ],
          [
            -72.0299001,
            11.5599533
          ],
          [
            -72.0298958,
            11.5599518
          ],
          [
            -72.0298915,
            11.5599503
          ],
          [
            -72.0298872,
            11.5599488
          ],
          [
            -72.0298829,
            11.5599473
          ],
          [
            -72.0298785,
            11.5599458
          ],
          [
            -72.0298742,
            11.5599443
          ],
          [
            -72.0298699,
            11.5599428
          ],
          [
            -72.0298656,
            11.5599414
          ],
          [
            -72.0298612,
            11.5599399
          ],
          [
            -72.0298569,
            11.5599384
          ],
          [
            -72.0298526,
            11.5599369
          ],
          [
            -72.0298483,
            11.5599354
          ],
          [
            -72.029844,
            11.5599339
          ],
          [
            -72.0298396,
            11.5599324
          ],
          [
            -72.0298353,
            11.5599309
          ],
          [
            -72.029831,
            11.5599294
          ],
          [
            -72.0298267,
            11.5599279
          ],
          [
            -72.0298223,
            11.5599264
          ],
          [
            -72.029818,
            11.5599249
          ],
          [
            -72.0298137,
            11.5599234
          ],
          [
            -72.0298094,
            11.5599219
          ],
          [
            -72.0298051,
            11.5599205
          ],
          [
            -72.0298007,
            11.559919
          ],
          [
            -72.0297964,
            11.5599175
          ],
          [
            -72.0297921,
            11.559916
          ],
          [
            -72.0297878,
            11.5599145
          ],
          [
            -72.0297834,
            11.559913
          ],
          [
            -72.0297791,
            11.5599115
          ],
          [
            -72.0297748,
            11.55991
          ],
          [
            -72.0297705,
            11.5599085
          ],
          [
            -72.0297661,
            11.559907
          ],
          [
            -72.0297618,
            11.5599055
          ],
          [
            -72.0297575,
            11.559904
          ],
          [
            -72.0297532,
            11.5599025
          ],
          [
            -72.0297489,
            11.5599011
          ],
          [
            -72.0297445,
            11.5598996
          ],
          [
            -72.0297402,
            11.5598981
          ],
          [
            -72.0297359,
            11.5598966
          ],
          [
            -72.0297316,
            11.5598951
          ],
          [
            -72.0297272,
            11.5598936
          ],
          [
            -72.0297229,
            11.5598921
          ],
          [
            -72.0297186,
            11.5598906
          ],
          [
            -72.0297143,
            11.5598891
          ],
          [
            -72.02971,
            11.5598876
          ],
          [
            -72.0297056,
            11.5598861
          ],
          [
            -72.0297013,
            11.5598846
          ],
          [
            -72.029697,
            11.5598832
          ],
          [
            -72.0296927,
            11.5598817
          ],
          [
            -72.0296883,
            11.5598802
          ],
          [
            -72.029684,
            11.5598787
          ],
          [
            -72.0296797,
            11.5598772
          ],
          [
            -72.0296754,
            11.5598757
          ],
          [
            -72.0296711,
            11.5598742
          ],
          [
            -72.0296667,
            11.5598727
          ],
          [
            -72.0296624,
            11.5598712
          ],
          [
            -72.0296581,
            11.5598697
          ],
          [
            -72.0296538,
            11.5598682
          ],
          [
            -72.0296494,
            11.5598667
          ],
          [
            -72.0296451,
            11.5598652
          ],
          [
            -72.0296408,
            11.5598637
          ],
          [
            -72.0296365,
            11.5598623
          ],
          [
            -72.0296322,
            11.5598608
          ],
          [
            -72.0296278,
            11.5598593
          ],
          [
            -72.0296235,
            11.5598578
          ],
          [
            -72.0296192,
            11.5598563
          ],
          [
            -72.0296149,
            11.5598548
          ],
          [
            -72.0296105,
            11.5598533
          ],
          [
            -72.0296062,
            11.5598518
          ],
          [
            -72.0296019,
            11.5598503
          ],
          [
            -72.0295976,
            11.5598488
          ],
          [
            -72.0295932,
            11.5598473
          ],
          [
            -72.0295889,
            11.5598458
          ],
          [
            -72.0295846,
            11.5598444
          ],
          [
            -72.0295803,
            11.5598429
          ],
          [
            -72.029576,
            11.5598414
          ],
          [
            -72.0295716,
            11.5598399
          ],
          [
            -72.0295673,
            11.5598384
          ],
          [
            -72.029563,
            11.5598369
          ],
          [
            -72.0295587,
            11.5598354
          ],
          [
            -72.0295543,
            11.5598339
          ],
          [
            -72.02955,
            11.5598324
          ],
          [
            -72.0295457,
            11.5598309
          ],
          [
            -72.0295414,
            11.5598294
          ],
          [
            -72.029537,
            11.5598279
          ],
          [
            -72.0295327,
            11.5598264
          ],
          [
            -72.0295284,
            11.559825
          ],
          [
            -72.0295241,
            11.5598235
          ],
          [
            -72.0295198,
            11.559822
          ],
          [
            -72.0295154,
            11.5598205
          ],
          [
            -72.0295111,
            11.559819
          ],
          [
            -72.0295068,
            11.5598175
          ],
          [
            -72.0295025,
            11.559816
          ],
          [
            -72.0294982,
            11.5598145
          ],
          [
            -72.0294938,
            11.559813
          ],
          [
            -72.0294895,
            11.5598115
          ],
          [
            -72.0294852,
            11.55981
          ],
          [
            -72.0294809,
            11.5598085
          ],
          [
            -72.0294765,
            11.559807
          ],
          [
            -72.0294722,
            11.5598056
          ],
          [
            -72.0294679,
            11.5598041
          ],
          [
            -72.0294636,
            11.5598026
          ],
          [
            -72.0294592,
            11.5598011
          ],
          [
            -72.0294549,
            11.5597996
          ],
          [
            -72.0294506,
            11.5597981
          ],
          [
            -72.0294463,
            11.5597966
          ],
          [
            -72.029442,
            11.5597951
          ],
          [
            -72.0294376,
            11.5597936
          ],
          [
            -72.0294333,
            11.5597921
          ],
          [
            -72.029429,
            11.5597906
          ],
          [
            -72.0294247,
            11.5597891
          ],
          [
            -72.0294203,
            11.5597876
          ],
          [
            -72.029416,
            11.5597862
          ],
          [
            -72.0294117,
            11.5597847
          ],
          [
            -72.0294074,
            11.5597832
          ],
          [
            -72.0294031,
            11.5597817
          ],
          [
            -72.0293987,
            11.5597802
          ],
          [
            -72.0293944,
            11.5597787
          ],
          [
            -72.0293901,
            11.5597772
          ],
          [
            -72.0293858,
            11.5597757
          ],
          [
            -72.0293814,
            11.5597742
          ],
          [
            -72.0293771,
            11.5597727
          ],
          [
            -72.0293728,
            11.5597712
          ],
          [
            -72.0293685,
            11.5597697
          ],
          [
            -72.0293642,
            11.5597682
          ],
          [
            -72.0293598,
            11.5597668
          ],
          [
            -72.0293555,
            11.5597653
          ],
          [
            -72.0293512,
            11.5597638
          ],
          [
            -72.0293469,
            11.5597623
          ],
          [
            -72.0293425,
            11.5597608
          ],
          [
            -72.0293382,
            11.5597593
          ],
          [
            -72.0293339,
            11.5597578
          ],
          [
            -72.0293296,
            11.5597563
          ],
          [
            -72.0293253,
            11.5597548
          ],
          [
            -72.0293209,
            11.5597533
          ],
          [
            -72.0293166,
            11.5597518
          ],
          [
            -72.0293123,
            11.5597503
          ],
          [
            -72.029308,
            11.5597488
          ],
          [
            -72.0293036,
            11.5597474
          ],
          [
            -72.0292993,
            11.5597459
          ],
          [
            -72.029295,
            11.5597444
          ],
          [
            -72.0292907,
            11.5597429
          ],
          [
            -72.0292863,
            11.5597414
          ],
          [
            -72.029282,
            11.5597399
          ],
          [
            -72.0292777,
            11.5597384
          ],
          [
            -72.0292734,
            11.5597369
          ],
          [
            -72.0292691,
            11.5597354
          ],
          [
            -72.0292647,
            11.5597339
          ],
          [
            -72.0292604,
            11.5597324
          ],
          [
            -72.0292561,
            11.5597309
          ],
          [
            -72.0292518,
            11.5597294
          ],
          [
            -72.0292474,
            11.559728
          ],
          [
            -72.0292431,
            11.5597265
          ],
          [
            -72.0292388,
            11.559725
          ],
          [
            -72.0292345,
            11.5597235
          ],
          [
            -72.0292301,
            11.559722
          ],
          [
            -72.0292258,
            11.5597205
          ],
          [
            -72.0292215,
            11.559719
          ],
          [
            -72.0292172,
            11.5597175
          ],
          [
            -72.0292129,
            11.559716
          ],
          [
            -72.0292085,
            11.5597145
          ],
          [
            -72.0292042,
            11.559713
          ],
          [
            -72.0291999,
            11.5597115
          ],
          [
            -72.0291956,
            11.55971
          ],
          [
            -72.0291912,
            11.5597086
          ],
          [
            -72.0291869,
            11.5597071
          ],
          [
            -72.0291826,
            11.5597056
          ],
          [
            -72.0291783,
            11.5597041
          ],
          [
            -72.029174,
            11.5597026
          ],
          [
            -72.0291696,
            11.5597011
          ],
          [
            -72.0291653,
            11.5596996
          ],
          [
            -72.029161,
            11.5596981
          ],
          [
            -72.0291567,
            11.5596966
          ],
          [
            -72.0291523,
            11.5596951
          ],
          [
            -72.029148,
            11.5596936
          ],
          [
            -72.0291437,
            11.5596921
          ],
          [
            -72.0291394,
            11.5596906
          ],
          [
            -72.0291351,
            11.5596892
          ],
          [
            -72.0291307,
            11.5596877
          ],
          [
            -72.0291264,
            11.5596862
          ],
          [
            -72.0291221,
            11.5596847
          ],
          [
            -72.0291178,
            11.5596832
          ],
          [
            -72.0291134,
            11.5596817
          ],
          [
            -72.0291091,
            11.5596802
          ],
          [
            -72.0291048,
            11.5596787
          ],
          [
            -72.0291005,
            11.5596772
          ],
          [
            -72.0290962,
            11.5596757
          ],
          [
            -72.0290918,
            11.5596742
          ],
          [
            -72.0290875,
            11.5596727
          ],
          [
            -72.0290832,
            11.5596712
          ],
          [
            -72.0290789,
            11.5596698
          ],
          [
            -72.0290745,
            11.5596683
          ],
          [
            -72.0290702,
            11.5596668
          ],
          [
            -72.0290659,
            11.5596653
          ],
          [
            -72.0290616,
            11.5596638
          ],
          [
            -72.0290572,
            11.5596623
          ],
          [
            -72.0290529,
            11.5596608
          ],
          [
            -72.0290486,
            11.5596593
          ],
          [
            -72.0290443,
            11.5596578
          ],
          [
            -72.02904,
            11.5596563
          ],
          [
            -72.0290356,
            11.5596548
          ],
          [
            -72.0290313,
            11.5596533
          ],
          [
            -72.029027,
            11.5596518
          ],
          [
            -72.0290227,
            11.5596504
          ],
          [
            -72.0290183,
            11.5596489
          ],
          [
            -72.029014,
            11.5596474
          ],
          [
            -72.0290097,
            11.5596459
          ],
          [
            -72.0290054,
            11.5596444
          ],
          [
            -72.0290011,
            11.5596429
          ],
          [
            -72.0289967,
            11.5596414
          ],
          [
            -72.0289924,
            11.5596399
          ],
          [
            -72.0289881,
            11.5596384
          ],
          [
            -72.0289838,
            11.5596369
          ],
          [
            -72.0289794,
            11.5596354
          ],
          [
            -72.0289751,
            11.5596339
          ],
          [
            -72.0289708,
            11.5596324
          ],
          [
            -72.0289665,
            11.559631
          ],
          [
            -72.0289622,
            11.5596295
          ],
          [
            -72.0289578,
            11.559628
          ],
          [
            -72.0289535,
            11.5596265
          ],
          [
            -72.0289492,
            11.559625
          ],
          [
            -72.0289449,
            11.5596235
          ],
          [
            -72.0289405,
            11.559622
          ],
          [
            -72.0289362,
            11.5596205
          ],
          [
            -72.0289319,
            11.559619
          ],
          [
            -72.0289276,
            11.5596175
          ],
          [
            -72.0289232,
            11.559616
          ],
          [
            -72.0289189,
            11.5596145
          ],
          [
            -72.0289146,
            11.559613
          ],
          [
            -72.0289103,
            11.5596116
          ],
          [
            -72.028906,
            11.5596101
          ],
          [
            -72.0289016,
            11.5596086
          ],
          [
            -72.0288973,
            11.5596071
          ],
          [
            -72.028893,
            11.5596056
          ],
          [
            -72.0288887,
            11.5596041
          ],
          [
            -72.0288843,
            11.5596026
          ],
          [
            -72.02888,
            11.5596011
          ],
          [
            -72.0288757,
            11.5595996
          ],
          [
            -72.0288714,
            11.5595981
          ],
          [
            -72.0288671,
            11.5595966
          ],
          [
            -72.0288627,
            11.5595951
          ],
          [
            -72.0288584,
            11.5595936
          ],
          [
            -72.0288541,
            11.5595922
          ],
          [
            -72.0288498,
            11.5595907
          ],
          [
            -72.0288454,
            11.5595892
          ],
          [
            -72.0288411,
            11.5595877
          ],
          [
            -72.0288368,
            11.5595862
          ],
          [
            -72.0288325,
            11.5595847
          ],
          [
            -72.0288282,
            11.5595832
          ],
          [
            -72.0288238,
            11.5595817
          ],
          [
            -72.0288195,
            11.5595802
          ],
          [
            -72.0288152,
            11.5595787
          ],
          [
            -72.0288109,
            11.5595772
          ],
          [
            -72.0288065,
            11.5595757
          ],
          [
            -72.0288022,
            11.5595742
          ],
          [
            -72.0287979,
            11.5595728
          ],
          [
            -72.0287936,
            11.5595713
          ],
          [
            -72.0287893,
            11.5595698
          ],
          [
            -72.0287849,
            11.5595683
          ],
          [
            -72.0287806,
            11.5595668
          ],
          [
            -72.0287763,
            11.5595653
          ],
          [
            -72.028772,
            11.5595638
          ],
          [
            -72.0287676,
            11.5595623
          ],
          [
            -72.0287633,
            11.5595608
          ],
          [
            -72.028759,
            11.5595593
          ],
          [
            -72.0287547,
            11.5595578
          ],
          [
            -72.0287503,
            11.5595563
          ],
          [
            -72.028746,
            11.5595548
          ],
          [
            -72.0287417,
            11.5595534
          ],
          [
            -72.0287374,
            11.5595519
          ],
          [
            -72.0287331,
            11.5595504
          ],
          [
            -72.0287287,
            11.5595489
          ],
          [
            -72.0287244,
            11.5595474
          ],
          [
            -72.0287201,
            11.5595459
          ],
          [
            -72.0287158,
            11.5595444
          ],
          [
            -72.0287114,
            11.5595429
          ],
          [
            -72.0287071,
            11.5595414
          ],
          [
            -72.0287028,
            11.5595399
          ],
          [
            -72.0286985,
            11.5595384
          ],
          [
            -72.0286942,
            11.5595369
          ],
          [
            -72.0286898,
            11.5595354
          ],
          [
            -72.0286855,
            11.559534
          ],
          [
            -72.0286812,
            11.5595325
          ],
          [
            -72.0286769,
            11.559531
          ],
          [
            -72.0286725,
            11.5595295
          ],
          [
            -72.0286682,
            11.559528
          ],
          [
            -72.0286639,
            11.5595265
          ],
          [
            -72.0286596,
            11.559525
          ],
          [
            -72.0286553,
            11.5595235
          ],
          [
            -72.0286509,
            11.559522
          ],
          [
            -72.0286466,
            11.5595205
          ],
          [
            -72.0286423,
            11.559519
          ],
          [
            -72.028638,
            11.5595175
          ],
          [
            -72.0286336,
            11.559516
          ],
          [
            -72.0286293,
            11.5595146
          ],
          [
            -72.028625,
            11.5595131
          ],
          [
            -72.0286207,
            11.5595116
          ],
          [
            -72.0286163,
            11.5595101
          ],
          [
            -72.028612,
            11.5595086
          ],
          [
            -72.0286077,
            11.5595071
          ],
          [
            -72.0286034,
            11.5595056
          ],
          [
            -72.0285991,
            11.5595041
          ],
          [
            -72.0285947,
            11.5595026
          ],
          [
            -72.0285904,
            11.5595011
          ],
          [
            -72.0285861,
            11.5594996
          ],
          [
            -72.0285818,
            11.5594981
          ],
          [
            -72.0285774,
            11.5594966
          ],
          [
            -72.0285731,
            11.5594952
          ],
          [
            -72.0285688,
            11.5594937
          ],
          [
            -72.0285645,
            11.5594922
          ],
          [
            -72.0285602,
            11.5594907
          ],
          [
            -72.0285558,
            11.5594892
          ],
          [
            -72.0285515,
            11.5594877
          ],
          [
            -72.0285472,
            11.5594862
          ],
          [
            -72.0285429,
            11.5594847
          ],
          [
            -72.0285385,
            11.5594832
          ],
          [
            -72.0285342,
            11.5594817
          ],
          [
            -72.0285299,
            11.5594802
          ],
          [
            -72.0285256,
            11.5594787
          ],
          [
            -72.0285213,
            11.5594772
          ],
          [
            -72.0285169,
            11.5594758
          ],
          [
            -72.0285126,
            11.5594743
          ],
          [
            -72.0285083,
            11.5594728
          ],
          [
            -72.028504,
            11.5594713
          ],
          [
            -72.0284996,
            11.5594698
          ],
          [
            -72.0284953,
            11.5594683
          ],
          [
            -72.028491,
            11.5594668
          ],
          [
            -72.0284867,
            11.5594653
          ],
          [
            -72.0284824,
            11.5594638
          ],
          [
            -72.028478,
            11.5594623
          ],
          [
            -72.0284737,
            11.5594608
          ],
          [
            -72.0284694,
            11.5594593
          ],
          [
            -72.0284651,
            11.5594578
          ],
          [
            -72.0284607,
            11.5594564
          ],
          [
            -72.0284564,
            11.5594549
          ],
          [
            -72.0284521,
            11.5594534
          ],
          [
            -72.0284478,
            11.5594519
          ],
          [
            -72.0284434,
            11.5594504
          ],
          [
            -72.0284391,
            11.5594489
          ],
          [
            -72.0284348,
            11.5594474
          ],
          [
            -72.0284305,
            11.5594459
          ],
          [
            -72.0284262,
            11.5594444
          ],
          [
            -72.0284218,
            11.5594429
          ],
          [
            -72.0284175,
            11.5594414
          ],
          [
            -72.0284132,
            11.5594399
          ],
          [
            -72.0284089,
            11.5594384
          ],
          [
            -72.0284045,
            11.559437
          ],
          [
            -72.0284002,
            11.5594355
          ],
          [
            -72.0283959,
            11.559434
          ],
          [
            -72.0283916,
            11.5594325
          ],
          [
            -72.0283872,
            11.559431
          ],
          [
            -72.0283829,
            11.5594295
          ],
          [
            -72.0283786,
            11.559428
          ],
          [
            -72.0283743,
            11.5594265
          ],
          [
            -72.02837,
            11.559425
          ],
          [
            -72.0283656,
            11.5594235
          ],
          [
            -72.0283613,
            11.559422
          ],
          [
            -72.028357,
            11.5594205
          ],
          [
            -72.0283527,
            11.559419
          ],
          [
            -72.0283484,
            11.5594176
          ],
          [
            -72.028344,
            11.5594161
          ],
          [
            -72.0283397,
            11.5594146
          ],
          [
            -72.0283354,
            11.5594131
          ],
          [
            -72.0283311,
            11.5594116
          ],
          [
            -72.0283267,
            11.5594101
          ],
          [
            -72.0283224,
            11.5594086
          ],
          [
            -72.0283181,
            11.5594071
          ],
          [
            -72.0283138,
            11.5594056
          ],
          [
            -72.0283094,
            11.5594041
          ],
          [
            -72.0283051,
            11.5594026
          ],
          [
            -72.0283008,
            11.5594011
          ],
          [
            -72.0282965,
            11.5593996
          ],
          [
            -72.0282922,
            11.5593982
          ],
          [
            -72.0282878,
            11.5593967
          ],
          [
            -72.0282835,
            11.5593952
          ],
          [
            -72.0282792,
            11.5593937
          ],
          [
            -72.0282749,
            11.5593922
          ],
          [
            -72.0282705,
            11.5593907
          ],
          [
            -72.0282662,
            11.5593892
          ],
          [
            -72.0282619,
            11.5593877
          ],
          [
            -72.0282576,
            11.5593862
          ],
          [
            -72.0282533,
            11.5593847
          ],
          [
            -72.0282489,
            11.5593832
          ],
          [
            -72.0282446,
            11.5593817
          ],
          [
            -72.0282403,
            11.5593802
          ],
          [
            -72.028236,
            11.5593788
          ],
          [
            -72.0282316,
            11.5593773
          ],
          [
            -72.0282273,
            11.5593758
          ],
          [
            -72.028223,
            11.5593743
          ],
          [
            -72.0282187,
            11.5593728
          ],
          [
            -72.0282144,
            11.5593713
          ],
          [
            -72.02821,
            11.5593698
          ],
          [
            -72.0282057,
            11.5593683
          ],
          [
            -72.0282014,
            11.5593668
          ],
          [
            -72.0281971,
            11.5593653
          ],
          [
            -72.0281927,
            11.5593638
          ],
          [
            -72.0281884,
            11.5593623
          ],
          [
            -72.0281841,
            11.5593608
          ],
          [
            -72.0281798,
            11.5593594
          ],
          [
            -72.0281755,
            11.5593579
          ],
          [
            -72.0281711,
            11.5593564
          ],
          [
            -72.0281668,
            11.5593549
          ],
          [
            -72.0281625,
            11.5593534
          ],
          [
            -72.0281582,
            11.5593519
          ],
          [
            -72.0281538,
            11.5593504
          ],
          [
            -72.0281495,
            11.5593489
          ],
          [
            -72.0281452,
            11.5593474
          ],
          [
            -72.0281409,
            11.5593459
          ],
          [
            -72.0281365,
            11.5593444
          ],
          [
            -72.0281322,
            11.5593429
          ],
          [
            -72.0281279,
            11.5593414
          ],
          [
            -72.0281236,
            11.55934
          ],
          [
            -72.0281193,
            11.5593385
          ],
          [
            -72.0281149,
            11.559337
          ],
          [
            -72.0281106,
            11.5593355
          ],
          [
            -72.0281063,
            11.559334
          ],
          [
            -72.028102,
            11.5593325
          ],
          [
            -72.0280976,
            11.559331
          ],
          [
            -72.0280933,
            11.5593295
          ],
          [
            -72.028089,
            11.559328
          ],
          [
            -72.0280847,
            11.5593265
          ],
          [
            -72.0280803,
            11.559325
          ],
          [
            -72.028076,
            11.5593235
          ],
          [
            -72.0280717,
            11.559322
          ],
          [
            -72.0280674,
            11.5593206
          ],
          [
            -72.0280631,
            11.5593191
          ],
          [
            -72.0280587,
            11.5593176
          ],
          [
            -72.0280544,
            11.5593161
          ],
          [
            -72.0280501,
            11.5593146
          ],
          [
            -72.0280458,
            11.5593131
          ],
          [
            -72.0280415,
            11.5593116
          ],
          [
            -72.0280371,
            11.5593101
          ],
          [
            -72.0280328,
            11.5593086
          ],
          [
            -72.0280285,
            11.5593071
          ],
          [
            -72.0280242,
            11.5593056
          ],
          [
            -72.0280198,
            11.5593041
          ],
          [
            -72.0280155,
            11.5593026
          ],
          [
            -72.0280112,
            11.5593012
          ],
          [
            -72.0280069,
            11.5592997
          ],
          [
            -72.0280026,
            11.5592982
          ],
          [
            -72.0279982,
            11.5592967
          ],
          [
            -72.0279939,
            11.5592952
          ],
          [
            -72.0279896,
            11.5592937
          ],
          [
            -72.0279853,
            11.5592922
          ],
          [
            -72.0279809,
            11.5592907
          ],
          [
            -72.0279766,
            11.5592892
          ],
          [
            -72.0279723,
            11.5592877
          ],
          [
            -72.027968,
            11.5592862
          ],
          [
            -72.0279636,
            11.5592847
          ],
          [
            -72.0279593,
            11.5592832
          ],
          [
            -72.027955,
            11.5592818
          ],
          [
            -72.0279507,
            11.5592803
          ],
          [
            -72.0279464,
            11.5592788
          ],
          [
            -72.027942,
            11.5592773
          ],
          [
            -72.0279377,
            11.5592758
          ],
          [
            -72.0279334,
            11.5592743
          ],
          [
            -72.0279291,
            11.5592728
          ],
          [
            -72.0279247,
            11.5592713
          ],
          [
            -72.0279204,
            11.5592698
          ],
          [
            -72.0279161,
            11.5592683
          ],
          [
            -72.0279118,
            11.5592668
          ],
          [
            -72.0279075,
            11.5592653
          ],
          [
            -72.0279031,
            11.5592638
          ],
          [
            -72.0278988,
            11.5592624
          ],
          [
            -72.0278945,
            11.5592609
          ],
          [
            -72.0278902,
            11.5592594
          ],
          [
            -72.0278858,
            11.5592579
          ],
          [
            -72.0278815,
            11.5592564
          ],
          [
            -72.0278772,
            11.5592549
          ],
          [
            -72.0278729,
            11.5592534
          ],
          [
            -72.0278685,
            11.5592519
          ],
          [
            -72.0278642,
            11.5592504
          ],
          [
            -72.0278599,
            11.5592489
          ],
          [
            -72.0278556,
            11.5592474
          ],
          [
            -72.0278513,
            11.5592459
          ],
          [
            -72.0278469,
            11.5592444
          ],
          [
            -72.0278426,
            11.559243
          ],
          [
            -72.0278383,
            11.5592415
          ],
          [
            -72.027834,
            11.55924
          ],
          [
            -72.0278296,
            11.5592385
          ],
          [
            -72.0278253,
            11.559237
          ],
          [
            -72.027821,
            11.5592355
          ],
          [
            -72.0278167,
            11.559234
          ],
          [
            -72.0278124,
            11.5592325
          ],
          [
            -72.027808,
            11.559231
          ],
          [
            -72.0278037,
            11.5592295
          ],
          [
            -72.0277994,
            11.559228
          ],
          [
            -72.0277951,
            11.5592265
          ],
          [
            -72.0277907,
            11.559225
          ],
          [
            -72.0277864,
            11.5592236
          ],
          [
            -72.0277821,
            11.5592221
          ],
          [
            -72.0277778,
            11.5592206
          ],
          [
            -72.0277734,
            11.5592191
          ],
          [
            -72.0277691,
            11.5592176
          ],
          [
            -72.0277648,
            11.5592161
          ],
          [
            -72.0277605,
            11.5592146
          ],
          [
            -72.0277562,
            11.5592131
          ],
          [
            -72.0277518,
            11.5592116
          ],
          [
            -72.0277475,
            11.5592101
          ],
          [
            -72.0277432,
            11.5592086
          ],
          [
            -72.0277389,
            11.5592071
          ],
          [
            -72.0277345,
            11.5592056
          ],
          [
            -72.0277302,
            11.5592042
          ],
          [
            -72.0277259,
            11.5592027
          ],
          [
            -72.0277216,
            11.5592012
          ],
          [
            -72.0277173,
            11.5591997
          ],
          [
            -72.0277129,
            11.5591982
          ],
          [
            -72.0277086,
            11.5591967
          ],
          [
            -72.0277043,
            11.5591952
          ],
          [
            -72.0277,
            11.5591937
          ],
          [
            -72.0276957,
            11.5591922
          ],
          [
            -72.0276913,
            11.5591907
          ],
          [
            -72.027687,
            11.5591892
          ],
          [
            -72.0276827,
            11.5591877
          ],
          [
            -72.0276784,
            11.5591862
          ],
          [
            -72.027674,
            11.5591848
          ],
          [
            -72.0276697,
            11.5591833
          ],
          [
            -72.0276654,
            11.5591818
          ],
          [
            -72.0276611,
            11.5591803
          ],
          [
            -72.0276567,
            11.5591788
          ],
          [
            -72.0276524,
            11.5591773
          ],
          [
            -72.0276481,
            11.5591758
          ],
          [
            -72.0276438,
            11.5591743
          ],
          [
            -72.0276395,
            11.5591728
          ],
          [
            -72.0276351,
            11.5591713
          ],
          [
            -72.0276308,
            11.5591698
          ],
          [
            -72.0276265,
            11.5591683
          ],
          [
            -72.0276222,
            11.5591668
          ],
          [
            -72.0276178,
            11.5591654
          ],
          [
            -72.0276135,
            11.5591639
          ],
          [
            -72.0276092,
            11.5591624
          ],
          [
            -72.0276049,
            11.5591609
          ],
          [
            -72.0276005,
            11.5591594
          ],
          [
            -72.0275962,
            11.5591579
          ],
          [
            -72.0275919,
            11.5591564
          ],
          [
            -72.0275876,
            11.5591549
          ],
          [
            -72.0275833,
            11.5591534
          ],
          [
            -72.0275789,
            11.5591519
          ],
          [
            -72.0275746,
            11.5591504
          ],
          [
            -72.0275703,
            11.5591489
          ],
          [
            -72.027566,
            11.5591474
          ],
          [
            -72.0275616,
            11.559146
          ],
          [
            -72.0275573,
            11.5591445
          ],
          [
            -72.027553,
            11.559143
          ],
          [
            -72.0275487,
            11.5591415
          ],
          [
            -72.0275444,
            11.55914
          ],
          [
            -72.02754,
            11.5591385
          ],
          [
            -72.0275357,
            11.559137
          ],
          [
            -72.0275314,
            11.5591355
          ],
          [
            -72.0275271,
            11.559134
          ],
          [
            -72.0275227,
            11.5591325
          ],
          [
            -72.0275184,
            11.559131
          ],
          [
            -72.0275141,
            11.5591295
          ],
          [
            -72.0275098,
            11.559128
          ],
          [
            -72.0275055,
            11.5591266
          ],
          [
            -72.0275011,
            11.5591251
          ],
          [
            -72.0274968,
            11.5591236
          ],
          [
            -72.0274925,
            11.5591221
          ],
          [
            -72.0274882,
            11.5591206
          ],
          [
            -72.0274838,
            11.5591191
          ],
          [
            -72.0274795,
            11.5591176
          ],
          [
            -72.0274752,
            11.5591161
          ],
          [
            -72.0274709,
            11.5591146
          ],
          [
            -72.0274666,
            11.5591131
          ],
          [
            -72.0274622,
            11.5591116
          ],
          [
            -72.0274579,
            11.5591101
          ],
          [
            -72.0274536,
            11.5591086
          ],
          [
            -72.0274493,
            11.5591072
          ],
          [
            -72.0274449,
            11.5591057
          ],
          [
            -72.0274406,
            11.5591042
          ],
          [
            -72.0274363,
            11.5591027
          ],
          [
            -72.027432,
            11.5591012
          ],
          [
            -72.0274276,
            11.5590997
          ],
          [
            -72.0274233,
            11.5590982
          ],
          [
            -72.027419,
            11.5590967
          ],
          [
            -72.0274147,
            11.5590952
          ],
          [
            -72.0274104,
            11.5590937
          ],
          [
            -72.027406,
            11.5590922
          ],
          [
            -72.0274017,
            11.5590907
          ],
          [
            -72.0273974,
            11.5590892
          ],
          [
            -72.0273931,
            11.5590878
          ],
          [
            -72.0273888,
            11.5590863
          ],
          [
            -72.0273844,
            11.5590848
          ],
          [
            -72.0273801,
            11.5590833
          ],
          [
            -72.0273758,
            11.5590818
          ],
          [
            -72.0273715,
            11.5590803
          ],
          [
            -72.0273671,
            11.5590788
          ],
          [
            -72.0273628,
            11.5590773
          ],
          [
            -72.0273585,
            11.5590758
          ],
          [
            -72.0273542,
            11.5590743
          ],
          [
            -72.0273498,
            11.5590728
          ],
          [
            -72.0273455,
            11.5590713
          ],
          [
            -72.0273412,
            11.5590698
          ],
          [
            -72.0273369,
            11.5590684
          ],
          [
            -72.0273326,
            11.5590669
          ],
          [
            -72.0273282,
            11.5590654
          ],
          [
            -72.0273239,
            11.5590639
          ],
          [
            -72.0273196,
            11.5590624
          ],
          [
            -72.0273153,
            11.5590609
          ],
          [
            -72.0273109,
            11.5590594
          ],
          [
            -72.0273066,
            11.5590579
          ],
          [
            -72.0273023,
            11.5590564
          ],
          [
            -72.027298,
            11.5590549
          ],
          [
            -72.0272936,
            11.5590534
          ],
          [
            -72.0272893,
            11.5590519
          ],
          [
            -72.027285,
            11.5590504
          ],
          [
            -72.0272807,
            11.559049
          ],
          [
            -72.0272764,
            11.5590475
          ],
          [
            -72.027272,
            11.559046
          ],
          [
            -72.0272677,
            11.5590445
          ],
          [
            -72.0272634,
            11.559043
          ],
          [
            -72.0272591,
            11.5590415
          ],
          [
            -72.0272547,
            11.55904
          ],
          [
            -72.0272504,
            11.5590385
          ],
          [
            -72.0272461,
            11.559037
          ],
          [
            -72.0272418,
            11.5590355
          ],
          [
            -72.0272375,
            11.559034
          ],
          [
            -72.0272331,
            11.5590325
          ],
          [
            -72.0272288,
            11.559031
          ],
          [
            -72.0272245,
            11.5590296
          ],
          [
            -72.0272202,
            11.5590281
          ],
          [
            -72.0272158,
            11.5590266
          ],
          [
            -72.0272115,
            11.5590251
          ],
          [
            -72.0272072,
            11.5590236
          ],
          [
            -72.0272029,
            11.5590221
          ],
          [
            -72.0271986,
            11.5590206
          ],
          [
            -72.0271942,
            11.5590191
          ],
          [
            -72.0271899,
            11.5590176
          ],
          [
            -72.0271856,
            11.5590161
          ],
          [
            -72.0271813,
            11.5590146
          ],
          [
            -72.0271769,
            11.5590131
          ],
          [
            -72.0271726,
            11.5590116
          ],
          [
            -72.0271683,
            11.5590102
          ],
          [
            -72.027164,
            11.5590087
          ],
          [
            -72.0271597,
            11.5590072
          ],
          [
            -72.0271553,
            11.5590057
          ],
          [
            -72.027151,
            11.5590042
          ],
          [
            -72.0271467,
            11.5590027
          ],
          [
            -72.0271424,
            11.5590012
          ],
          [
            -72.027138,
            11.5589997
          ],
          [
            -72.0271337,
            11.5589982
          ],
          [
            -72.0271294,
            11.5589967
          ],
          [
            -72.0271251,
            11.5589952
          ],
          [
            -72.0271207,
            11.5589937
          ],
          [
            -72.0271164,
            11.5589922
          ],
          [
            -72.0271121,
            11.5589908
          ],
          [
            -72.0271078,
            11.5589893
          ],
          [
            -72.0271035,
            11.5589878
          ],
          [
            -72.0270991,
            11.5589863
          ],
          [
            -72.0270948,
            11.5589848
          ],
          [
            -72.0270905,
            11.5589833
          ],
          [
            -72.0270862,
            11.5589818
          ],
          [
            -72.0270819,
            11.5589803
          ],
          [
            -72.0270775,
            11.5589788
          ],
          [
            -72.0270732,
            11.5589773
          ],
          [
            -72.0270689,
            11.5589758
          ],
          [
            -72.0270646,
            11.5589743
          ],
          [
            -72.0270602,
            11.5589728
          ],
          [
            -72.0270559,
            11.5589714
          ],
          [
            -72.0270516,
            11.5589699
          ],
          [
            -72.0270473,
            11.5589684
          ],
          [
            -72.0270429,
            11.5589669
          ],
          [
            -72.0270386,
            11.5589654
          ],
          [
            -72.0270343,
            11.5589639
          ],
          [
            -72.02703,
            11.5589624
          ],
          [
            -72.0270257,
            11.5589609
          ],
          [
            -72.0270213,
            11.5589594
          ],
          [
            -72.027017,
            11.5589579
          ],
          [
            -72.0270127,
            11.5589564
          ],
          [
            -72.0270084,
            11.5589549
          ],
          [
            -72.027004,
            11.5589534
          ],
          [
            -72.0269997,
            11.558952
          ],
          [
            -72.0269954,
            11.5589505
          ],
          [
            -72.0269911,
            11.558949
          ],
          [
            -72.0269867,
            11.5589475
          ],
          [
            -72.0269824,
            11.558946
          ],
          [
            -72.0269781,
            11.5589445
          ],
          [
            -72.0269738,
            11.558943
          ],
          [
            -72.0269695,
            11.5589415
          ],
          [
            -72.0269651,
            11.55894
          ],
          [
            -72.0269608,
            11.5589385
          ],
          [
            -72.0269565,
            11.558937
          ],
          [
            -72.0269522,
            11.5589355
          ],
          [
            -72.0269478,
            11.558934
          ],
          [
            -72.0269435,
            11.5589326
          ],
          [
            -72.0269392,
            11.5589311
          ],
          [
            -72.0269349,
            11.5589296
          ],
          [
            -72.0269306,
            11.5589281
          ],
          [
            -72.0269262,
            11.5589266
          ],
          [
            -72.0269219,
            11.5589251
          ],
          [
            -72.0269176,
            11.5589236
          ],
          [
            -72.0269133,
            11.5589221
          ],
          [
            -72.026909,
            11.5589206
          ],
          [
            -72.0269046,
            11.5589191
          ],
          [
            -72.0269003,
            11.5589176
          ],
          [
            -72.026896,
            11.5589161
          ],
          [
            -72.0268917,
            11.5589146
          ],
          [
            -72.0268873,
            11.5589132
          ],
          [
            -72.026883,
            11.5589117
          ],
          [
            -72.0268787,
            11.5589102
          ],
          [
            -72.0268744,
            11.5589087
          ],
          [
            -72.02687,
            11.5589072
          ],
          [
            -72.0268657,
            11.5589057
          ],
          [
            -72.0268614,
            11.5589042
          ],
          [
            -72.0268571,
            11.5589027
          ],
          [
            -72.0268528,
            11.5589012
          ],
          [
            -72.0268484,
            11.5588997
          ],
          [
            -72.0268441,
            11.5588982
          ],
          [
            -72.0268398,
            11.5588967
          ],
          [
            -72.0268355,
            11.5588952
          ],
          [
            -72.0268311,
            11.5588938
          ],
          [
            -72.0268268,
            11.5588923
          ],
          [
            -72.0268225,
            11.5588908
          ],
          [
            -72.0268182,
            11.5588893
          ],
          [
            -72.0268138,
            11.5588878
          ],
          [
            -72.0268095,
            11.5588863
          ],
          [
            -72.0268052,
            11.5588848
          ],
          [
            -72.0268009,
            11.5588833
          ],
          [
            -72.0267966,
            11.5588818
          ],
          [
            -72.0267922,
            11.5588803
          ],
          [
            -72.0267879,
            11.5588788
          ],
          [
            -72.0267836,
            11.5588773
          ],
          [
            -72.0267793,
            11.5588758
          ],
          [
            -72.0267749,
            11.5588744
          ],
          [
            -72.0267706,
            11.5588729
          ],
          [
            -72.0267663,
            11.5588714
          ],
          [
            -72.026762,
            11.5588699
          ],
          [
            -72.0267577,
            11.5588684
          ],
          [
            -72.0267533,
            11.5588669
          ],
          [
            -72.026749,
            11.5588654
          ],
          [
            -72.0267447,
            11.5588639
          ],
          [
            -72.0267404,
            11.5588624
          ],
          [
            -72.026736,
            11.5588609
          ],
          [
            -72.0267317,
            11.5588594
          ],
          [
            -72.0267274,
            11.5588579
          ],
          [
            -72.0267231,
            11.5588564
          ],
          [
            -72.0267188,
            11.558855
          ],
          [
            -72.0267144,
            11.5588535
          ],
          [
            -72.0267101,
            11.558852
          ],
          [
            -72.0267058,
            11.5588505
          ],
          [
            -72.0267015,
            11.558849
          ],
          [
            -72.0266971,
            11.5588475
          ],
          [
            -72.0266928,
            11.558846
          ],
          [
            -72.0266885,
            11.5588445
          ],
          [
            -72.0266842,
            11.558843
          ],
          [
            -72.0266798,
            11.5588415
          ],
          [
            -72.0266755,
            11.55884
          ],
          [
            -72.0266712,
            11.5588385
          ],
          [
            -72.0266669,
            11.558837
          ],
          [
            -72.0266626,
            11.5588356
          ],
          [
            -72.0266582,
            11.5588341
          ],
          [
            -72.0266539,
            11.5588326
          ],
          [
            -72.0266496,
            11.5588311
          ],
          [
            -72.0266453,
            11.5588296
          ],
          [
            -72.026641,
            11.5588281
          ],
          [
            -72.0266366,
            11.5588266
          ],
          [
            -72.0266323,
            11.5588251
          ],
          [
            -72.026628,
            11.5588236
          ],
          [
            -72.0266237,
            11.5588221
          ],
          [
            -72.0266193,
            11.5588206
          ],
          [
            -72.026615,
            11.5588191
          ],
          [
            -72.0266107,
            11.5588176
          ],
          [
            -72.0266064,
            11.5588162
          ],
          [
            -72.0266021,
            11.5588147
          ],
          [
            -72.0265977,
            11.5588132
          ],
          [
            -72.0265934,
            11.5588117
          ],
          [
            -72.0265891,
            11.5588102
          ],
          [
            -72.0265848,
            11.5588087
          ],
          [
            -72.0265804,
            11.5588072
          ],
          [
            -72.0265761,
            11.5588057
          ],
          [
            -72.0265718,
            11.5588042
          ],
          [
            -72.0265675,
            11.5588027
          ],
          [
            -72.0265631,
            11.5588012
          ],
          [
            -72.0265588,
            11.5587997
          ],
          [
            -72.0265545,
            11.5587982
          ],
          [
            -72.0265502,
            11.5587968
          ],
          [
            -72.0265459,
            11.5587953
          ],
          [
            -72.0265415,
            11.5587938
          ],
          [
            -72.0265372,
            11.5587923
          ],
          [
            -72.0265329,
            11.5587908
          ],
          [
            -72.0265286,
            11.5587893
          ],
          [
            -72.0265242,
            11.5587878
          ],
          [
            -72.0265199,
            11.5587863
          ],
          [
            -72.0265156,
            11.5587848
          ],
          [
            -72.0265113,
            11.5587833
          ],
          [
            -72.026507,
            11.5587818
          ],
          [
            -72.0265026,
            11.5587803
          ],
          [
            -72.0264983,
            11.5587788
          ],
          [
            -72.026494,
            11.5587774
          ],
          [
            -72.0264897,
            11.5587759
          ],
          [
            -72.0264853,
            11.5587744
          ],
          [
            -72.026481,
            11.5587729
          ],
          [
            -72.0264767,
            11.5587714
          ],
          [
            -72.0264724,
            11.5587699
          ],
          [
            -72.0264681,
            11.5587684
          ],
          [
            -72.0264637,
            11.5587669
          ],
          [
            -72.0264594,
            11.5587654
          ],
          [
            -72.0264551,
            11.5587639
          ],
          [
            -72.0264508,
            11.5587624
          ],
          [
            -72.0264464,
            11.5587609
          ],
          [
            -72.0264421,
            11.5587594
          ],
          [
            -72.0264378,
            11.558758
          ],
          [
            -72.0264335,
            11.5587565
          ],
          [
            -72.0264291,
            11.558755
          ],
          [
            -72.0264248,
            11.5587535
          ],
          [
            -72.0264205,
            11.558752
          ],
          [
            -72.0264162,
            11.5587505
          ],
          [
            -72.0264119,
            11.558749
          ],
          [
            -72.0264075,
            11.5587475
          ],
          [
            -72.0264032,
            11.558746
          ],
          [
            -72.0263989,
            11.5587445
          ],
          [
            -72.0263946,
            11.558743
          ],
          [
            -72.0263902,
            11.5587415
          ],
          [
            -72.0263859,
            11.55874
          ],
          [
            -72.0263816,
            11.5587386
          ],
          [
            -72.0263773,
            11.5587371
          ],
          [
            -72.026373,
            11.5587356
          ],
          [
            -72.0263686,
            11.5587341
          ],
          [
            -72.0263643,
            11.5587326
          ],
          [
            -72.02636,
            11.5587311
          ],
          [
            -72.0263557,
            11.5587296
          ],
          [
            -72.0263513,
            11.5587281
          ],
          [
            -72.026347,
            11.5587266
          ],
          [
            -72.0263427,
            11.5587251
          ],
          [
            -72.0263384,
            11.5587236
          ],
          [
            -72.026334,
            11.5587221
          ],
          [
            -72.0263297,
            11.5587206
          ],
          [
            -72.0263254,
            11.5587192
          ],
          [
            -72.0263211,
            11.5587177
          ],
          [
            -72.0263168,
            11.5587162
          ],
          [
            -72.0263124,
            11.5587147
          ],
          [
            -72.0263081,
            11.5587132
          ],
          [
            -72.0263038,
            11.5587117
          ],
          [
            -72.0262995,
            11.5587102
          ],
          [
            -72.0262952,
            11.5587087
          ],
          [
            -72.0262908,
            11.5587072
          ],
          [
            -72.0262865,
            11.5587057
          ],
          [
            -72.0262822,
            11.5587042
          ],
          [
            -72.0262779,
            11.5587027
          ],
          [
            -72.0262735,
            11.5587012
          ],
          [
            -72.0262692,
            11.5586998
          ],
          [
            -72.0262649,
            11.5586983
          ],
          [
            -72.0262606,
            11.5586968
          ],
          [
            -72.0262562,
            11.5586953
          ],
          [
            -72.0262519,
            11.5586938
          ],
          [
            -72.0262476,
            11.5586923
          ],
          [
            -72.0262433,
            11.5586908
          ],
          [
            -72.026239,
            11.5586893
          ],
          [
            -72.0262346,
            11.5586878
          ],
          [
            -72.0262303,
            11.5586863
          ],
          [
            -72.026226,
            11.5586848
          ],
          [
            -72.0262217,
            11.5586833
          ],
          [
            -72.0262173,
            11.5586818
          ],
          [
            -72.026213,
            11.5586804
          ],
          [
            -72.0262087,
            11.5586789
          ],
          [
            -72.0262044,
            11.5586774
          ],
          [
            -72.0262,
            11.5586759
          ],
          [
            -72.0261957,
            11.5586744
          ],
          [
            -72.0261914,
            11.5586729
          ],
          [
            -72.0261871,
            11.5586714
          ],
          [
            -72.0261828,
            11.5586699
          ],
          [
            -72.0261784,
            11.5586684
          ],
          [
            -72.0261741,
            11.5586669
          ],
          [
            -72.0261698,
            11.5586654
          ],
          [
            -72.0261655,
            11.5586639
          ],
          [
            -72.0261612,
            11.5586624
          ],
          [
            -72.0261568,
            11.558661
          ],
          [
            -72.0261525,
            11.5586595
          ],
          [
            -72.0261482,
            11.558658
          ],
          [
            -72.0261439,
            11.5586565
          ],
          [
            -72.0261395,
            11.558655
          ],
          [
            -72.0261352,
            11.5586535
          ],
          [
            -72.0261309,
            11.558652
          ],
          [
            -72.0261266,
            11.5586505
          ],
          [
            -72.0261222,
            11.558649
          ],
          [
            -72.0261179,
            11.5586475
          ],
          [
            -72.0261136,
            11.558646
          ],
          [
            -72.0261093,
            11.5586445
          ],
          [
            -72.026105,
            11.558643
          ],
          [
            -72.0261006,
            11.5586415
          ],
          [
            -72.0260963,
            11.5586401
          ],
          [
            -72.026092,
            11.5586386
          ],
          [
            -72.0260877,
            11.5586371
          ],
          [
            -72.0260833,
            11.5586356
          ],
          [
            -72.026079,
            11.5586341
          ],
          [
            -72.0260747,
            11.5586326
          ],
          [
            -72.0260704,
            11.5586311
          ],
          [
            -72.0260661,
            11.5586296
          ],
          [
            -72.0260617,
            11.5586281
          ],
          [
            -72.0260574,
            11.5586266
          ],
          [
            -72.0260531,
            11.5586251
          ],
          [
            -72.0260488,
            11.5586236
          ],
          [
            -72.0260444,
            11.5586222
          ],
          [
            -72.0260401,
            11.5586207
          ],
          [
            -72.0260358,
            11.5586192
          ],
          [
            -72.0260315,
            11.5586177
          ],
          [
            -72.0260272,
            11.5586162
          ],
          [
            -72.0260228,
            11.5586147
          ],
          [
            -72.0260185,
            11.5586132
          ],
          [
            -72.0260142,
            11.5586117
          ],
          [
            -72.0260099,
            11.5586102
          ],
          [
            -72.0260055,
            11.5586087
          ],
          [
            -72.0260012,
            11.5586072
          ],
          [
            -72.0259969,
            11.5586057
          ],
          [
            -72.0259926,
            11.5586042
          ],
          [
            -72.0259883,
            11.5586028
          ],
          [
            -72.0259839,
            11.5586013
          ],
          [
            -72.0259796,
            11.5585998
          ],
          [
            -72.0259753,
            11.5585983
          ],
          [
            -72.025971,
            11.5585968
          ],
          [
            -72.0259666,
            11.5585953
          ],
          [
            -72.0259623,
            11.5585938
          ],
          [
            -72.025958,
            11.5585923
          ],
          [
            -72.0259537,
            11.5585908
          ],
          [
            -72.0259493,
            11.5585893
          ],
          [
            -72.025945,
            11.5585878
          ],
          [
            -72.0259407,
            11.5585863
          ],
          [
            -72.0259364,
            11.5585848
          ],
          [
            -72.0259321,
            11.5585834
          ],
          [
            -72.0259277,
            11.5585819
          ],
          [
            -72.0259234,
            11.5585804
          ],
          [
            -72.0259191,
            11.5585789
          ],
          [
            -72.0259148,
            11.5585774
          ],
          [
            -72.0259104,
            11.5585759
          ],
          [
            -72.0259061,
            11.5585744
          ],
          [
            -72.0259018,
            11.5585729
          ],
          [
            -72.0258975,
            11.5585714
          ],
          [
            -72.0258931,
            11.5585699
          ],
          [
            -72.0258888,
            11.5585684
          ],
          [
            -72.0258845,
            11.5585669
          ],
          [
            -72.0258802,
            11.5585654
          ],
          [
            -72.0258759,
            11.5585639
          ],
          [
            -72.0258715,
            11.5585625
          ],
          [
            -72.0258672,
            11.558561
          ],
          [
            -72.0258629,
            11.5585595
          ],
          [
            -72.0258586,
            11.558558
          ],
          [
            -72.0258543,
            11.5585565
          ],
          [
            -72.0258499,
            11.558555
          ],
          [
            -72.0258456,
            11.5585535
          ],
          [
            -72.0258413,
            11.558552
          ],
          [
            -72.025837,
            11.5585505
          ],
          [
            -72.0258326,
            11.558549
          ],
          [
            -72.0258283,
            11.5585475
          ],
          [
            -72.025824,
            11.558546
          ],
          [
            -72.0258197,
            11.5585445
          ],
          [
            -72.0258153,
            11.5585431
          ],
          [
            -72.025811,
            11.5585416
          ],
          [
            -72.0258067,
            11.5585401
          ],
          [
            -72.0258024,
            11.5585386
          ],
          [
            -72.0257981,
            11.5585371
          ],
          [
            -72.0257937,
            11.5585356
          ],
          [
            -72.0257894,
            11.5585341
          ],
          [
            -72.0257851,
            11.5585326
          ],
          [
            -72.0257808,
            11.5585311
          ],
          [
            -72.0257764,
            11.5585296
          ],
          [
            -72.0257721,
            11.5585281
          ],
          [
            -72.0257678,
            11.5585266
          ],
          [
            -72.0257635,
            11.5585251
          ],
          [
            -72.0257592,
            11.5585237
          ],
          [
            -72.0257548,
            11.5585222
          ],
          [
            -72.0257505,
            11.5585207
          ],
          [
            -72.0257462,
            11.5585192
          ],
          [
            -72.0257419,
            11.5585177
          ],
          [
            -72.0257375,
            11.5585162
          ],
          [
            -72.0257332,
            11.5585147
          ],
          [
            -72.0257289,
            11.5585132
          ],
          [
            -72.0257246,
            11.5585117
          ],
          [
            -72.0257203,
            11.5585102
          ],
          [
            -72.0257159,
            11.5585087
          ],
          [
            -72.0257116,
            11.5585072
          ],
          [
            -72.0257073,
            11.5585057
          ],
          [
            -72.025703,
            11.5585043
          ],
          [
            -72.0256986,
            11.5585028
          ],
          [
            -72.0256943,
            11.5585013
          ],
          [
            -72.02569,
            11.5584998
          ],
          [
            -72.0256857,
            11.5584983
          ],
          [
            -72.0256814,
            11.5584968
          ],
          [
            -72.025677,
            11.5584953
          ],
          [
            -72.0256727,
            11.5584938
          ],
          [
            -72.0256684,
            11.5584923
          ],
          [
            -72.0256641,
            11.5584908
          ],
          [
            -72.0256597,
            11.5584893
          ],
          [
            -72.0256554,
            11.5584878
          ],
          [
            -72.0256511,
            11.5584863
          ],
          [
            -72.0256468,
            11.5584849
          ],
          [
            -72.0256424,
            11.5584834
          ],
          [
            -72.0256381,
            11.5584819
          ],
          [
            -72.0256338,
            11.5584804
          ],
          [
            -72.0256295,
            11.5584789
          ],
          [
            -72.0256252,
            11.5584774
          ],
          [
            -72.0256208,
            11.5584759
          ],
          [
            -72.0256165,
            11.5584744
          ],
          [
            -72.0256122,
            11.5584729
          ],
          [
            -72.0256079,
            11.5584714
          ],
          [
            -72.0256035,
            11.5584699
          ],
          [
            -72.0255992,
            11.5584684
          ],
          [
            -72.0255949,
            11.5584669
          ],
          [
            -72.0255906,
            11.5584655
          ],
          [
            -72.0255863,
            11.558464
          ],
          [
            -72.0255819,
            11.5584625
          ],
          [
            -72.0255776,
            11.558461
          ],
          [
            -72.0255733,
            11.5584595
          ],
          [
            -72.025569,
            11.558458
          ],
          [
            -72.0255646,
            11.5584565
          ],
          [
            -72.0255603,
            11.558455
          ],
          [
            -72.025556,
            11.5584535
          ],
          [
            -72.0255517,
            11.558452
          ],
          [
            -72.0255474,
            11.5584505
          ],
          [
            -72.025543,
            11.558449
          ],
          [
            -72.0255387,
            11.5584475
          ],
          [
            -72.0255344,
            11.5584461
          ],
          [
            -72.0255301,
            11.5584446
          ],
          [
            -72.0255257,
            11.5584431
          ],
          [
            -72.0255214,
            11.5584416
          ],
          [
            -72.0255171,
            11.5584401
          ],
          [
            -72.0255128,
            11.5584386
          ],
          [
            -72.0255085,
            11.5584371
          ],
          [
            -72.0255041,
            11.5584356
          ],
          [
            -72.0254998,
            11.5584341
          ],
          [
            -72.0254955,
            11.5584326
          ],
          [
            -72.0254912,
            11.5584311
          ],
          [
            -72.0254868,
            11.5584296
          ],
          [
            -72.0254825,
            11.5584281
          ],
          [
            -72.0254782,
            11.5584267
          ],
          [
            -72.0254739,
            11.5584252
          ],
          [
            -72.0254695,
            11.5584237
          ],
          [
            -72.0254652,
            11.5584222
          ],
          [
            -72.0254609,
            11.5584207
          ],
          [
            -72.0254566,
            11.5584192
          ],
          [
            -72.0254523,
            11.5584177
          ],
          [
            -72.0254479,
            11.5584162
          ],
          [
            -72.0254436,
            11.5584147
          ],
          [
            -72.0254393,
            11.5584132
          ],
          [
            -72.025435,
            11.5584117
          ],
          [
            -72.0254307,
            11.5584102
          ],
          [
            -72.0254263,
            11.5584087
          ],
          [
            -72.025422,
            11.5584073
          ],
          [
            -72.0254177,
            11.5584058
          ],
          [
            -72.0254134,
            11.5584043
          ],
          [
            -72.025409,
            11.5584028
          ],
          [
            -72.0254047,
            11.5584013
          ],
          [
            -72.0254004,
            11.5583998
          ],
          [
            -72.0253961,
            11.5583983
          ],
          [
            -72.0253917,
            11.5583968
          ],
          [
            -72.0253874,
            11.5583953
          ],
          [
            -72.0253831,
            11.5583938
          ],
          [
            -72.0253788,
            11.5583923
          ],
          [
            -72.0253745,
            11.5583908
          ],
          [
            -72.0253701,
            11.5583893
          ],
          [
            -72.0253658,
            11.5583879
          ],
          [
            -72.0253615,
            11.5583864
          ],
          [
            -72.0253572,
            11.5583849
          ],
          [
            -72.0253528,
            11.5583834
          ],
          [
            -72.0253485,
            11.5583819
          ],
          [
            -72.0253442,
            11.5583804
          ],
          [
            -72.0253399,
            11.5583789
          ],
          [
            -72.0253355,
            11.5583774
          ],
          [
            -72.0253312,
            11.5583759
          ],
          [
            -72.0253269,
            11.5583744
          ],
          [
            -72.0253226,
            11.5583729
          ],
          [
            -72.0253183,
            11.5583714
          ],
          [
            -72.0253139,
            11.5583699
          ],
          [
            -72.0253096,
            11.5583685
          ],
          [
            -72.0253053,
            11.558367
          ],
          [
            -72.025301,
            11.5583655
          ],
          [
            -72.0252966,
            11.558364
          ],
          [
            -72.0252923,
            11.5583625
          ],
          [
            -72.025288,
            11.558361
          ],
          [
            -72.0252837,
            11.5583595
          ],
          [
            -72.0252794,
            11.558358
          ],
          [
            -72.025275,
            11.5583565
          ],
          [
            -72.0252707,
            11.558355
          ],
          [
            -72.0252664,
            11.5583535
          ],
          [
            -72.0252621,
            11.558352
          ],
          [
            -72.0252577,
            11.5583505
          ],
          [
            -72.0252534,
            11.5583491
          ],
          [
            -72.0252491,
            11.5583476
          ],
          [
            -72.0252448,
            11.5583461
          ],
          [
            -72.0252405,
            11.5583446
          ],
          [
            -72.0252361,
            11.5583431
          ],
          [
            -72.0252318,
            11.5583416
          ],
          [
            -72.0252275,
            11.5583401
          ],
          [
            -72.0252232,
            11.5583386
          ],
          [
            -72.0252188,
            11.5583371
          ],
          [
            -72.0252145,
            11.5583356
          ],
          [
            -72.0252102,
            11.5583341
          ],
          [
            -72.0252059,
            11.5583326
          ],
          [
            -72.0252016,
            11.5583311
          ],
          [
            -72.0251972,
            11.5583297
          ],
          [
            -72.0251929,
            11.5583282
          ],
          [
            -72.0251886,
            11.5583267
          ],
          [
            -72.0251843,
            11.5583252
          ],
          [
            -72.0251799,
            11.5583237
          ],
          [
            -72.0251756,
            11.5583222
          ],
          [
            -72.0251713,
            11.5583207
          ],
          [
            -72.025167,
            11.5583192
          ],
          [
            -72.0251626,
            11.5583177
          ],
          [
            -72.0251583,
            11.5583162
          ],
          [
            -72.025154,
            11.5583147
          ],
          [
            -72.0251497,
            11.5583132
          ],
          [
            -72.0251454,
            11.5583117
          ],
          [
            -72.025141,
            11.5583103
          ],
          [
            -72.0251367,
            11.5583088
          ],
          [
            -72.0251324,
            11.5583073
          ],
          [
            -72.0251281,
            11.5583058
          ],
          [
            -72.0251237,
            11.5583043
          ],
          [
            -72.0251194,
            11.5583028
          ],
          [
            -72.0251151,
            11.5583013
          ],
          [
            -72.0251108,
            11.5582998
          ],
          [
            -72.0251065,
            11.5582983
          ],
          [
            -72.0251021,
            11.5582968
          ],
          [
            -72.0250978,
            11.5582953
          ],
          [
            -72.0250935,
            11.5582938
          ],
          [
            -72.0250892,
            11.5582923
          ],
          [
            -72.0250848,
            11.5582909
          ],
          [
            -72.0250805,
            11.5582894
          ],
          [
            -72.0250762,
            11.5582879
          ],
          [
            -72.0250719,
            11.5582864
          ],
          [
            -72.0250676,
            11.5582849
          ],
          [
            -72.0250632,
            11.5582834
          ],
          [
            -72.0250589,
            11.5582819
          ],
          [
            -72.0250546,
            11.5582804
          ],
          [
            -72.0250503,
            11.5582789
          ],
          [
            -72.0250459,
            11.5582774
          ],
          [
            -72.0250416,
            11.5582759
          ],
          [
            -72.0250373,
            11.5582744
          ],
          [
            -72.025033,
            11.5582729
          ],
          [
            -72.0250287,
            11.5582715
          ],
          [
            -72.0250243,
            11.55827
          ],
          [
            -72.02502,
            11.5582685
          ],
          [
            -72.0250157,
            11.558267
          ],
          [
            -72.0250114,
            11.5582655
          ],
          [
            -72.025007,
            11.558264
          ],
          [
            -72.0250027,
            11.5582625
          ],
          [
            -72.0249984,
            11.558261
          ],
          [
            -72.0249941,
            11.5582595
          ],
          [
            -72.0249898,
            11.558258
          ],
          [
            -72.0249854,
            11.5582565
          ],
          [
            -72.0249811,
            11.558255
          ],
          [
            -72.0249768,
            11.5582535
          ],
          [
            -72.0249725,
            11.5582521
          ],
          [
            -72.0249681,
            11.5582506
          ],
          [
            -72.0249638,
            11.5582491
          ],
          [
            -72.0249595,
            11.5582476
          ],
          [
            -72.0249552,
            11.5582461
          ],
          [
            -72.0249509,
            11.5582446
          ],
          [
            -72.0249465,
            11.5582431
          ],
          [
            -72.0249422,
            11.5582416
          ],
          [
            -72.0249379,
            11.5582401
          ],
          [
            -72.0249336,
            11.5582386
          ],
          [
            -72.0249292,
            11.5582371
          ],
          [
            -72.0249249,
            11.5582356
          ],
          [
            -72.0249206,
            11.5582341
          ],
          [
            -72.0249163,
            11.5582327
          ],
          [
            -72.0249119,
            11.5582312
          ],
          [
            -72.0249076,
            11.5582297
          ],
          [
            -72.0249033,
            11.5582282
          ],
          [
            -72.024899,
            11.5582267
          ],
          [
            -72.0248947,
            11.5582252
          ],
          [
            -72.0248903,
            11.5582237
          ],
          [
            -72.024886,
            11.5582222
          ],
          [
            -72.0248817,
            11.5582207
          ],
          [
            -72.0248774,
            11.5582192
          ],
          [
            -72.024873,
            11.5582177
          ],
          [
            -72.0248687,
            11.5582162
          ],
          [
            -72.0248644,
            11.5582147
          ],
          [
            -72.0248601,
            11.5582133
          ],
          [
            -72.0248558,
            11.5582118
          ],
          [
            -72.0248514,
            11.5582103
          ],
          [
            -72.0248471,
            11.5582088
          ],
          [
            -72.0248428,
            11.5582073
          ],
          [
            -72.0248385,
            11.5582058
          ],
          [
            -72.0248341,
            11.5582043
          ],
          [
            -72.0248298,
            11.5582028
          ],
          [
            -72.0248255,
            11.5582013
          ],
          [
            -72.0248212,
            11.5581998
          ],
          [
            -72.0248169,
            11.5581983
          ],
          [
            -72.0248125,
            11.5581968
          ],
          [
            -72.0248082,
            11.5581953
          ],
          [
            -72.0248039,
            11.5581939
          ],
          [
            -72.0247996,
            11.5581924
          ],
          [
            -72.0247952,
            11.5581909
          ],
          [
            -72.0247909,
            11.5581894
          ],
          [
            -72.0247866,
            11.5581879
          ],
          [
            -72.0247823,
            11.5581864
          ],
          [
            -72.0247779,
            11.5581849
          ],
          [
            -72.0247736,
            11.5581834
          ],
          [
            -72.0247693,
            11.5581819
          ],
          [
            -72.024765,
            11.5581804
          ],
          [
            -72.0247607,
            11.5581789
          ],
          [
            -72.0247563,
            11.5581774
          ],
          [
            -72.024752,
            11.5581759
          ],
          [
            -72.0247477,
            11.5581745
          ],
          [
            -72.0247434,
            11.558173
          ],
          [
            -72.024739,
            11.5581715
          ],
          [
            -72.0247347,
            11.55817
          ],
          [
            -72.0247304,
            11.5581685
          ],
          [
            -72.0247261,
            11.558167
          ],
          [
            -72.0247218,
            11.5581655
          ],
          [
            -72.0247174,
            11.558164
          ],
          [
            -72.0247131,
            11.5581625
          ],
          [
            -72.0247088,
            11.558161
          ],
          [
            -72.0247045,
            11.5581595
          ],
          [
            -72.0247001,
            11.558158
          ],
          [
            -72.0246958,
            11.5581565
          ],
          [
            -72.0246915,
            11.5581551
          ],
          [
            -72.0246872,
            11.5581536
          ],
          [
            -72.0246829,
            11.5581521
          ],
          [
            -72.0246785,
            11.5581506
          ],
          [
            -72.0246742,
            11.5581491
          ],
          [
            -72.0246699,
            11.5581476
          ],
          [
            -72.0246656,
            11.5581461
          ],
          [
            -72.0246612,
            11.5581446
          ],
          [
            -72.0246569,
            11.5581431
          ],
          [
            -72.0246526,
            11.5581416
          ],
          [
            -72.0246483,
            11.5581401
          ],
          [
            -72.024644,
            11.5581386
          ],
          [
            -72.0246396,
            11.5581371
          ],
          [
            -72.0246353,
            11.5581356
          ],
          [
            -72.024631,
            11.5581342
          ],
          [
            -72.0246267,
            11.5581327
          ],
          [
            -72.0246223,
            11.5581312
          ],
          [
            -72.024618,
            11.5581297
          ],
          [
            -72.0246137,
            11.5581282
          ],
          [
            -72.0246094,
            11.5581267
          ],
          [
            -72.024605,
            11.5581252
          ],
          [
            -72.0246007,
            11.5581237
          ],
          [
            -72.0245964,
            11.5581222
          ],
          [
            -72.0245921,
            11.5581207
          ],
          [
            -72.0245878,
            11.5581192
          ],
          [
            -72.0245834,
            11.5581177
          ],
          [
            -72.0245791,
            11.5581162
          ],
          [
            -72.0245748,
            11.5581148
          ],
          [
            -72.0245705,
            11.5581133
          ],
          [
            -72.0245661,
            11.5581118
          ],
          [
            -72.0245618,
            11.5581103
          ],
          [
            -72.0245575,
            11.5581088
          ],
          [
            -72.0245532,
            11.5581073
          ],
          [
            -72.0245489,
            11.5581058
          ],
          [
            -72.0245445,
            11.5581043
          ],
          [
            -72.0245402,
            11.5581028
          ],
          [
            -72.0245359,
            11.5581013
          ],
          [
            -72.0245316,
            11.5580998
          ],
          [
            -72.0245272,
            11.5580983
          ],
          [
            -72.0245229,
            11.5580968
          ],
          [
            -72.0245186,
            11.5580954
          ],
          [
            -72.0245143,
            11.5580939
          ],
          [
            -72.02451,
            11.5580924
          ],
          [
            -72.0245056,
            11.5580909
          ],
          [
            -72.0245013,
            11.5580894
          ],
          [
            -72.024497,
            11.5580879
          ],
          [
            -72.0244927,
            11.5580864
          ],
          [
            -72.0244883,
            11.5580849
          ],
          [
            -72.024484,
            11.5580834
          ],
          [
            -72.0244797,
            11.5580819
          ],
          [
            -72.0244754,
            11.5580804
          ],
          [
            -72.024471,
            11.5580789
          ],
          [
            -72.0244667,
            11.5580774
          ],
          [
            -72.0244624,
            11.5580759
          ],
          [
            -72.0244581,
            11.5580745
          ],
          [
            -72.0244538,
            11.558073
          ],
          [
            -72.0244494,
            11.5580715
          ],
          [
            -72.0244451,
            11.55807
          ],
          [
            -72.0244408,
            11.5580685
          ],
          [
            -72.0244365,
            11.558067
          ],
          [
            -72.0244321,
            11.5580655
          ],
          [
            -72.0244278,
            11.558064
          ],
          [
            -72.0244235,
            11.5580625
          ],
          [
            -72.0244192,
            11.558061
          ],
          [
            -72.0244149,
            11.5580595
          ],
          [
            -72.0244105,
            11.558058
          ],
          [
            -72.0244062,
            11.5580565
          ],
          [
            -72.0244019,
            11.5580551
          ],
          [
            -72.0243976,
            11.5580536
          ],
          [
            -72.0243932,
            11.5580521
          ],
          [
            -72.0243889,
            11.5580506
          ],
          [
            -72.0243846,
            11.5580491
          ],
          [
            -72.0243803,
            11.5580476
          ],
          [
            -72.024376,
            11.5580461
          ],
          [
            -72.0243716,
            11.5580446
          ],
          [
            -72.0243673,
            11.5580431
          ],
          [
            -72.024363,
            11.5580416
          ],
          [
            -72.0243587,
            11.5580401
          ],
          [
            -72.0243543,
            11.5580386
          ],
          [
            -72.02435,
            11.5580371
          ],
          [
            -72.0243457,
            11.5580357
          ],
          [
            -72.0243414,
            11.5580342
          ],
          [
            -72.0243371,
            11.5580327
          ],
          [
            -72.0243327,
            11.5580312
          ],
          [
            -72.0243284,
            11.5580297
          ],
          [
            -72.0243241,
            11.5580282
          ],
          [
            -72.0243198,
            11.5580267
          ],
          [
            -72.0243154,
            11.5580252
          ],
          [
            -72.0243111,
            11.5580237
          ],
          [
            -72.0243068,
            11.5580222
          ],
          [
            -72.0243025,
            11.5580207
          ],
          [
            -72.0242981,
            11.5580192
          ],
          [
            -72.0242938,
            11.5580177
          ],
          [
            -72.0242895,
            11.5580163
          ],
          [
            -72.0242852,
            11.5580148
          ],
          [
            -72.0242809,
            11.5580133
          ],
          [
            -72.0242765,
            11.5580118
          ],
          [
            -72.0242722,
            11.5580103
          ],
          [
            -72.0242679,
            11.5580088
          ],
          [
            -72.0242636,
            11.5580073
          ],
          [
            -72.0242593,
            11.5580058
          ],
          [
            -72.0242549,
            11.5580043
          ],
          [
            -72.0242506,
            11.5580028
          ],
          [
            -72.0242463,
            11.5580013
          ],
          [
            -72.024242,
            11.5579998
          ],
          [
            -72.0242376,
            11.5579984
          ],
          [
            -72.0242333,
            11.5579969
          ],
          [
            -72.024229,
            11.5579954
          ],
          [
            -72.0242247,
            11.5579939
          ],
          [
            -72.0242203,
            11.5579924
          ],
          [
            -72.024216,
            11.5579909
          ],
          [
            -72.0242117,
            11.5579894
          ],
          [
            -72.0242074,
            11.5579879
          ],
          [
            -72.0242031,
            11.5579864
          ],
          [
            -72.0241987,
            11.5579849
          ],
          [
            -72.0241944,
            11.5579834
          ],
          [
            -72.0241901,
            11.5579819
          ],
          [
            -72.0241858,
            11.5579804
          ],
          [
            -72.0241814,
            11.557979
          ],
          [
            -72.0241771,
            11.5579775
          ],
          [
            -72.0241728,
            11.557976
          ],
          [
            -72.0241685,
            11.5579745
          ],
          [
            -72.0241642,
            11.557973
          ],
          [
            -72.0241598,
            11.5579715
          ],
          [
            -72.0241555,
            11.55797
          ],
          [
            -72.0241512,
            11.5579685
          ],
          [
            -72.0241469,
            11.557967
          ],
          [
            -72.0241425,
            11.5579655
          ],
          [
            -72.0241382,
            11.557964
          ],
          [
            -72.0241339,
            11.5579625
          ],
          [
            -72.0241296,
            11.557961
          ],
          [
            -72.0241253,
            11.5579596
          ],
          [
            -72.0241209,
            11.5579581
          ],
          [
            -72.0241166,
            11.5579566
          ],
          [
            -72.0241123,
            11.5579551
          ],
          [
            -72.024108,
            11.5579536
          ],
          [
            -72.0241036,
            11.5579521
          ],
          [
            -72.0240993,
            11.5579506
          ],
          [
            -72.024095,
            11.5579491
          ],
          [
            -72.0240907,
            11.5579476
          ],
          [
            -72.0240864,
            11.5579461
          ],
          [
            -72.024082,
            11.5579446
          ],
          [
            -72.0240777,
            11.5579431
          ],
          [
            -72.0240734,
            11.5579416
          ],
          [
            -72.0240691,
            11.5579402
          ],
          [
            -72.0240647,
            11.5579387
          ],
          [
            -72.0240604,
            11.5579372
          ],
          [
            -72.0240561,
            11.5579357
          ],
          [
            -72.0240518,
            11.5579342
          ],
          [
            -72.0240474,
            11.5579327
          ],
          [
            -72.0240431,
            11.5579312
          ],
          [
            -72.0240388,
            11.5579297
          ],
          [
            -72.0240345,
            11.5579282
          ],
          [
            -72.0240302,
            11.5579267
          ],
          [
            -72.0240258,
            11.5579252
          ],
          [
            -72.0240215,
            11.5579237
          ],
          [
            -72.0240172,
            11.5579222
          ],
          [
            -72.0240129,
            11.5579208
          ],
          [
            -72.0240085,
            11.5579193
          ],
          [
            -72.0240042,
            11.5579178
          ],
          [
            -72.0239999,
            11.5579163
          ],
          [
            -72.0239956,
            11.5579148
          ],
          [
            -72.0239913,
            11.5579133
          ],
          [
            -72.0239869,
            11.5579118
          ],
          [
            -72.0239826,
            11.5579103
          ],
          [
            -72.0239783,
            11.5579088
          ],
          [
            -72.023974,
            11.5579073
          ],
          [
            -72.0239704,
            11.5579061
          ],
          [
            -72.0239696,
            11.5579058
          ],
          [
            -72.0239653,
            11.5579044
          ],
          [
            -72.023961,
            11.5579029
          ],
          [
            -72.0239566,
            11.5579015
          ],
          [
            -72.0239523,
            11.5579
          ],
          [
            -72.0239479,
            11.5578987
          ],
          [
            -72.0239436,
            11.5578973
          ],
          [
            -72.0239392,
            11.5578959
          ],
          [
            -72.0239348,
            11.5578946
          ],
          [
            -72.0239304,
            11.5578933
          ],
          [
            -72.023926,
            11.557892
          ],
          [
            -72.0239216,
            11.5578908
          ],
          [
            -72.0239172,
            11.5578895
          ],
          [
            -72.0239128,
            11.5578883
          ],
          [
            -72.0239084,
            11.5578871
          ],
          [
            -72.023904,
            11.5578859
          ],
          [
            -72.0238996,
            11.5578848
          ],
          [
            -72.0238951,
            11.5578836
          ],
          [
            -72.0238907,
            11.5578825
          ],
          [
            -72.0238862,
            11.5578814
          ],
          [
            -72.0238818,
            11.5578804
          ],
          [
            -72.0238773,
            11.5578793
          ],
          [
            -72.0238729,
            11.5578783
          ],
          [
            -72.0238684,
            11.5578773
          ],
          [
            -72.023864,
            11.5578763
          ],
          [
            -72.0238595,
            11.5578754
          ],
          [
            -72.023855,
            11.5578744
          ],
          [
            -72.0238505,
            11.5578735
          ],
          [
            -72.023846,
            11.5578726
          ],
          [
            -72.0238415,
            11.5578718
          ],
          [
            -72.023837,
            11.5578709
          ],
          [
            -72.0238325,
            11.5578701
          ],
          [
            -72.023828,
            11.5578693
          ],
          [
            -72.0238235,
            11.5578685
          ],
          [
            -72.023819,
            11.5578677
          ],
          [
            -72.0238145,
            11.557867
          ],
          [
            -72.0238099,
            11.5578663
          ],
          [
            -72.0238054,
            11.5578656
          ],
          [
            -72.0238009,
            11.5578649
          ],
          [
            -72.0237964,
            11.5578643
          ],
          [
            -72.0237918,
            11.5578637
          ],
          [
            -72.0237873,
            11.5578631
          ],
          [
            -72.0237827,
            11.5578625
          ],
          [
            -72.0237782,
            11.5578619
          ],
          [
            -72.0237736,
            11.5578614
          ],
          [
            -72.0237691,
            11.5578609
          ],
          [
            -72.0237645,
            11.5578604
          ],
          [
            -72.02376,
            11.5578599
          ],
          [
            -72.0237554,
            11.5578595
          ],
          [
            -72.0237509,
            11.5578591
          ],
          [
            -72.0237463,
            11.5578587
          ],
          [
            -72.0237417,
            11.5578583
          ],
          [
            -72.0237372,
            11.5578579
          ],
          [
            -72.0237326,
            11.5578576
          ],
          [
            -72.023728,
            11.5578573
          ],
          [
            -72.0237235,
            11.557857
          ],
          [
            -72.0237189,
            11.5578568
          ],
          [
            -72.0237143,
            11.5578565
          ],
          [
            -72.0237098,
            11.5578563
          ],
          [
            -72.0237052,
            11.5578561
          ],
          [
            -72.0237006,
            11.5578559
          ],
          [
            -72.023696,
            11.5578558
          ],
          [
            -72.0236914,
            11.5578557
          ],
          [
            -72.0236869,
            11.5578555
          ],
          [
            -72.0236823,
            11.5578555
          ],
          [
            -72.0236777,
            11.5578554
          ],
          [
            -72.0236731,
            11.5578554
          ],
          [
            -72.0236686,
            11.5578553
          ],
          [
            -72.023664,
            11.5578554
          ],
          [
            -72.0236594,
            11.5578554
          ],
          [
            -72.0236548,
            11.5578554
          ],
          [
            -72.0236502,
            11.5578555
          ],
          [
            -72.0236457,
            11.5578556
          ],
          [
            -72.0236411,
            11.5578557
          ],
          [
            -72.0236365,
            11.5578559
          ],
          [
            -72.0236319,
            11.557856
          ],
          [
            -72.0236273,
            11.5578562
          ],
          [
            -72.0236228,
            11.5578564
          ],
          [
            -72.0236182,
            11.5578567
          ],
          [
            -72.0236136,
            11.5578569
          ],
          [
            -72.0236091,
            11.5578572
          ],
          [
            -72.0236045,
            11.5578575
          ],
          [
            -72.0235999,
            11.5578578
          ],
          [
            -72.0235954,
            11.5578582
          ],
          [
            -72.0235908,
            11.5578585
          ],
          [
            -72.0235862,
            11.5578589
          ],
          [
            -72.0235817,
            11.5578593
          ],
          [
            -72.0235771,
            11.5578598
          ],
          [
            -72.0235725,
            11.5578602
          ],
          [
            -72.023568,
            11.5578607
          ],
          [
            -72.0235634,
            11.5578612
          ],
          [
            -72.0235589,
            11.5578617
          ],
          [
            -72.0235543,
            11.5578623
          ],
          [
            -72.0235498,
            11.5578629
          ],
          [
            -72.0235453,
            11.5578635
          ],
          [
            -72.0235407,
            11.5578641
          ],
          [
            -72.0235362,
            11.5578647
          ],
          [
            -72.0235317,
            11.5578654
          ],
          [
            -72.0235271,
            11.5578661
          ],
          [
            -72.0235226,
            11.5578668
          ],
          [
            -72.0235181,
            11.5578675
          ],
          [
            -72.0235136,
            11.5578682
          ],
          [
            -72.0235091,
            11.557869
          ],
          [
            -72.0235046,
            11.5578698
          ],
          [
            -72.0235,
            11.5578706
          ],
          [
            -72.0234956,
            11.5578714
          ],
          [
            -72.0234911,
            11.5578723
          ],
          [
            -72.0234866,
            11.5578732
          ],
          [
            -72.0234821,
            11.5578741
          ],
          [
            -72.0234776,
            11.557875
          ],
          [
            -72.0234731,
            11.557876
          ],
          [
            -72.0234686,
            11.5578769
          ],
          [
            -72.0234642,
            11.5578779
          ],
          [
            -72.0234597,
            11.5578789
          ],
          [
            -72.0234553,
            11.55788
          ],
          [
            -72.0234508,
            11.557881
          ],
          [
            -72.0234464,
            11.5578821
          ],
          [
            -72.0234419,
            11.5578832
          ],
          [
            -72.0234375,
            11.5578843
          ],
          [
            -72.023433,
            11.5578855
          ],
          [
            -72.0234286,
            11.5578867
          ],
          [
            -72.0234242,
            11.5578878
          ],
          [
            -72.0234198,
            11.5578891
          ],
          [
            -72.0234154,
            11.5578903
          ],
          [
            -72.023411,
            11.5578915
          ],
          [
            -72.0234066,
            11.5578928
          ],
          [
            -72.0234022,
            11.5578941
          ],
          [
            -72.0233978,
            11.5578954
          ],
          [
            -72.0233935,
            11.5578968
          ],
          [
            -72.0233891,
            11.5578981
          ],
          [
            -72.0233847,
            11.5578995
          ],
          [
            -72.0233804,
            11.5579009
          ],
          [
            -72.023376,
            11.5579024
          ],
          [
            -72.0233717,
            11.5579038
          ],
          [
            -72.0233674,
            11.5579053
          ],
          [
            -72.023363,
            11.5579068
          ],
          [
            -72.0233587,
            11.5579083
          ],
          [
            -72.0233544,
            11.5579098
          ],
          [
            -72.0233501,
            11.5579114
          ],
          [
            -72.0233458,
            11.557913
          ],
          [
            -72.0233415,
            11.5579146
          ],
          [
            -72.0233373,
            11.5579162
          ],
          [
            -72.023333,
            11.5579178
          ],
          [
            -72.0233287,
            11.5579195
          ],
          [
            -72.0233245,
            11.5579212
          ],
          [
            -72.0233203,
            11.5579229
          ],
          [
            -72.023316,
            11.5579246
          ],
          [
            -72.0233118,
            11.5579263
          ],
          [
            -72.0233076,
            11.5579281
          ],
          [
            -72.0233034,
            11.5579299
          ],
          [
            -72.0232992,
            11.5579317
          ],
          [
            -72.023295,
            11.5579335
          ],
          [
            -72.0232908,
            11.5579354
          ],
          [
            -72.0232866,
            11.5579372
          ],
          [
            -72.0232825,
            11.5579391
          ],
          [
            -72.0232783,
            11.557941
          ],
          [
            -72.0232742,
            11.557943
          ],
          [
            -72.0232701,
            11.5579449
          ],
          [
            -72.0232659,
            11.5579469
          ],
          [
            -72.0232618,
            11.5579489
          ],
          [
            -72.0232577,
            11.5579509
          ],
          [
            -72.0232536,
            11.5579529
          ],
          [
            -72.0232496,
            11.557955
          ],
          [
            -72.0232455,
            11.557957
          ],
          [
            -72.0232414,
            11.5579591
          ],
          [
            -72.0232374,
            11.5579612
          ],
          [
            -72.0232333,
            11.5579634
          ],
          [
            -72.0232293,
            11.5579655
          ],
          [
            -72.0232253,
            11.5579677
          ],
          [
            -72.0232213,
            11.5579699
          ],
          [
            -72.0232173,
            11.5579721
          ],
          [
            -72.0232133,
            11.5579743
          ],
          [
            -72.0232094,
            11.5579766
          ],
          [
            -72.0232054,
            11.5579788
          ],
          [
            -72.0232014,
            11.5579811
          ],
          [
            -72.0231975,
            11.5579834
          ],
          [
            -72.0231936,
            11.5579858
          ],
          [
            -72.0231897,
            11.5579881
          ],
          [
            -72.0231858,
            11.5579905
          ],
          [
            -72.0231819,
            11.5579929
          ],
          [
            -72.023178,
            11.5579953
          ],
          [
            -72.0231741,
            11.5579977
          ],
          [
            -72.0231703,
            11.5580001
          ],
          [
            -72.0231664,
            11.5580026
          ],
          [
            -72.0231626,
            11.5580051
          ],
          [
            -72.0231588,
            11.5580076
          ],
          [
            -72.023155,
            11.5580101
          ],
          [
            -72.0231512,
            11.5580126
          ],
          [
            -72.0231474,
            11.5580152
          ],
          [
            -72.0231437,
            11.5580178
          ],
          [
            -72.0231399,
            11.5580204
          ],
          [
            -72.0231362,
            11.558023
          ],
          [
            -72.0231325,
            11.5580256
          ],
          [
            -72.0231288,
            11.5580282
          ],
          [
            -72.0231251,
            11.5580309
          ],
          [
            -72.0231214,
            11.5580336
          ],
          [
            -72.0231177,
            11.5580363
          ],
          [
            -72.0231141,
            11.558039
          ],
          [
            -72.0231104,
            11.5580418
          ],
          [
            -72.0231068,
            11.5580445
          ],
          [
            -72.0231032,
            11.5580473
          ],
          [
            -72.0230996,
            11.5580501
          ],
          [
            -72.023096,
            11.5580529
          ],
          [
            -72.0230931,
            11.5580552
          ],
          [
            -72.0230924,
            11.5580557
          ],
          [
            -72.0230889,
            11.5580586
          ],
          [
            -72.0230853,
            11.5580614
          ],
          [
            -72.0230817,
            11.5580642
          ],
          [
            -72.0230781,
            11.5580671
          ],
          [
            -72.0230746,
            11.5580699
          ],
          [
            -72.023071,
            11.5580727
          ],
          [
            -72.0230675,
            11.5580755
          ],
          [
            -72.0230639,
            11.5580784
          ],
          [
            -72.0230603,
            11.5580812
          ],
          [
            -72.0230568,
            11.558084
          ],
          [
            -72.0230532,
            11.5580869
          ],
          [
            -72.0230496,
            11.5580897
          ],
          [
            -72.0230461,
            11.5580925
          ],
          [
            -72.0230425,
            11.5580954
          ],
          [
            -72.0230389,
            11.5580982
          ],
          [
            -72.0230353,
            11.558101
          ],
          [
            -72.0230318,
            11.5581039
          ],
          [
            -72.0230282,
            11.5581067
          ],
          [
            -72.0230247,
            11.5581095
          ],
          [
            -72.0230211,
            11.5581124
          ],
          [
            -72.0230175,
            11.5581152
          ],
          [
            -72.023014,
            11.558118
          ],
          [
            -72.0230104,
            11.5581209
          ],
          [
            -72.0230068,
            11.5581237
          ],
          [
            -72.0230032,
            11.5581265
          ],
          [
            -72.0229997,
            11.5581294
          ],
          [
            -72.0229961,
            11.5581322
          ],
          [
            -72.0229926,
            11.558135
          ],
          [
            -72.022989,
            11.5581379
          ],
          [
            -72.0229854,
            11.5581407
          ],
          [
            -72.0229819,
            11.5581435
          ],
          [
            -72.0229783,
            11.5581464
          ],
          [
            -72.0229747,
            11.5581492
          ],
          [
            -72.0229712,
            11.558152
          ],
          [
            -72.0229676,
            11.5581549
          ],
          [
            -72.022964,
            11.5581577
          ],
          [
            -72.0229605,
            11.5581605
          ],
          [
            -72.0229569,
            11.5581634
          ],
          [
            -72.0229533,
            11.5581662
          ],
          [
            -72.0229498,
            11.558169
          ],
          [
            -72.0229462,
            11.5581719
          ],
          [
            -72.0229426,
            11.5581747
          ],
          [
            -72.0229411,
            11.5581759
          ],
          [
            -72.0229391,
            11.5581775
          ],
          [
            -72.0229355,
            11.5581804
          ],
          [
            -72.0229319,
            11.5581832
          ],
          [
            -72.0229284,
            11.558186
          ],
          [
            -72.0229248,
            11.5581889
          ],
          [
            -72.0229212,
            11.5581917
          ],
          [
            -72.0229177,
            11.5581945
          ],
          [
            -72.0229141,
            11.5581974
          ],
          [
            -72.0229105,
            11.5582002
          ],
          [
            -72.022907,
            11.558203
          ],
          [
            -72.0229034,
            11.5582059
          ],
          [
            -72.0228998,
            11.5582087
          ],
          [
            -72.0228963,
            11.5582115
          ],
          [
            -72.0228927,
            11.5582144
          ]
        ]
      }
    },
    {
      "type": "Feature",
      "properties": {
        "Shape_Leng": 0.0,
        "Longitud": 191.7,
        "Aero": "WP15-AWP14",
        "Grupo": 0
      },
      "geometry": {
        "type": "LineString",
        "coordinates": [
          [
            -72.0228927,
            11.5582144
          ],
          [
            -72.0228891,
            11.5582172
          ],
          [
            -72.0228856,
            11.55822
          ],
          [
            -72.022882,
            11.5582229
          ],
          [
            -72.0228784,
            11.5582257
          ],
          [
            -72.0228749,
            11.5582285
          ],
          [
            -72.0228713,
            11.5582314
          ],
          [
            -72.0228677,
            11.5582342
          ],
          [
            -72.0228642,
            11.558237
          ],
          [
            -72.0228606,
            11.5582399
          ],
          [
            -72.022857,
            11.5582427
          ],
          [
            -72.0228535,
            11.5582455
          ],
          [
            -72.0228499,
            11.5582484
          ],
          [
            -72.0228463,
            11.5582512
          ],
          [
            -72.0228428,
            11.558254
          ],
          [
            -72.0228392,
            11.5582569
          ],
          [
            -72.0228356,
            11.5582597
          ],
          [
            -72.0228321,
            11.5582625
          ],
          [
            -72.0228285,
            11.5582654
          ],
          [
            -72.0228249,
            11.5582682
          ],
          [
            -72.0228214,
            11.558271
          ],
          [
            -72.0228178,
            11.5582739
          ],
          [
            -72.0228142,
            11.5582767
          ],
          [
            -72.0228107,
            11.5582795
          ],
          [
            -72.0228071,
            11.5582824
          ],
          [
            -72.0228035,
            11.5582852
          ],
          [
            -72.0228,
            11.558288
          ],
          [
            -72.0227964,
            11.5582909
          ],
          [
            -72.0227928,
            11.5582937
          ],
          [
            -72.0227893,
            11.5582965
          ],
          [
            -72.0227857,
            11.5582993
          ],
          [
            -72.0227821,
            11.5583022
          ],
          [
            -72.0227786,
            11.558305
          ],
          [
            -72.022775,
            11.5583078
          ],
          [
            -72.0227714,
            11.5583107
          ],
          [
            -72.0227679,
            11.5583135
          ],
          [
            -72.0227643,
            11.5583163
          ],
          [
            -72.0227607,
            11.5583192
          ],
          [
            -72.0227572,
            11.558322
          ],
          [
            -72.0227536,
            11.5583249
          ],
          [
            -72.02275,
            11.5583277
          ],
          [
            -72.0227465,
            11.5583305
          ],
          [
            -72.0227429,
            11.5583333
          ],
          [
            -72.0227393,
            11.5583362
          ],
          [
            -72.0227358,
            11.558339
          ],
          [
            -72.0227322,
            11.5583418
          ],
          [
            -72.0227286,
            11.5583447
          ],
          [
            -72.0227251,
            11.5583475
          ],
          [
            -72.0227215,
            11.5583503
          ],
          [
            -72.0227179,
            11.5583532
          ],
          [
            -72.0227144,
            11.558356
          ],
          [
            -72.0227108,
            11.5583588
          ],
          [
            -72.0227072,
            11.5583617
          ],
          [
            -72.0227037,
            11.5583645
          ],
          [
            -72.0227001,
            11.5583673
          ],
          [
            -72.0226965,
            11.5583702
          ],
          [
            -72.022693,
            11.558373
          ],
          [
            -72.0226894,
            11.5583758
          ],
          [
            -72.0226858,
            11.5583787
          ],
          [
            -72.0226823,
            11.5583815
          ],
          [
            -72.0226787,
            11.5583843
          ],
          [
            -72.0226751,
            11.5583872
          ],
          [
            -72.0226716,
            11.55839
          ],
          [
            -72.022668,
            11.5583928
          ],
          [
            -72.0226644,
            11.5583957
          ],
          [
            -72.0226609,
            11.5583985
          ],
          [
            -72.0226573,
            11.5584013
          ],
          [
            -72.0226537,
            11.5584042
          ],
          [
            -72.0226502,
            11.558407
          ],
          [
            -72.0226466,
            11.5584098
          ],
          [
            -72.022643,
            11.5584127
          ],
          [
            -72.0226395,
            11.5584155
          ],
          [
            -72.0226359,
            11.5584183
          ],
          [
            -72.0226323,
            11.5584212
          ],
          [
            -72.0226288,
            11.558424
          ],
          [
            -72.0226252,
            11.5584268
          ],
          [
            -72.0226216,
            11.5584297
          ],
          [
            -72.0226181,
            11.5584325
          ],
          [
            -72.0226145,
            11.5584353
          ],
          [
            -72.0226109,
            11.5584382
          ],
          [
            -72.0226074,
            11.558441
          ],
          [
            -72.0226038,
            11.5584438
          ],
          [
            -72.0226002,
            11.5584467
          ],
          [
            -72.0225967,
            11.5584495
          ],
          [
            -72.0225931,
            11.5584523
          ],
          [
            -72.0225895,
            11.5584552
          ],
          [
            -72.022586,
            11.558458
          ],
          [
            -72.0225824,
            11.5584608
          ],
          [
            -72.0225788,
            11.5584637
          ],
          [
            -72.0225753,
            11.5584665
          ],
          [
            -72.0225717,
            11.5584693
          ],
          [
            -72.0225681,
            11.5584722
          ],
          [
            -72.0225646,
            11.558475
          ],
          [
            -72.022561,
            11.5584778
          ],
          [
            -72.0225574,
            11.5584807
          ],
          [
            -72.0225539,
            11.5584835
          ],
          [
            -72.0225503,
            11.5584863
          ],
          [
            -72.0225467,
            11.5584892
          ],
          [
            -72.0225432,
            11.558492
          ],
          [
            -72.0225396,
            11.5584948
          ],
          [
            -72.022536,
            11.5584977
          ],
          [
            -72.0225325,
            11.5585005
          ],
          [
            -72.0225289,
            11.5585033
          ],
          [
            -72.0225253,
            11.5585062
          ],
          [
            -72.0225218,
            11.558509
          ],
          [
            -72.0225182,
            11.5585118
          ],
          [
            -72.0225146,
            11.5585146
          ],
          [
            -72.0225111,
            11.5585175
          ],
          [
            -72.0225075,
            11.5585203
          ],
          [
            -72.0225039,
            11.5585231
          ],
          [
            -72.0225004,
            11.558526
          ],
          [
            -72.0224968,
            11.5585288
          ],
          [
            -72.0224932,
            11.5585316
          ],
          [
            -72.0224897,
            11.5585345
          ],
          [
            -72.0224861,
            11.5585373
          ],
          [
            -72.0224825,
            11.5585402
          ],
          [
            -72.022479,
            11.558543
          ],
          [
            -72.0224754,
            11.5585458
          ],
          [
            -72.0224718,
            11.5585487
          ],
          [
            -72.0224683,
            11.5585515
          ],
          [
            -72.0224647,
            11.5585543
          ],
          [
            -72.0224611,
            11.5585571
          ],
          [
            -72.0224576,
            11.55856
          ],
          [
            -72.022454,
            11.5585628
          ],
          [
            -72.0224504,
            11.5585656
          ],
          [
            -72.0224469,
            11.5585685
          ],
          [
            -72.0224433,
            11.5585713
          ],
          [
            -72.0224397,
            11.5585741
          ],
          [
            -72.0224362,
            11.558577
          ],
          [
            -72.0224326,
            11.5585798
          ],
          [
            -72.022429,
            11.5585826
          ],
          [
            -72.0224255,
            11.5585855
          ],
          [
            -72.0224219,
            11.5585883
          ],
          [
            -72.0224183,
            11.5585911
          ],
          [
            -72.0224148,
            11.558594
          ],
          [
            -72.0224112,
            11.5585968
          ],
          [
            -72.0224076,
            11.5585996
          ],
          [
            -72.0224062,
            11.5586008
          ],
          [
            -72.0224041,
            11.5586025
          ],
          [
            -72.0224005,
            11.5586053
          ],
          [
            -72.0223969,
            11.5586081
          ],
          [
            -72.0223934,
            11.558611
          ],
          [
            -72.0223898,
            11.5586138
          ],
          [
            -72.0223862,
            11.5586166
          ],
          [
            -72.0223827,
            11.5586195
          ],
          [
            -72.0223791,
            11.5586223
          ],
          [
            -72.0223755,
            11.5586251
          ],
          [
            -72.022372,
            11.558628
          ],
          [
            -72.0223684,
            11.5586308
          ],
          [
            -72.0223648,
            11.5586336
          ],
          [
            -72.0223613,
            11.5586365
          ],
          [
            -72.0223577,
            11.5586393
          ],
          [
            -72.0223541,
            11.5586421
          ],
          [
            -72.0223506,
            11.558645
          ],
          [
            -72.022347,
            11.5586478
          ],
          [
            -72.0223434,
            11.5586506
          ],
          [
            -72.0223399,
            11.5586535
          ],
          [
            -72.0223363,
            11.5586563
          ],
          [
            -72.0223327,
            11.5586591
          ],
          [
            -72.0223292,
            11.558662
          ],
          [
            -72.0223256,
            11.5586648
          ],
          [
            -72.022322,
            11.5586676
          ],
          [
            -72.0223185,
            11.5586705
          ],
          [
            -72.0223149,
            11.5586733
          ],
          [
            -72.0223113,
            11.5586761
          ],
          [
            -72.0223078,
            11.558679
          ],
          [
            -72.0223042,
            11.5586818
          ],
          [
            -72.0223006,
            11.5586846
          ],
          [
            -72.0222971,
            11.5586875
          ],
          [
            -72.0222935,
            11.5586903
          ],
          [
            -72.0222899,
            11.5586931
          ],
          [
            -72.0222864,
            11.558696
          ],
          [
            -72.0222828,
            11.5586988
          ],
          [
            -72.0222792,
            11.5587016
          ],
          [
            -72.0222757,
            11.5587045
          ],
          [
            -72.0222721,
            11.5587073
          ],
          [
            -72.0222685,
            11.5587101
          ],
          [
            -72.022265,
            11.558713
          ],
          [
            -72.0222614,
            11.5587158
          ],
          [
            -72.0222578,
            11.5587186
          ],
          [
            -72.0222543,
            11.5587215
          ],
          [
            -72.0222507,
            11.5587243
          ],
          [
            -72.0222471,
            11.5587271
          ],
          [
            -72.0222436,
            11.5587299
          ],
          [
            -72.02224,
            11.5587328
          ],
          [
            -72.0222364,
            11.5587356
          ],
          [
            -72.0222329,
            11.5587384
          ],
          [
            -72.0222293,
            11.5587413
          ],
          [
            -72.0222257,
            11.5587441
          ],
          [
            -72.0222222,
            11.5587469
          ],
          [
            -72.0222186,
            11.5587498
          ],
          [
            -72.022215,
            11.5587526
          ],
          [
            -72.0222115,
            11.5587555
          ],
          [
            -72.0222079,
            11.5587583
          ],
          [
            -72.0222043,
            11.5587611
          ],
          [
            -72.0222008,
            11.5587639
          ],
          [
            -72.0221972,
            11.5587668
          ],
          [
            -72.0221936,
            11.5587696
          ],
          [
            -72.0221901,
            11.5587724
          ],
          [
            -72.0221865,
            11.5587753
          ],
          [
            -72.0221829,
            11.5587781
          ],
          [
            -72.0221794,
            11.5587809
          ],
          [
            -72.0221758,
            11.5587838
          ],
          [
            -72.0221722,
            11.5587866
          ],
          [
            -72.0221687,
            11.5587894
          ],
          [
            -72.0221651,
            11.5587923
          ],
          [
            -72.0221615,
            11.5587951
          ],
          [
            -72.022158,
            11.5587979
          ],
          [
            -72.0221544,
            11.5588008
          ],
          [
            -72.0221508,
            11.5588036
          ],
          [
            -72.0221473,
            11.5588064
          ],
          [
            -72.0221437,
            11.5588093
          ],
          [
            -72.0221401,
            11.5588121
          ],
          [
            -72.0221366,
            11.5588149
          ],
          [
            -72.022133,
            11.5588178
          ],
          [
            -72.0221294,
            11.5588206
          ],
          [
            -72.0221259,
            11.5588234
          ],
          [
            -72.0221223,
            11.5588263
          ],
          [
            -72.0221187,
            11.5588291
          ],
          [
            -72.0221152,
            11.5588319
          ],
          [
            -72.0221116,
            11.5588348
          ],
          [
            -72.022108,
            11.5588376
          ],
          [
            -72.0221045,
            11.5588404
          ],
          [
            -72.0221009,
            11.5588433
          ],
          [
            -72.0220973,
            11.5588461
          ],
          [
            -72.0220938,
            11.5588489
          ],
          [
            -72.0220902,
            11.5588518
          ],
          [
            -72.0220866,
            11.5588546
          ],
          [
            -72.0220831,
            11.5588574
          ],
          [
            -72.0220795,
            11.5588603
          ],
          [
            -72.0220759,
            11.5588631
          ],
          [
            -72.0220724,
            11.5588659
          ],
          [
            -72.0220688,
            11.5588688
          ],
          [
            -72.0220652,
            11.5588716
          ],
          [
            -72.0220617,
            11.5588744
          ],
          [
            -72.0220581,
            11.5588773
          ],
          [
            -72.0220545,
            11.5588801
          ],
          [
            -72.022051,
            11.5588829
          ],
          [
            -72.0220474,
            11.5588858
          ],
          [
            -72.0220438,
            11.5588886
          ],
          [
            -72.0220403,
            11.5588914
          ],
          [
            -72.0220367,
            11.5588943
          ],
          [
            -72.0220331,
            11.5588971
          ],
          [
            -72.0220296,
            11.5588999
          ],
          [
            -72.022026,
            11.5589028
          ],
          [
            -72.0220224,
            11.5589056
          ],
          [
            -72.0220189,
            11.5589084
          ],
          [
            -72.0220153,
            11.5589113
          ],
          [
            -72.0220117,
            11.5589141
          ],
          [
            -72.0220082,
            11.5589169
          ],
          [
            -72.0220046,
            11.5589198
          ],
          [
            -72.022001,
            11.5589226
          ],
          [
            -72.0219975,
            11.5589254
          ],
          [
            -72.0219939,
            11.5589283
          ],
          [
            -72.0219903,
            11.5589311
          ],
          [
            -72.0219868,
            11.5589339
          ],
          [
            -72.0219832,
            11.5589368
          ],
          [
            -72.0219796,
            11.5589396
          ],
          [
            -72.0219761,
            11.5589424
          ],
          [
            -72.0219725,
            11.5589452
          ],
          [
            -72.0219689,
            11.5589481
          ],
          [
            -72.0219654,
            11.5589509
          ],
          [
            -72.0219618,
            11.5589537
          ],
          [
            -72.0219582,
            11.5589566
          ],
          [
            -72.0219547,
            11.5589594
          ],
          [
            -72.0219511,
            11.5589622
          ],
          [
            -72.0219475,
            11.5589651
          ],
          [
            -72.021944,
            11.5589679
          ],
          [
            -72.0219404,
            11.5589708
          ],
          [
            -72.0219368,
            11.5589736
          ],
          [
            -72.0219333,
            11.5589764
          ],
          [
            -72.0219297,
            11.5589792
          ],
          [
            -72.0219261,
            11.5589821
          ],
          [
            -72.0219226,
            11.5589849
          ],
          [
            -72.021919,
            11.5589877
          ],
          [
            -72.0219154,
            11.5589906
          ],
          [
            -72.0219119,
            11.5589934
          ],
          [
            -72.0219083,
            11.5589962
          ],
          [
            -72.0219047,
            11.5589991
          ],
          [
            -72.0219012,
            11.5590019
          ],
          [
            -72.0218976,
            11.5590047
          ],
          [
            -72.021894,
            11.5590076
          ],
          [
            -72.0218905,
            11.5590104
          ],
          [
            -72.0218869,
            11.5590132
          ],
          [
            -72.0218841,
            11.5590155
          ],
          [
            -72.0218833,
            11.5590161
          ],
          [
            -72.0218798,
            11.5590189
          ],
          [
            -72.0218762,
            11.5590217
          ],
          [
            -72.0218726,
            11.5590246
          ],
          [
            -72.0218691,
            11.5590274
          ],
          [
            -72.0218655,
            11.5590302
          ],
          [
            -72.021862,
            11.5590331
          ],
          [
            -72.0218584,
            11.5590359
          ],
          [
            -72.0218548,
            11.5590387
          ],
          [
            -72.0218512,
            11.5590416
          ],
          [
            -72.0218477,
            11.5590444
          ],
          [
            -72.0218441,
            11.5590472
          ],
          [
            -72.0218405,
            11.5590501
          ],
          [
            -72.021837,
            11.5590529
          ],
          [
            -72.0218334,
            11.5590557
          ],
          [
            -72.0218298,
            11.5590586
          ],
          [
            -72.0218263,
            11.5590614
          ],
          [
            -72.0218227,
            11.5590642
          ],
          [
            -72.0218191,
            11.5590671
          ],
          [
            -72.0218156,
            11.5590699
          ],
          [
            -72.021812,
            11.5590727
          ],
          [
            -72.0218084,
            11.5590756
          ],
          [
            -72.0218049,
            11.5590784
          ],
          [
            -72.0218013,
            11.5590812
          ],
          [
            -72.0217977,
            11.5590841
          ],
          [
            -72.0217942,
            11.5590869
          ],
          [
            -72.0217906,
            11.5590897
          ],
          [
            -72.021787,
            11.5590926
          ],
          [
            -72.0217835,
            11.5590954
          ],
          [
            -72.0217799,
            11.5590982
          ],
          [
            -72.0217763,
            11.5591011
          ],
          [
            -72.0217728,
            11.5591039
          ],
          [
            -72.0217692,
            11.5591067
          ],
          [
            -72.0217656,
            11.5591096
          ],
          [
            -72.0217621,
            11.5591124
          ],
          [
            -72.0217585,
            11.5591152
          ],
          [
            -72.021755,
            11.5591181
          ],
          [
            -72.0217514,
            11.5591209
          ],
          [
            -72.0217478,
            11.5591237
          ],
          [
            -72.0217442,
            11.5591266
          ],
          [
            -72.0217407,
            11.5591294
          ],
          [
            -72.0217371,
            11.5591322
          ],
          [
            -72.0217335,
            11.5591351
          ],
          [
            -72.02173,
            11.5591379
          ],
          [
            -72.0217264,
            11.5591407
          ],
          [
            -72.0217228,
            11.5591436
          ],
          [
            -72.0217193,
            11.5591464
          ],
          [
            -72.0217157,
            11.5591492
          ],
          [
            -72.0217122,
            11.5591521
          ],
          [
            -72.0217086,
            11.5591549
          ],
          [
            -72.021705,
            11.5591577
          ],
          [
            -72.0217014,
            11.5591605
          ],
          [
            -72.0216979,
            11.5591634
          ],
          [
            -72.0216943,
            11.5591662
          ],
          [
            -72.0216907,
            11.559169
          ],
          [
            -72.0216872,
            11.5591719
          ],
          [
            -72.0216836,
            11.5591747
          ],
          [
            -72.02168,
            11.5591775
          ],
          [
            -72.0216765,
            11.5591804
          ],
          [
            -72.0216729,
            11.5591832
          ],
          [
            -72.0216693,
            11.5591861
          ],
          [
            -72.0216658,
            11.5591889
          ],
          [
            -72.0216622,
            11.5591917
          ],
          [
            -72.0216586,
            11.5591945
          ],
          [
            -72.0216551,
            11.5591974
          ],
          [
            -72.0216515,
            11.5592002
          ],
          [
            -72.021648,
            11.559203
          ],
          [
            -72.0216444,
            11.5592059
          ],
          [
            -72.0216408,
            11.5592087
          ],
          [
            -72.0216373,
            11.5592115
          ],
          [
            -72.0216338,
            11.5592143
          ],
          [
            -72.0216337,
            11.5592144
          ],
          [
            -72.0216301,
            11.5592172
          ],
          [
            -72.0216265,
            11.55922
          ],
          [
            -72.021623,
            11.5592229
          ],
          [
            -72.0216199,
            11.5592253
          ],
          [
            -72.0216194,
            11.5592257
          ],
          [
            -72.0216158,
            11.5592285
          ],
          [
            -72.0216123,
            11.5592314
          ],
          [
            -72.0216087,
            11.5592342
          ],
          [
            -72.0216083,
            11.5592346
          ],
          [
            -72.0216052,
            11.559237
          ],
          [
            -72.0216016,
            11.5592399
          ],
          [
            -72.021598,
            11.5592427
          ],
          [
            -72.0215944,
            11.5592455
          ],
          [
            -72.0215909,
            11.5592484
          ],
          [
            -72.0215873,
            11.5592512
          ],
          [
            -72.0215837,
            11.559254
          ],
          [
            -72.0215828,
            11.5592548
          ],
          [
            -72.0215802,
            11.5592569
          ],
          [
            -72.0215766,
            11.5592597
          ],
          [
            -72.021573,
            11.5592625
          ],
          [
            -72.0215695,
            11.5592654
          ],
          [
            -72.0215691,
            11.5592657
          ],
          [
            -72.0215659,
            11.5592682
          ],
          [
            -72.0215624,
            11.559271
          ],
          [
            -72.0215588,
            11.5592739
          ],
          [
            -72.0215552,
            11.5592767
          ],
          [
            -72.0215516,
            11.5592795
          ],
          [
            -72.0215481,
            11.5592824
          ],
          [
            -72.0215445,
            11.5592852
          ],
          [
            -72.021541,
            11.559288
          ],
          [
            -72.0215374,
            11.5592909
          ],
          [
            -72.0215338,
            11.5592937
          ],
          [
            -72.0215303,
            11.5592965
          ],
          [
            -72.0215267,
            11.5592994
          ],
          [
            -72.0215231,
            11.5593022
          ]
        ]
      }
    },
    {
      "type": "Feature",
      "properties": {
        "Shape_Leng": 0.0,
        "Longitud": 255.269,
        "Aero": "WP14",
        "Grupo": 0
      },
      "geometry": {
        "type": "LineString",
        "coordinates": [
          [
            -72.0215231,
            11.5593022
          ],
          [
            -72.0222321,
            11.561503
          ]
        ]
      }
    },
    {
      "type": "Feature",
      "properties": {
        "Shape_Leng": 0.0,
        "Longitud": 157.619,
        "Aero": "A-TM1",
        "Grupo": 0
      },
      "geometry": {
        "type": "LineString",
        "coordinates": [
          [
            -72.0215231,
            11.5593022
          ],
          [
            -72.0215196,
            11.559305
          ],
          [
            -72.0215191,
            11.5593054
          ],
          [
            -72.021516,
            11.5593079
          ],
          [
            -72.0215124,
            11.5593107
          ],
          [
            -72.0215088,
            11.5593135
          ],
          [
            -72.0215053,
            11.5593163
          ],
          [
            -72.0215017,
            11.5593192
          ],
          [
            -72.0214981,
            11.559322
          ],
          [
            -72.0214945,
            11.5593248
          ],
          [
            -72.0214909,
            11.5593276
          ],
          [
            -72.0214873,
            11.5593304
          ],
          [
            -72.0214837,
            11.5593332
          ],
          [
            -72.0214802,
            11.559336
          ],
          [
            -72.0214765,
            11.5593388
          ],
          [
            -72.0214729,
            11.5593416
          ],
          [
            -72.0214693,
            11.5593443
          ],
          [
            -72.0214657,
            11.5593471
          ],
          [
            -72.0214621,
            11.5593499
          ],
          [
            -72.0214585,
            11.5593527
          ],
          [
            -72.0214549,
            11.5593555
          ],
          [
            -72.0214513,
            11.5593582
          ],
          [
            -72.0214477,
            11.559361
          ],
          [
            -72.021444,
            11.5593638
          ],
          [
            -72.0214404,
            11.5593665
          ],
          [
            -72.0214368,
            11.5593693
          ],
          [
            -72.0214331,
            11.559372
          ],
          [
            -72.0214295,
            11.5593748
          ],
          [
            -72.0214259,
            11.5593775
          ],
          [
            -72.0214222,
            11.5593802
          ],
          [
            -72.0214186,
            11.559383
          ],
          [
            -72.0214149,
            11.5593857
          ],
          [
            -72.0214113,
            11.5593884
          ],
          [
            -72.0214076,
            11.5593912
          ],
          [
            -72.021404,
            11.5593939
          ],
          [
            -72.0214003,
            11.5593966
          ],
          [
            -72.0213967,
            11.5593993
          ],
          [
            -72.021393,
            11.559402
          ],
          [
            -72.0213893,
            11.5594047
          ],
          [
            -72.0213857,
            11.5594074
          ],
          [
            -72.021382,
            11.5594101
          ],
          [
            -72.0213783,
            11.5594128
          ],
          [
            -72.0213746,
            11.5594155
          ],
          [
            -72.021371,
            11.5594182
          ],
          [
            -72.0213673,
            11.5594209
          ],
          [
            -72.0213636,
            11.5594236
          ],
          [
            -72.0213599,
            11.5594263
          ],
          [
            -72.0213562,
            11.5594289
          ],
          [
            -72.0213525,
            11.5594316
          ],
          [
            -72.0213488,
            11.5594343
          ],
          [
            -72.0213451,
            11.5594369
          ],
          [
            -72.0213414,
            11.5594396
          ],
          [
            -72.0213377,
            11.5594422
          ],
          [
            -72.021334,
            11.5594449
          ],
          [
            -72.0213303,
            11.5594475
          ],
          [
            -72.0213266,
            11.5594502
          ],
          [
            -72.0213229,
            11.5594528
          ],
          [
            -72.0213192,
            11.5594555
          ],
          [
            -72.0213154,
            11.5594581
          ],
          [
            -72.0213117,
            11.5594607
          ],
          [
            -72.021308,
            11.5594634
          ],
          [
            -72.0213043,
            11.559466
          ],
          [
            -72.0213005,
            11.5594686
          ],
          [
            -72.0212968,
            11.5594712
          ],
          [
            -72.0212931,
            11.5594738
          ],
          [
            -72.0212893,
            11.5594764
          ],
          [
            -72.0212856,
            11.559479
          ],
          [
            -72.0212818,
            11.5594816
          ],
          [
            -72.0212781,
            11.5594842
          ],
          [
            -72.0212744,
            11.5594868
          ],
          [
            -72.0212706,
            11.5594894
          ],
          [
            -72.0212668,
            11.559492
          ],
          [
            -72.0212631,
            11.5594946
          ],
          [
            -72.0212593,
            11.5594972
          ],
          [
            -72.0212556,
            11.5594997
          ],
          [
            -72.0212518,
            11.5595023
          ],
          [
            -72.021248,
            11.5595049
          ],
          [
            -72.0212443,
            11.5595075
          ],
          [
            -72.0212405,
            11.55951
          ],
          [
            -72.0212367,
            11.5595126
          ],
          [
            -72.0212329,
            11.5595151
          ],
          [
            -72.0212291,
            11.5595177
          ],
          [
            -72.0212254,
            11.5595202
          ],
          [
            -72.0212216,
            11.5595228
          ],
          [
            -72.0212178,
            11.5595253
          ],
          [
            -72.021214,
            11.5595278
          ],
          [
            -72.0212102,
            11.5595304
          ],
          [
            -72.0212064,
            11.5595329
          ],
          [
            -72.0212026,
            11.5595354
          ],
          [
            -72.0211988,
            11.5595379
          ],
          [
            -72.021195,
            11.5595404
          ],
          [
            -72.0211912,
            11.5595429
          ],
          [
            -72.0211874,
            11.5595455
          ],
          [
            -72.0211836,
            11.559548
          ],
          [
            -72.0211798,
            11.5595505
          ],
          [
            -72.0211759,
            11.559553
          ],
          [
            -72.0211721,
            11.5595554
          ],
          [
            -72.0211683,
            11.5595579
          ],
          [
            -72.0211645,
            11.5595604
          ],
          [
            -72.0211607,
            11.5595629
          ],
          [
            -72.0211568,
            11.5595654
          ],
          [
            -72.021153,
            11.5595679
          ],
          [
            -72.0211492,
            11.5595703
          ],
          [
            -72.0211453,
            11.5595728
          ],
          [
            -72.0211415,
            11.5595753
          ],
          [
            -72.0211377,
            11.5595777
          ],
          [
            -72.0211338,
            11.5595802
          ],
          [
            -72.02113,
            11.5595826
          ],
          [
            -72.0211261,
            11.5595851
          ],
          [
            -72.0211223,
            11.5595875
          ],
          [
            -72.0211184,
            11.55959
          ],
          [
            -72.0211146,
            11.5595924
          ],
          [
            -72.0211107,
            11.5595948
          ],
          [
            -72.0211068,
            11.5595972
          ],
          [
            -72.021103,
            11.5595997
          ],
          [
            -72.0210991,
            11.5596021
          ],
          [
            -72.0210952,
            11.5596045
          ],
          [
            -72.0210914,
            11.5596069
          ],
          [
            -72.0210875,
            11.5596093
          ],
          [
            -72.0210836,
            11.5596117
          ],
          [
            -72.0210797,
            11.5596141
          ],
          [
            -72.0210759,
            11.5596165
          ],
          [
            -72.021072,
            11.5596189
          ],
          [
            -72.0210681,
            11.5596213
          ],
          [
            -72.0210642,
            11.5596237
          ],
          [
            -72.0210603,
            11.5596261
          ],
          [
            -72.0210564,
            11.5596285
          ],
          [
            -72.0210525,
            11.5596308
          ],
          [
            -72.0210486,
            11.5596332
          ],
          [
            -72.0210447,
            11.5596356
          ],
          [
            -72.0210409,
            11.5596379
          ],
          [
            -72.0210408,
            11.5596379
          ],
          [
            -72.0210369,
            11.5596403
          ],
          [
            -72.021033,
            11.5596426
          ],
          [
            -72.021029,
            11.5596449
          ],
          [
            -72.021025,
            11.5596471
          ],
          [
            -72.021021,
            11.5596493
          ],
          [
            -72.021017,
            11.5596515
          ],
          [
            -72.021013,
            11.5596537
          ],
          [
            -72.021009,
            11.5596558
          ],
          [
            -72.0210049,
            11.5596579
          ],
          [
            -72.0210008,
            11.5596599
          ],
          [
            -72.0209967,
            11.5596619
          ],
          [
            -72.0209926,
            11.5596639
          ],
          [
            -72.0209885,
            11.5596659
          ],
          [
            -72.0209843,
            11.5596678
          ],
          [
            -72.0209802,
            11.5596696
          ],
          [
            -72.020976,
            11.5596715
          ],
          [
            -72.0209718,
            11.5596733
          ],
          [
            -72.0209676,
            11.5596751
          ],
          [
            -72.0209633,
            11.5596768
          ],
          [
            -72.0209591,
            11.5596785
          ],
          [
            -72.0209549,
            11.5596802
          ],
          [
            -72.0209506,
            11.5596818
          ],
          [
            -72.0209486,
            11.5596826
          ],
          [
            -72.0209463,
            11.5596834
          ],
          [
            -72.020942,
            11.559685
          ],
          [
            -72.0209377,
            11.5596865
          ],
          [
            -72.0209334,
            11.559688
          ],
          [
            -72.020929,
            11.5596895
          ],
          [
            -72.0209247,
            11.5596909
          ],
          [
            -72.0209203,
            11.5596923
          ],
          [
            -72.020916,
            11.5596937
          ],
          [
            -72.0209116,
            11.559695
          ],
          [
            -72.0209072,
            11.5596962
          ],
          [
            -72.0209028,
            11.5596975
          ],
          [
            -72.0208984,
            11.5596987
          ],
          [
            -72.020894,
            11.5596999
          ],
          [
            -72.0208895,
            11.559701
          ],
          [
            -72.0208851,
            11.5597021
          ],
          [
            -72.0208806,
            11.5597032
          ],
          [
            -72.0208762,
            11.5597042
          ],
          [
            -72.0208717,
            11.5597052
          ],
          [
            -72.0208672,
            11.5597061
          ],
          [
            -72.0208627,
            11.5597071
          ],
          [
            -72.0208583,
            11.5597079
          ],
          [
            -72.0208537,
            11.5597088
          ],
          [
            -72.0208492,
            11.5597096
          ],
          [
            -72.0208447,
            11.5597103
          ],
          [
            -72.0208402,
            11.5597111
          ],
          [
            -72.0208357,
            11.5597118
          ],
          [
            -72.0208312,
            11.5597124
          ],
          [
            -72.0208266,
            11.559713
          ],
          [
            -72.0208221,
            11.5597136
          ],
          [
            -72.0208175,
            11.5597142
          ],
          [
            -72.020813,
            11.5597147
          ],
          [
            -72.0208084,
            11.5597151
          ],
          [
            -72.0208039,
            11.5597156
          ],
          [
            -72.0207993,
            11.559716
          ],
          [
            -72.0207947,
            11.5597163
          ],
          [
            -72.0207902,
            11.5597167
          ],
          [
            -72.0207856,
            11.5597169
          ],
          [
            -72.020781,
            11.5597172
          ],
          [
            -72.0207765,
            11.5597174
          ],
          [
            -72.0207719,
            11.5597176
          ],
          [
            -72.0207673,
            11.5597177
          ],
          [
            -72.0207627,
            11.5597178
          ],
          [
            -72.0207581,
            11.5597178
          ],
          [
            -72.0207536,
            11.5597179
          ],
          [
            -72.020749,
            11.5597178
          ],
          [
            -72.0207444,
            11.5597178
          ],
          [
            -72.0207398,
            11.5597177
          ],
          [
            -72.0207352,
            11.5597175
          ],
          [
            -72.0207307,
            11.5597174
          ],
          [
            -72.0207261,
            11.5597172
          ],
          [
            -72.0207215,
            11.5597169
          ],
          [
            -72.0207169,
            11.5597166
          ],
          [
            -72.0207124,
            11.5597163
          ],
          [
            -72.0207078,
            11.559716
          ],
          [
            -72.0207032,
            11.5597156
          ],
          [
            -72.0206987,
            11.5597151
          ],
          [
            -72.0206941,
            11.5597147
          ],
          [
            -72.0206896,
            11.5597142
          ],
          [
            -72.020685,
            11.5597136
          ],
          [
            -72.0206805,
            11.559713
          ],
          [
            -72.020676,
            11.5597124
          ],
          [
            -72.0206714,
            11.5597118
          ],
          [
            -72.0206669,
            11.5597111
          ],
          [
            -72.0206624,
            11.5597103
          ],
          [
            -72.0206579,
            11.5597096
          ],
          [
            -72.0206534,
            11.5597088
          ],
          [
            -72.0206489,
            11.5597079
          ],
          [
            -72.0206444,
            11.559707
          ],
          [
            -72.0206399,
            11.5597061
          ],
          [
            -72.0206354,
            11.5597052
          ],
          [
            -72.0206309,
            11.5597042
          ],
          [
            -72.0206265,
            11.5597032
          ],
          [
            -72.020622,
            11.5597021
          ],
          [
            -72.0206176,
            11.559701
          ],
          [
            -72.0206132,
            11.5596999
          ],
          [
            -72.0206087,
            11.5596987
          ],
          [
            -72.0206043,
            11.5596975
          ],
          [
            -72.0205999,
            11.5596962
          ],
          [
            -72.0205955,
            11.559695
          ],
          [
            -72.0205911,
            11.5596936
          ],
          [
            -72.0205868,
            11.5596923
          ],
          [
            -72.0205824,
            11.5596909
          ],
          [
            -72.0205781,
            11.5596895
          ],
          [
            -72.0205737,
            11.559688
          ],
          [
            -72.0205694,
            11.5596865
          ],
          [
            -72.0205651,
            11.559685
          ],
          [
            -72.0205608,
            11.5596834
          ],
          [
            -72.0205565,
            11.5596818
          ],
          [
            -72.0205523,
            11.5596802
          ],
          [
            -72.020548,
            11.5596785
          ],
          [
            -72.0205438,
            11.5596768
          ],
          [
            -72.0205395,
            11.5596751
          ],
          [
            -72.0205353,
            11.5596733
          ],
          [
            -72.0205311,
            11.5596715
          ],
          [
            -72.020527,
            11.5596696
          ],
          [
            -72.0205228,
            11.5596678
          ],
          [
            -72.0205186,
            11.5596658
          ],
          [
            -72.0205145,
            11.5596639
          ],
          [
            -72.0205104,
            11.5596619
          ],
          [
            -72.0205063,
            11.5596599
          ],
          [
            -72.0205022,
            11.5596579
          ],
          [
            -72.0204982,
            11.5596558
          ],
          [
            -72.0204941,
            11.5596537
          ],
          [
            -72.0204901,
            11.5596515
          ],
          [
            -72.0204861,
            11.5596493
          ],
          [
            -72.0204821,
            11.5596471
          ],
          [
            -72.0204781,
            11.5596449
          ],
          [
            -72.0204742,
            11.5596426
          ],
          [
            -72.0204702,
            11.5596403
          ],
          [
            -72.0204663,
            11.5596379
          ],
          [
            -72.0204624,
            11.5596355
          ],
          [
            -72.0204585,
            11.5596331
          ],
          [
            -72.0204547,
            11.5596307
          ],
          [
            -72.0204508,
            11.5596282
          ],
          [
            -72.020447,
            11.5596257
          ],
          [
            -72.0204432,
            11.5596232
          ],
          [
            -72.0204395,
            11.5596206
          ],
          [
            -72.0204357,
            11.559618
          ],
          [
            -72.020432,
            11.5596154
          ],
          [
            -72.0204283,
            11.5596127
          ],
          [
            -72.0204246,
            11.5596101
          ],
          [
            -72.020421,
            11.5596073
          ],
          [
            -72.0204173,
            11.5596046
          ],
          [
            -72.0204137,
            11.5596018
          ],
          [
            -72.0204101,
            11.559599
          ],
          [
            -72.0204066,
            11.5595962
          ],
          [
            -72.020403,
            11.5595933
          ],
          [
            -72.0203995,
            11.5595904
          ],
          [
            -72.020396,
            11.5595875
          ],
          [
            -72.0203926,
            11.5595845
          ],
          [
            -72.0203891,
            11.5595815
          ],
          [
            -72.0203857,
            11.5595785
          ],
          [
            -72.0203823,
            11.5595755
          ],
          [
            -72.0203789,
            11.5595724
          ],
          [
            -72.0203756,
            11.5595694
          ],
          [
            -72.0203723,
            11.5595662
          ],
          [
            -72.020369,
            11.5595631
          ],
          [
            -72.0203658,
            11.5595599
          ],
          [
            -72.0203625,
            11.5595567
          ],
          [
            -72.0203609,
            11.5595551
          ],
          [
            -72.0203593,
            11.5595535
          ],
          [
            -72.0203587,
            11.5595528
          ],
          [
            -72.0203561,
            11.5595503
          ],
          [
            -72.0203529,
            11.559547
          ],
          [
            -72.0203497,
            11.5595438
          ],
          [
            -72.0203465,
            11.5595406
          ],
          [
            -72.0203433,
            11.5595374
          ],
          [
            -72.0203401,
            11.5595341
          ],
          [
            -72.0203369,
            11.5595309
          ],
          [
            -72.0203337,
            11.5595277
          ],
          [
            -72.0203305,
            11.5595244
          ],
          [
            -72.0203273,
            11.5595212
          ],
          [
            -72.0203241,
            11.559518
          ],
          [
            -72.0203209,
            11.5595148
          ],
          [
            -72.0203177,
            11.5595115
          ],
          [
            -72.0203145,
            11.5595083
          ],
          [
            -72.0203112,
            11.5595051
          ],
          [
            -72.020308,
            11.5595019
          ],
          [
            -72.0203048,
            11.5594986
          ],
          [
            -72.0203016,
            11.5594954
          ],
          [
            -72.0202984,
            11.5594922
          ],
          [
            -72.0202952,
            11.559489
          ],
          [
            -72.020292,
            11.5594857
          ],
          [
            -72.0202888,
            11.5594825
          ],
          [
            -72.0202856,
            11.5594793
          ],
          [
            -72.0202824,
            11.5594761
          ],
          [
            -72.0202801,
            11.5594737
          ]
        ]
      }
    },
    {
      "type": "Feature",
      "properties": {
        "Shape_Leng": 0.0,
        "Longitud": 416.317,
        "Aero": "A-WP16",
        "Grupo": 0
      },
      "geometry": {
        "type": "LineString",
        "coordinates": [
          [
            -72.0337882,
            11.562171
          ],
          [
            -72.0332173,
            11.5627848
          ],
          [
            -72.0332038,
            11.5627997
          ],
          [
            -72.0331908,
            11.5628151
          ],
          [
            -72.0331784,
            11.5628308
          ],
          [
            -72.0331664,
            11.5628469
          ],
          [
            -72.033155,
            11.5628634
          ],
          [
            -72.0331441,
            11.5628803
          ],
          [
            -72.0331337,
            11.5628974
          ],
          [
            -72.0331239,
            11.5629149
          ],
          [
            -72.0331147,
            11.5629327
          ],
          [
            -72.033106,
            11.5629507
          ],
          [
            -72.0330979,
            11.5629691
          ],
          [
            -72.0330904,
            11.5629876
          ],
          [
            -72.0330835,
            11.5630064
          ],
          [
            -72.0322012,
            11.5655343
          ]
        ]
      }
    },
    {
      "type": "Feature",
      "properties": {
        "Shape_Leng": 0.0,
        "Longitud": 664.456,
        "Aero": "WP16-AWP18",
        "Grupo": 0
      },
      "geometry": {
        "type": "LineString",
        "coordinates": [
          [
            -72.0322012,
            11.5655343
          ],
          [
            -72.0302773,
            11.5710466
          ],
          [
            -72.030267,
            11.571077
          ],
          [
            -72.0302572,
            11.5711077
          ],
          [
            -72.030248,
            11.5711385
          ],
          [
            -72.0302244,
            11.57122
          ]
        ]
      }
    },
    {
      "type": "Feature",
      "properties": {
        "Shape_Leng": 0.0,
        "Longitud": 237.779,
        "Aero": "A-WP18",
        "Grupo": 0
      },
      "geometry": {
        "type": "LineString",
        "coordinates": [
          [
            -72.0302244,
            11.57122
          ],
          [
            -72.0296255,
            11.5732883
          ]
        ]
      }
    },
    {
      "type": "Feature",
      "properties": {
        "Shape_Leng": 0.0,
        "Longitud": 448.18,
        "Aero": "AWP18-TM2",
        "Grupo": 0
      },
      "geometry": {
        "type": "LineString",
        "coordinates": [
          [
            -72.0302244,
            11.57122
          ],
          [
            -72.0287191,
            11.5708691
          ],
          [
            -72.0286839,
            11.5708613
          ],
          [
            -72.0286486,
            11.5708542
          ],
          [
            -72.0286131,
            11.5708477
          ],
          [
            -72.0285776,
            11.5708419
          ],
          [
            -72.0285419,
            11.5708368
          ],
          [
            -72.0285061,
            11.5708324
          ],
          [
            -72.0284702,
            11.5708287
          ],
          [
            -72.0284343,
            11.5708257
          ],
          [
            -72.0283983,
            11.5708234
          ],
          [
            -72.0283622,
            11.5708218
          ],
          [
            -72.0283262,
            11.5708209
          ],
          [
            -72.0282901,
            11.5708207
          ],
          [
            -72.0282541,
            11.5708212
          ],
          [
            -72.028218,
            11.5708224
          ],
          [
            -72.028182,
            11.5708243
          ],
          [
            -72.028146,
            11.5708269
          ],
          [
            -72.0281101,
            11.5708302
          ],
          [
            -72.0280743,
            11.5708342
          ],
          [
            -72.0280386,
            11.5708389
          ],
          [
            -72.0280029,
            11.5708442
          ],
          [
            -72.0279674,
            11.5708503
          ],
          [
            -72.027932,
            11.570857
          ],
          [
            -72.0278967,
            11.5708645
          ],
          [
            -72.0278616,
            11.5708726
          ],
          [
            -72.0278266,
            11.5708814
          ],
          [
            -72.0277919,
            11.5708909
          ],
          [
            -72.0277573,
            11.570901
          ],
          [
            -72.027723,
            11.5709119
          ],
          [
            -72.0276888,
            11.5709234
          ],
          [
            -72.0276549,
            11.5709355
          ],
          [
            -72.0262661,
            11.5714485
          ]
        ]
      }
    },
    {
      "type": "Feature",
      "properties": {
        "Shape_Leng": 0.0,
        "Longitud": 3738.38,
        "Aero": "AT2-AWP9",
        "Grupo": 0
      },
      "geometry": {
        "type": "LineString",
        "coordinates": [
          [
            -72.0262661,
            11.5714485
          ],
          [
            -72.0256316,
            11.5716829
          ],
          [
            -72.0255982,
            11.5716949
          ],
          [
            -72.0255645,
            11.5717062
          ],
          [
            -72.0255307,
            11.5717169
          ],
          [
            -72.0254966,
            11.5717269
          ],
          [
            -72.0254623,
            11.5717363
          ],
          [
            -72.0254279,
            11.5717451
          ],
          [
            -72.0253933,
            11.5717531
          ],
          [
            -72.0253585,
            11.5717605
          ],
          [
            -72.0253236,
            11.5717673
          ],
          [
            -72.0252886,
            11.5717734
          ],
          [
            -72.0252534,
            11.5717788
          ],
          [
            -72.0252182,
            11.5717835
          ],
          [
            -72.0251829,
            11.5717875
          ],
          [
            -72.0251475,
            11.5717909
          ],
          [
            -72.025112,
            11.5717936
          ],
          [
            -72.0250765,
            11.5717956
          ],
          [
            -72.025041,
            11.571797
          ],
          [
            -72.0250054,
            11.5717976
          ],
          [
            -72.0249698,
            11.5717976
          ],
          [
            -72.0182785,
            11.5717287
          ],
          [
            -72.0182424,
            11.5717287
          ],
          [
            -72.0182063,
            11.5717294
          ],
          [
            -72.0181702,
            11.5717308
          ],
          [
            -72.0181341,
            11.5717329
          ],
          [
            -72.0180981,
            11.5717356
          ],
          [
            -72.0180621,
            11.5717391
          ],
          [
            -72.0180263,
            11.5717433
          ],
          [
            -72.0179905,
            11.5717482
          ],
          [
            -72.0179548,
            11.5717538
          ],
          [
            -72.0179193,
            11.57176
          ],
          [
            -72.0178838,
            11.571767
          ],
          [
            -72.0178486,
            11.5717746
          ],
          [
            -72.0178134,
            11.571783
          ],
          [
            -72.0177785,
            11.571792
          ],
          [
            -72.0177437,
            11.5718017
          ],
          [
            -72.0177092,
            11.571812
          ],
          [
            -72.0176748,
            11.571823
          ],
          [
            -72.0176407,
            11.5718347
          ],
          [
            -72.0176068,
            11.5718471
          ],
          [
            -72.0175732,
            11.5718601
          ],
          [
            -72.0175398,
            11.5718738
          ],
          [
            -72.0175068,
            11.5718881
          ],
          [
            -72.017474,
            11.571903
          ],
          [
            -72.0174415,
            11.5719186
          ],
          [
            -72.0174093,
            11.5719348
          ],
          [
            -72.0173775,
            11.5719517
          ],
          [
            -72.017346,
            11.5719691
          ],
          [
            -72.0173149,
            11.5719872
          ],
          [
            -72.0172841,
            11.5720059
          ],
          [
            -72.0172537,
            11.5720251
          ],
          [
            -72.0172237,
            11.572045
          ],
          [
            -72.0171941,
            11.5720654
          ],
          [
            -72.0171649,
            11.5720864
          ],
          [
            -72.0171362,
            11.5721079
          ],
          [
            -72.0171079,
            11.57213
          ],
          [
            -72.01708,
            11.5721527
          ],
          [
            -72.0170526,
            11.5721759
          ],
          [
            -72.0170256,
            11.5721996
          ],
          [
            -72.0169992,
            11.5722239
          ],
          [
            -72.0169732,
            11.5722486
          ],
          [
            -72.0169477,
            11.5722739
          ],
          [
            -72.0169228,
            11.5722996
          ],
          [
            -72.0168983,
            11.5723258
          ],
          [
            -72.0168744,
            11.5723525
          ],
          [
            -72.016851,
            11.5723797
          ],
          [
            -72.0168282,
            11.5724073
          ],
          [
            -72.0168059,
            11.5724353
          ],
          [
            -72.0167842,
            11.5724638
          ],
          [
            -72.0167631,
            11.5724927
          ],
          [
            -72.0167425,
            11.572522
          ],
          [
            -72.0167226,
            11.5725517
          ],
          [
            -72.0167032,
            11.5725817
          ],
          [
            -72.0166845,
            11.5726122
          ],
          [
            -72.0166663,
            11.572643
          ],
          [
            -72.0166488,
            11.5726741
          ],
          [
            -72.0166319,
            11.5727056
          ],
          [
            -72.0166156,
            11.5727374
          ],
          [
            -72.0113394,
            11.5833082
          ],
          [
            -72.0113231,
            11.5833402
          ],
          [
            -72.0113061,
            11.5833718
          ],
          [
            -72.0112885,
            11.5834031
          ],
          [
            -72.0112702,
            11.5834341
          ],
          [
            -72.0112513,
            11.5834646
          ],
          [
            -72.0112319,
            11.5834948
          ],
          [
            -72.0112118,
            11.5835247
          ],
          [
            -72.0111911,
            11.5835541
          ],
          [
            -72.0111699,
            11.5835831
          ],
          [
            -72.011148,
            11.5836117
          ],
          [
            -72.0111256,
            11.5836398
          ],
          [
            -72.0111026,
            11.5836675
          ],
          [
            -72.0110791,
            11.5836948
          ],
          [
            -72.011055,
            11.5837216
          ],
          [
            -72.0110304,
            11.5837479
          ],
          [
            -72.0110053,
            11.5837737
          ],
          [
            -72.0109797,
            11.5837991
          ],
          [
            -72.0109535,
            11.5838239
          ],
          [
            -72.0109269,
            11.5838482
          ],
          [
            -72.0108998,
            11.583872
          ],
          [
            -72.0108722,
            11.5838953
          ],
          [
            -72.0108441,
            11.583918
          ],
          [
            -72.0108156,
            11.5839401
          ],
          [
            -72.0107867,
            11.5839617
          ],
          [
            -72.0107573,
            11.5839828
          ],
          [
            -72.0107275,
            11.5840032
          ],
          [
            -72.0106973,
            11.5840231
          ],
          [
            -72.0106667,
            11.5840424
          ],
          [
            -72.0106357,
            11.584061
          ],
          [
            -72.0106044,
            11.5840791
          ],
          [
            -72.0105727,
            11.5840965
          ],
          [
            -72.0105406,
            11.5841134
          ],
          [
            -72.0105083,
            11.5841295
          ],
          [
            -72.0104756,
            11.5841451
          ],
          [
            -72.0104426,
            11.58416
          ],
          [
            -72.0104093,
            11.5841743
          ],
          [
            -72.0103757,
            11.5841879
          ],
          [
            -72.0103419,
            11.5842009
          ],
          [
            -72.0103078,
            11.5842131
          ],
          [
            -72.0102734,
            11.5842248
          ],
          [
            -72.0102389,
            11.5842357
          ],
          [
            -72.0102041,
            11.584246
          ],
          [
            -72.0101691,
            11.5842556
          ],
          [
            -72.010134,
            11.5842645
          ],
          [
            -72.0100987,
            11.5842727
          ],
          [
            -72.0100632,
            11.5842802
          ],
          [
            -72.0100275,
            11.5842871
          ],
          [
            -72.0099918,
            11.5842932
          ],
          [
            -72.0099559,
            11.5842986
          ],
          [
            -72.0099199,
            11.5843034
          ],
          [
            -72.0098838,
            11.5843074
          ],
          [
            -72.0098477,
            11.5843107
          ],
          [
            -72.0098115,
            11.5843133
          ],
          [
            -72.0097752,
            11.5843152
          ],
          [
            -72.007214,
            11.584425
          ],
          [
            -72.0070437,
            11.5844402
          ],
          [
            -72.0068756,
            11.5844709
          ],
          [
            -72.0067112,
            11.584517
          ],
          [
            -72.0065518,
            11.584578
          ],
          [
            -72.0063989,
            11.5846533
          ],
          [
            -72.0062537,
            11.5847424
          ],
          [
            -72.0061176,
            11.5848445
          ],
          [
            -72.0059918,
            11.5849586
          ],
          [
            -72.0058773,
            11.5850837
          ],
          [
            -72.0057751,
            11.5852189
          ],
          [
            -72.0056862,
            11.5853628
          ],
          [
            -72.0056112,
            11.5855143
          ],
          [
            -72.003366,
            11.5906472
          ]
        ]
      }
    },
    {
      "type": "Feature",
      "properties": {
        "Shape_Leng": 0.0,
        "Longitud": 251.137,
        "Aero": "WP9-A",
        "Grupo": 0
      },
      "geometry": {
        "type": "LineString",
        "coordinates": [
          [
            -72.003366,
            11.5906472
          ],
          [
            -72.0024534,
            11.5927332
          ]
        ]
      }
    },
    {
      "type": "Feature",
      "properties": {
        "Shape_Leng": 0.0,
        "Longitud": 206.26,
        "Aero": "A-WP8",
        "Grupo": 0
      },
      "geometry": {
        "type": "LineString",
        "coordinates": [
          [
            -72.0024534,
            11.5927332
          ],
          [
            -72.001704,
            11.5944464
          ]
        ]
      }
    },
    {
      "type": "Feature",
      "properties": {
        "Shape_Leng": 0.0,
        "Longitud": 1371.5,
        "Aero": "WP6-WP8",
        "Grupo": 0
      },
      "geometry": {
        "type": "LineString",
        "coordinates": [
          [
            -72.001704,
            11.5944464
          ],
          [
            -72.0011433,
            11.5957281
          ],
          [
            -72.0010644,
            11.5958866
          ],
          [
            -72.0009702,
            11.5960368
          ],
          [
            -72.0008616,
            11.5961771
          ],
          [
            -72.0007396,
            11.5963064
          ],
          [
            -71.9988626,
            11.5981097
          ],
          [
            -71.9985689,
            11.5984197
          ],
          [
            -71.9983059,
            11.5987555
          ],
          [
            -71.9980761,
            11.5991142
          ],
          [
            -71.9978815,
            11.5994926
          ],
          [
            -71.9962389,
            11.6030956
          ],
          [
            -71.9961816,
            11.6032369
          ],
          [
            -71.9961366,
            11.6033825
          ],
          [
            -71.9961041,
            11.6035312
          ],
          [
            -71.9960845,
            11.6036822
          ],
          [
            -71.9960778,
            11.6038342
          ],
          [
            -71.9960842,
            11.6039862
          ],
          [
            -71.996182,
            11.6051426
          ]
        ]
      }
    },
    {
      "type": "Feature",
      "properties": {
        "Shape_Leng": 0.0,
        "Longitud": 520.385,
        "Aero": "WP6-WP5",
        "Grupo": 0
      },
      "geometry": {
        "type": "LineString",
        "coordinates": [
          [
            -71.996182,
            11.6051426
          ],
          [
            -71.9962499,
            11.6059455
          ],
          [
            -71.996253,
            11.6060291
          ],
          [
            -71.9962483,
            11.6061125
          ],
          [
            -71.9962357,
            11.6061952
          ],
          [
            -71.9962155,
            11.6062764
          ],
          [
            -71.9961877,
            11.6063554
          ],
          [
            -71.9961527,
            11.6064316
          ],
          [
            -71.9961106,
            11.6065042
          ],
          [
            -71.9960619,
            11.6065726
          ],
          [
            -71.996007,
            11.6066364
          ],
          [
            -71.9959464,
            11.6066948
          ],
          [
            -71.9958805,
            11.6067475
          ],
          [
            -71.99581,
            11.606794
          ],
          [
            -71.9957354,
            11.6068338
          ],
          [
            -71.9956574,
            11.6068666
          ],
          [
            -71.9955767,
            11.6068922
          ],
          [
            -71.9950236,
            11.6070401
          ],
          [
            -71.9949391,
            11.6070671
          ],
          [
            -71.9948577,
            11.607102
          ],
          [
            -71.9947801,
            11.6071445
          ],
          [
            -71.994707,
            11.6071942
          ],
          [
            -71.9946391,
            11.6072507
          ],
          [
            -71.9945771,
            11.6073134
          ],
          [
            -71.9945216,
            11.6073817
          ],
          [
            -71.9936467,
            11.6085716
          ]
        ]
      }
    },
    {
      "type": "Feature",
      "properties": {
        "Shape_Leng": 0.0,
        "Longitud": 1227.79,
        "Aero": "AWP22-AWP8",
        "Grupo": 0
      },
      "geometry": {
        "type": "LineString",
        "coordinates": [
          [
            -72.0024534,
            11.5927332
          ],
          [
            -72.0024687,
            11.5927418
          ],
          [
            -72.0025183,
            11.5927703
          ],
          [
            -72.0025674,
            11.5927995
          ],
          [
            -72.0026162,
            11.5928293
          ],
          [
            -72.0026646,
            11.5928596
          ],
          [
            -72.0027126,
            11.5928906
          ],
          [
            -72.0027603,
            11.5929222
          ],
          [
            -72.0028075,
            11.5929543
          ],
          [
            -72.0028543,
            11.5929871
          ],
          [
            -72.0029007,
            11.5930204
          ],
          [
            -72.0029467,
            11.5930543
          ],
          [
            -72.0029922,
            11.5930887
          ],
          [
            -72.0030373,
            11.5931237
          ],
          [
            -72.0030819,
            11.5931593
          ],
          [
            -72.0031261,
            11.5931954
          ],
          [
            -72.0031698,
            11.593232
          ],
          [
            -72.003213,
            11.5932692
          ],
          [
            -72.0032558,
            11.5933069
          ],
          [
            -72.0032981,
            11.5933452
          ],
          [
            -72.0033399,
            11.5933839
          ],
          [
            -72.0083858,
            11.5981218
          ],
          [
            -72.0084124,
            11.5981462
          ],
          [
            -72.0084394,
            11.5981702
          ],
          [
            -72.0084669,
            11.5981936
          ],
          [
            -72.0084949,
            11.5982164
          ],
          [
            -72.0085234,
            11.5982387
          ],
          [
            -72.0085523,
            11.5982604
          ],
          [
            -72.0085816,
            11.5982816
          ],
          [
            -72.0086113,
            11.5983022
          ],
          [
            -72.0086415,
            11.5983222
          ],
          [
            -72.008672,
            11.5983416
          ],
          [
            -72.0087029,
            11.5983604
          ],
          [
            -72.0087342,
            11.5983786
          ],
          [
            -72.0087659,
            11.5983962
          ],
          [
            -72.0087979,
            11.5984132
          ],
          [
            -72.0088302,
            11.5984295
          ],
          [
            -72.0088629,
            11.5984452
          ],
          [
            -72.0088959,
            11.5984603
          ],
          [
            -72.0089291,
            11.5984747
          ],
          [
            -72.0089627,
            11.5984884
          ],
          [
            -72.0089965,
            11.5985015
          ],
          [
            -72.0090306,
            11.5985139
          ],
          [
            -72.0090649,
            11.5985257
          ],
          [
            -72.0113186,
            11.5992736
          ],
          [
            -72.0113298,
            11.5992771
          ]
        ]
      }
    },
    {
      "type": "Feature",
      "properties": {
        "Shape_Leng": 0.0,
        "Longitud": 241.42,
        "Aero": "Conect",
        "Grupo": 0
      },
      "geometry": {
        "type": "LineString",
        "coordinates": [
          [
            -72.0113298,
            11.5992771
          ],
          [
            -72.0113378,
            11.5992796
          ],
          [
            -72.0113572,
            11.599285
          ],
          [
            -72.0113767,
            11.5992899
          ],
          [
            -72.0113964,
            11.5992941
          ],
          [
            -72.0114162,
            11.5992977
          ],
          [
            -72.0114361,
            11.5993007
          ],
          [
            -72.0114561,
            11.5993031
          ],
          [
            -72.0114762,
            11.5993049
          ],
          [
            -72.0114963,
            11.599306
          ],
          [
            -72.0115164,
            11.5993066
          ],
          [
            -72.0135417,
            11.5993275
          ]
        ]
      }
    },
    {
      "type": "Feature",
      "properties": {
        "Shape_Leng": 0.0,
        "Longitud": 287.44,
        "Aero": "WP20",
        "Grupo": 0
      },
      "geometry": {
        "type": "LineString",
        "coordinates": [
          [
            -72.0135417,
            11.5993275
          ],
          [
            -72.013551,
            11.5984588
          ],
          [
            -72.0135514,
            11.5984409
          ],
          [
            -72.0135524,
            11.5984231
          ],
          [
            -72.0135538,
            11.5984053
          ],
          [
            -72.0137158,
            11.5967351
          ]
        ]
      }
    },
    {
      "type": "Feature",
      "properties": {
        "Shape_Leng": 0.0,
        "Longitud": 395.628,
        "Aero": "WP19-WP20",
        "Grupo": 0
      },
      "geometry": {
        "type": "LineString",
        "coordinates": [
          [
            -72.0137158,
            11.5967351
          ],
          [
            -72.0140612,
            11.5931725
          ]
        ]
      }
    },
    {
      "type": "Feature",
      "properties": {
        "Shape_Leng": 0.0,
        "Longitud": 549.679,
        "Aero": "A-WP22",
        "Grupo": 0
      },
      "geometry": {
        "type": "LineString",
        "coordinates": [
          [
            -72.0113298,
            11.5992771
          ],
          [
            -72.0108237,
            11.6042244
          ]
        ]
      }
    },
    {
      "type": "Feature",
      "properties": {
        "Shape_Leng": 0.0,
        "Longitud": 675.659,
        "Aero": "WP22-WP23",
        "Grupo": 0
      },
      "geometry": {
        "type": "LineString",
        "coordinates": [
          [
            -72.0108237,
            11.6042244
          ],
          [
            -72.0107678,
            11.6047709
          ],
          [
            -72.010757,
            11.6048452
          ],
          [
            -72.01074,
            11.6049184
          ],
          [
            -72.0107169,
            11.6049899
          ],
          [
            -72.0106879,
            11.6050593
          ],
          [
            -72.0106531,
            11.605126
          ],
          [
            -72.0106128,
            11.6051897
          ],
          [
            -72.0076881,
            11.6094113
          ]
        ]
      }
    },
    {
      "type": "Feature",
      "properties": {
        "Shape_Leng": 0.0,
        "Longitud": 1031.12,
        "Aero": "WP23-WP24",
        "Grupo": 0
      },
      "geometry": {
        "type": "LineString",
        "coordinates": [
          [
            -72.0076881,
            11.6094113
          ],
          [
            -72.0065661,
            11.6110308
          ],
          [
            -72.0065338,
            11.6110827
          ],
          [
            -72.0065066,
            11.6111374
          ],
          [
            -72.006485,
            11.6111944
          ],
          [
            -72.006469,
            11.6112533
          ],
          [
            -72.0064588,
            11.6113134
          ],
          [
            -72.0064545,
            11.6113741
          ],
          [
            -72.0064562,
            11.611435
          ],
          [
            -72.0064638,
            11.6114954
          ],
          [
            -72.0064773,
            11.6115549
          ],
          [
            -72.0064965,
            11.6116128
          ],
          [
            -72.0065213,
            11.6116686
          ],
          [
            -72.0065514,
            11.6117218
          ],
          [
            -72.0065866,
            11.6117718
          ],
          [
            -72.0066265,
            11.6118183
          ],
          [
            -72.0066707,
            11.6118609
          ],
          [
            -72.0067189,
            11.611899
          ],
          [
            -72.0067706,
            11.6119323
          ],
          [
            -72.0068253,
            11.6119607
          ],
          [
            -72.0068825,
            11.6119836
          ],
          [
            -72.0069417,
            11.6120011
          ],
          [
            -72.0070023,
            11.6120129
          ],
          [
            -72.0070638,
            11.6120188
          ],
          [
            -72.0071256,
            11.6120189
          ],
          [
            -72.0111537,
            11.6118333
          ],
          [
            -72.0111749,
            11.6118327
          ],
          [
            -72.0111961,
            11.6118328
          ],
          [
            -72.0112172,
            11.6118335
          ],
          [
            -72.0112384,
            11.611835
          ],
          [
            -72.0112595,
            11.6118371
          ],
          [
            -72.0112805,
            11.6118399
          ],
          [
            -72.0113014,
            11.6118434
          ],
          [
            -72.0113221,
            11.6118476
          ],
          [
            -72.0113427,
            11.6118524
          ],
          [
            -72.0113632,
            11.6118579
          ],
          [
            -72.0113834,
            11.6118641
          ],
          [
            -72.0114034,
            11.6118709
          ],
          [
            -72.0114232,
            11.6118784
          ],
          [
            -72.0114427,
            11.6118866
          ],
          [
            -72.011462,
            11.6118953
          ],
          [
            -72.0114809,
            11.6119047
          ],
          [
            -72.0114995,
            11.6119147
          ],
          [
            -72.0115178,
            11.6119253
          ],
          [
            -72.0115357,
            11.6119364
          ],
          [
            -72.0115532,
            11.6119482
          ],
          [
            -72.0115703,
            11.6119605
          ],
          [
            -72.011587,
            11.6119734
          ],
          [
            -72.0116033,
            11.6119868
          ],
          [
            -72.0116191,
            11.6120007
          ],
          [
            -72.0116344,
            11.6120151
          ],
          [
            -72.0116492,
            11.6120301
          ],
          [
            -72.0116635,
            11.6120455
          ],
          [
            -72.0116773,
            11.6120613
          ],
          [
            -72.0116906,
            11.6120776
          ],
          [
            -72.0117033,
            11.6120944
          ],
          [
            -72.0117154,
            11.6121115
          ],
          [
            -72.0117269,
            11.612129
          ],
          [
            -72.0117379,
            11.6121469
          ],
          [
            -72.0117483,
            11.6121651
          ],
          [
            -72.011758,
            11.6121837
          ],
          [
            -72.0117671,
            11.6122025
          ],
          [
            -72.0117756,
            11.6122217
          ],
          [
            -72.0117834,
            11.6122411
          ],
          [
            -72.0122129,
            11.6133596
          ]
        ]
      }
    },
    {
      "type": "Feature",
      "properties": {
        "Shape_Leng": 0.0,
        "Longitud": 1476.72,
        "Aero": "WP24-WP25",
        "Grupo": 0
      },
      "geometry": {
        "type": "LineString",
        "coordinates": [
          [
            -72.0122129,
            11.6133596
          ],
          [
            -72.0127991,
            11.6148867
          ],
          [
            -72.0128064,
            11.6149067
          ],
          [
            -72.012813,
            11.6149269
          ],
          [
            -72.012819,
            11.6149474
          ],
          [
            -72.0128242,
            11.614968
          ],
          [
            -72.0128287,
            11.6149888
          ],
          [
            -72.0128325,
            11.6150098
          ],
          [
            -72.0128355,
            11.6150308
          ],
          [
            -72.0128379,
            11.615052
          ],
          [
            -72.0128395,
            11.6150732
          ],
          [
            -72.0128404,
            11.6150944
          ],
          [
            -72.0128406,
            11.6151157
          ],
          [
            -72.0128401,
            11.615137
          ],
          [
            -72.0128388,
            11.6151582
          ],
          [
            -72.0128368,
            11.6151794
          ],
          [
            -72.0128341,
            11.6152005
          ],
          [
            -72.0128307,
            11.6152215
          ],
          [
            -72.0128265,
            11.6152424
          ],
          [
            -72.0128217,
            11.6152631
          ],
          [
            -72.0128161,
            11.6152836
          ],
          [
            -72.0128099,
            11.615304
          ],
          [
            -72.0128029,
            11.6153241
          ],
          [
            -72.0127953,
            11.615344
          ],
          [
            -72.012787,
            11.6153637
          ],
          [
            -72.012778,
            11.615383
          ],
          [
            -72.0127684,
            11.6154021
          ],
          [
            -72.0127581,
            11.6154208
          ],
          [
            -72.0127472,
            11.6154391
          ],
          [
            -72.0127357,
            11.6154571
          ],
          [
            -72.0127236,
            11.6154747
          ],
          [
            -72.0127108,
            11.6154919
          ],
          [
            -72.0126975,
            11.6155086
          ],
          [
            -72.0114127,
            11.617071
          ],
          [
            -72.0113988,
            11.6170873
          ],
          [
            -72.0113844,
            11.6171032
          ],
          [
            -72.0113694,
            11.6171185
          ],
          [
            -72.0113539,
            11.6171334
          ],
          [
            -72.0113379,
            11.6171477
          ],
          [
            -72.0113215,
            11.6171615
          ],
          [
            -72.0113045,
            11.6171748
          ],
          [
            -72.0112872,
            11.6171874
          ],
          [
            -72.0112693,
            11.6171995
          ],
          [
            -72.0112512,
            11.617211
          ],
          [
            -72.0112326,
            11.6172219
          ],
          [
            -72.0112136,
            11.6172321
          ],
          [
            -72.0111943,
            11.6172418
          ],
          [
            -72.0111747,
            11.6172507
          ],
          [
            -72.0111548,
            11.617259
          ],
          [
            -72.0111347,
            11.6172667
          ],
          [
            -72.0111142,
            11.6172737
          ],
          [
            -72.0110936,
            11.61728
          ],
          [
            -72.0110727,
            11.6172856
          ],
          [
            -72.0110517,
            11.6172905
          ],
          [
            -72.0110305,
            11.6172947
          ],
          [
            -72.0110092,
            11.6172982
          ],
          [
            -72.0109878,
            11.617301
          ],
          [
            -72.0109662,
            11.617303
          ],
          [
            -72.0109447,
            11.6173044
          ],
          [
            -72.0036407,
            11.6176426
          ],
          [
            -72.0036193,
            11.6176439
          ],
          [
            -72.003598,
            11.617646
          ],
          [
            -72.0035767,
            11.6176487
          ],
          [
            -72.0035556,
            11.6176522
          ],
          [
            -72.0035346,
            11.6176563
          ],
          [
            -72.0035137,
            11.6176612
          ],
          [
            -72.003493,
            11.6176667
          ],
          [
            -72.0034725,
            11.6176729
          ],
          [
            -72.0034523,
            11.6176797
          ],
          [
            -72.0034322,
            11.6176873
          ],
          [
            -72.0034125,
            11.6176955
          ],
          [
            -72.003393,
            11.6177043
          ],
          [
            -72.0033739,
            11.6177138
          ],
          [
            -72.003355,
            11.6177238
          ],
          [
            -72.0033366,
            11.6177346
          ],
          [
            -72.0033185,
            11.6177459
          ],
          [
            -72.0033008,
            11.6177578
          ],
          [
            -72.0032835,
            11.6177702
          ],
          [
            -72.0032666,
            11.6177833
          ],
          [
            -72.0032502,
            11.6177969
          ],
          [
            -72.0032342,
            11.617811
          ],
          [
            -72.0032188,
            11.6178256
          ],
          [
            -72.0032038,
            11.6178408
          ],
          [
            -72.0031894,
            11.6178564
          ],
          [
            -72.0031755,
            11.6178725
          ],
          [
            -72.0031622,
            11.617889
          ],
          [
            -72.0031494,
            11.617906
          ],
          [
            -72.0031372,
            11.6179234
          ],
          [
            -72.0031256,
            11.6179412
          ],
          [
            -72.0031147,
            11.6179593
          ],
          [
            -72.0031043,
            11.6179778
          ],
          [
            -72.0030946,
            11.6179966
          ],
          [
            -72.0030855,
            11.6180158
          ],
          [
            -72.0030771,
            11.6180352
          ],
          [
            -72.0030693,
            11.6180549
          ],
          [
            -72.0030622,
            11.6180748
          ],
          [
            -72.0030558,
            11.618095
          ],
          [
            -72.00305,
            11.6181153
          ],
          [
            -72.003045,
            11.6181359
          ],
          [
            -72.0030407,
            11.6181566
          ],
          [
            -72.0030371,
            11.6181774
          ],
          [
            -72.0030341,
            11.6181983
          ],
          [
            -72.0030319,
            11.6182193
          ],
          [
            -72.0030304,
            11.6182404
          ],
          [
            -72.0030296,
            11.6182615
          ],
          [
            -72.0030296,
            11.6182827
          ],
          [
            -72.0030302,
            11.6183038
          ],
          [
            -72.0030455,
            11.618624
          ]
        ]
      }
    },
    {
      "type": "Feature",
      "properties": {
        "Shape_Leng": 0.0,
        "Longitud": 378.063,
        "Aero": "WP25-WP26",
        "Grupo": 0
      },
      "geometry": {
        "type": "LineString",
        "coordinates": [
          [
            -72.0030455,
            11.618624
          ],
          [
            -72.0032082,
            11.6220402
          ]
        ]
      }
    },
    {
      "type": "Feature",
      "properties": {
        "Shape_Leng": 0.0,
        "Longitud": 399.483,
        "Aero": "WP26-WP27",
        "Grupo": 0
      },
      "geometry": {
        "type": "LineString",
        "coordinates": [
          [
            -72.0032082,
            11.6220402
          ],
          [
            -72.0032806,
            11.6235613
          ],
          [
            -72.0032818,
            11.6235805
          ],
          [
            -72.0032836,
            11.6235997
          ],
          [
            -72.003286,
            11.6236188
          ],
          [
            -72.003289,
            11.6236378
          ],
          [
            -72.0032926,
            11.6236567
          ],
          [
            -72.0032967,
            11.6236755
          ],
          [
            -72.0033015,
            11.6236942
          ],
          [
            -72.003385,
            11.6240035
          ],
          [
            -72.00339,
            11.6240235
          ],
          [
            -72.0033944,
            11.6240435
          ],
          [
            -72.0033981,
            11.6240637
          ],
          [
            -72.0034011,
            11.624084
          ],
          [
            -72.0034035,
            11.6241044
          ],
          [
            -72.0034052,
            11.6241249
          ],
          [
            -72.0034062,
            11.6241454
          ],
          [
            -72.0034065,
            11.6241659
          ],
          [
            -72.0034062,
            11.6241864
          ],
          [
            -72.0034052,
            11.6242069
          ],
          [
            -72.0034035,
            11.6242273
          ],
          [
            -72.003265,
            11.625631
          ]
        ]
      }
    },
    {
      "type": "Feature",
      "properties": {
        "Shape_Leng": 0.0,
        "Longitud": 428.801,
        "Aero": "WP27-WP28",
        "Grupo": 0
      },
      "geometry": {
        "type": "LineString",
        "coordinates": [
          [
            -72.003265,
            11.625631
          ],
          [
            -72.0028839,
            11.6294917
          ]
        ]
      }
    },
    {
      "type": "Feature",
      "properties": {
        "Shape_Leng": 0.0,
        "Longitud": 366.801,
        "Aero": "WP28-A",
        "Grupo": 0
      },
      "geometry": {
        "type": "LineString",
        "coordinates": [
          [
            -72.0028839,
            11.6294917
          ],
          [
            -72.0028721,
            11.6296115
          ],
          [
            -72.0028696,
            11.6296325
          ],
          [
            -72.0028665,
            11.6296534
          ],
          [
            -72.0028627,
            11.6296741
          ],
          [
            -72.0028581,
            11.6296948
          ],
          [
            -72.0028529,
            11.6297152
          ],
          [
            -72.002847,
            11.6297355
          ],
          [
            -72.0028403,
            11.6297556
          ],
          [
            -72.0028331,
            11.6297754
          ],
          [
            -72.0028251,
            11.629795
          ],
          [
            -72.0028165,
            11.6298143
          ],
          [
            -72.0028072,
            11.6298333
          ],
          [
            -72.0027973,
            11.629852
          ],
          [
            -72.0027868,
            11.6298704
          ],
          [
            -72.0027757,
            11.6298884
          ],
          [
            -72.0027639,
            11.6299061
          ],
          [
            -72.0027516,
            11.6299233
          ],
          [
            -72.0027387,
            11.6299401
          ],
          [
            -72.0027252,
            11.6299565
          ],
          [
            -72.0027111,
            11.6299725
          ],
          [
            -72.0026966,
            11.629988
          ],
          [
            -72.0026815,
            11.6300029
          ],
          [
            -72.0026659,
            11.6300174
          ],
          [
            -72.0026499,
            11.6300314
          ],
          [
            -72.0026334,
            11.6300448
          ],
          [
            -72.0026164,
            11.6300577
          ],
          [
            -72.002599,
            11.63007
          ],
          [
            -72.0025812,
            11.6300817
          ],
          [
            -72.002563,
            11.6300928
          ],
          [
            -72.0025445,
            11.6301034
          ],
          [
            -72.0002935,
            11.6313324
          ],
          [
            -72.0002719,
            11.6313446
          ],
          [
            -72.0002625,
            11.6313502
          ],
          [
            -72.0002507,
            11.6313573
          ]
        ]
      }
    },
    {
      "type": "Feature",
      "properties": {
        "Shape_Leng": 0.0,
        "Longitud": 1412.4,
        "Aero": "AWP28-WP35",
        "Grupo": 0
      },
      "geometry": {
        "type": "LineString",
        "coordinates": [
          [
            -72.0002507,
            11.6313573
          ],
          [
            -72.0002298,
            11.6313706
          ],
          [
            -72.0002093,
            11.6313845
          ],
          [
            -72.0001892,
            11.6313988
          ],
          [
            -72.0001695,
            11.6314138
          ],
          [
            -72.0001502,
            11.6314292
          ],
          [
            -72.0001313,
            11.6314452
          ],
          [
            -72.0001129,
            11.6314616
          ],
          [
            -72.000095,
            11.6314785
          ],
          [
            -72.0000775,
            11.631496
          ],
          [
            -72.0000605,
            11.6315138
          ],
          [
            -72.000044,
            11.6315321
          ],
          [
            -72.000028,
            11.6315509
          ],
          [
            -72.0000126,
            11.6315701
          ],
          [
            -71.9999976,
            11.6315896
          ],
          [
            -71.9999833,
            11.6316096
          ],
          [
            -71.9999694,
            11.63163
          ],
          [
            -71.9999562,
            11.6316507
          ],
          [
            -71.9999435,
            11.6316717
          ],
          [
            -71.9999314,
            11.6316931
          ],
          [
            -71.9999198,
            11.6317148
          ],
          [
            -71.9999089,
            11.6317368
          ],
          [
            -71.9998164,
            11.6319299
          ],
          [
            -71.999836,
            11.6319536
          ],
          [
            -71.999856,
            11.6319768
          ],
          [
            -71.9998766,
            11.6319996
          ],
          [
            -71.9998978,
            11.6320219
          ],
          [
            -71.9999194,
            11.6320438
          ],
          [
            -71.9999415,
            11.6320651
          ],
          [
            -71.9999641,
            11.632086
          ],
          [
            -71.9999871,
            11.6321064
          ],
          [
            -72.0000107,
            11.6321262
          ],
          [
            -72.0000346,
            11.6321455
          ],
          [
            -72.0000591,
            11.6321643
          ],
          [
            -72.0000839,
            11.6321825
          ],
          [
            -72.0001091,
            11.6322002
          ],
          [
            -72.0001348,
            11.6322173
          ],
          [
            -72.0001608,
            11.6322338
          ],
          [
            -72.0001872,
            11.6322498
          ],
          [
            -72.000214,
            11.6322651
          ],
          [
            -72.0002411,
            11.6322799
          ],
          [
            -72.0002685,
            11.632294
          ],
          [
            -72.0002962,
            11.6323076
          ],
          [
            -72.0003243,
            11.6323205
          ],
          [
            -72.0003526,
            11.6323328
          ],
          [
            -72.0003812,
            11.6323445
          ],
          [
            -72.0004101,
            11.6323555
          ],
          [
            -72.0004392,
            11.6323659
          ],
          [
            -72.0004686,
            11.6323756
          ],
          [
            -72.0004981,
            11.6323847
          ],
          [
            -72.0005279,
            11.6323931
          ],
          [
            -72.0005578,
            11.6324009
          ],
          [
            -72.0005879,
            11.632408
          ],
          [
            -72.0006182,
            11.6324144
          ],
          [
            -72.0006486,
            11.6324201
          ],
          [
            -72.0006791,
            11.6324252
          ],
          [
            -72.0007098,
            11.6324296
          ],
          [
            -72.0098383,
            11.6336342
          ],
          [
            -72.0099217,
            11.6336492
          ],
          [
            -72.0100034,
            11.6336716
          ],
          [
            -72.0100826,
            11.6337014
          ],
          [
            -72.0101587,
            11.6337383
          ],
          [
            -72.010231,
            11.633782
          ],
          [
            -72.0102989,
            11.633832
          ],
          [
            -72.0103618,
            11.6338881
          ],
          [
            -72.0104192,
            11.6339496
          ],
          [
            -72.0104706,
            11.6340161
          ],
          [
            -72.0105155,
            11.634087
          ],
          [
            -72.0105535,
            11.6341617
          ],
          [
            -72.0105844,
            11.6342395
          ],
          [
            -72.0106079,
            11.6343198
          ],
          [
            -72.0106238,
            11.6344019
          ],
          [
            -72.0107329,
            11.6351559
          ]
        ]
      }
    },
    {
      "type": "Feature",
      "properties": {
        "Shape_Leng": 0.0,
        "Longitud": 383.393,
        "Aero": "WP34-WP35",
        "Grupo": 0
      },
      "geometry": {
        "type": "LineString",
        "coordinates": [
          [
            -72.0107329,
            11.6351559
          ],
          [
            -72.0112296,
            11.6385893
          ]
        ]
      }
    },
    {
      "type": "Feature",
      "properties": {
        "Shape_Leng": 0.0,
        "Longitud": 437.647,
        "Aero": "WP34-WP33",
        "Grupo": 0
      },
      "geometry": {
        "type": "LineString",
        "coordinates": [
          [
            -72.0112296,
            11.6385893
          ],
          [
            -72.0113818,
            11.639641
          ],
          [
            -72.011398,
            11.6398081
          ],
          [
            -72.0113984,
            11.6399759
          ],
          [
            -72.011383,
            11.640143
          ],
          [
            -72.0113519,
            11.640308
          ],
          [
            -72.0113054,
            11.6404694
          ],
          [
            -72.0112439,
            11.6406259
          ],
          [
            -72.0111697,
            11.6407728
          ],
          [
            -72.011168,
            11.6407761
          ],
          [
            -72.010317,
            11.6422798
          ]
        ]
      }
    },
    {
      "type": "Feature",
      "properties": {
        "Shape_Leng": 0.0,
        "Longitud": 489.428,
        "Aero": "WP33-WP32",
        "Grupo": 0
      },
      "geometry": {
        "type": "LineString",
        "coordinates": [
          [
            -72.010317,
            11.6422798
          ],
          [
            -72.0081288,
            11.6461461
          ]
        ]
      }
    },
    {
      "type": "Feature",
      "properties": {
        "Shape_Leng": 0.0,
        "Longitud": 674.835,
        "Aero": "A-WP29",
        "Grupo": 0
      },
      "geometry": {
        "type": "LineString",
        "coordinates": [
          [
            -72.0002507,
            11.6313573
          ],
          [
            -72.0002298,
            11.6313706
          ],
          [
            -72.0002093,
            11.6313845
          ],
          [
            -72.0001892,
            11.6313988
          ],
          [
            -72.0001695,
            11.6314138
          ],
          [
            -72.0001502,
            11.6314292
          ],
          [
            -72.0001313,
            11.6314452
          ],
          [
            -72.0001129,
            11.6314616
          ],
          [
            -72.000095,
            11.6314785
          ],
          [
            -72.0000775,
            11.631496
          ],
          [
            -72.0000605,
            11.6315138
          ],
          [
            -72.000044,
            11.6315321
          ],
          [
            -72.000028,
            11.6315509
          ],
          [
            -72.0000126,
            11.6315701
          ],
          [
            -71.9999976,
            11.6315896
          ],
          [
            -71.9999833,
            11.6316096
          ],
          [
            -71.9999694,
            11.63163
          ],
          [
            -71.9999562,
            11.6316507
          ],
          [
            -71.9999435,
            11.6316717
          ],
          [
            -71.9999314,
            11.6316931
          ],
          [
            -71.9999198,
            11.6317148
          ],
          [
            -71.9999089,
            11.6317368
          ],
          [
            -71.9998164,
            11.6319299
          ],
          [
            -71.9993249,
            11.6329559
          ],
          [
            -71.9993155,
            11.6329748
          ],
          [
            -71.9993054,
            11.6329933
          ],
          [
            -71.9992948,
            11.6330115
          ],
          [
            -71.9992835,
            11.6330293
          ],
          [
            -71.9992716,
            11.6330468
          ],
          [
            -71.9992592,
            11.6330638
          ],
          [
            -71.9992462,
            11.6330804
          ],
          [
            -71.9992326,
            11.6330966
          ],
          [
            -71.9992185,
            11.6331124
          ],
          [
            -71.9992038,
            11.6331277
          ],
          [
            -71.9991887,
            11.6331425
          ],
          [
            -71.9991731,
            11.6331567
          ],
          [
            -71.999157,
            11.6331705
          ],
          [
            -71.9991404,
            11.6331837
          ],
          [
            -71.9991234,
            11.6331964
          ],
          [
            -71.999106,
            11.6332085
          ],
          [
            -71.9990882,
            11.63322
          ],
          [
            -71.99907,
            11.633231
          ],
          [
            -71.9990514,
            11.6332413
          ],
          [
            -71.9990325,
            11.6332511
          ],
          [
            -71.9974335,
            11.6340417
          ],
          [
            -71.9974144,
            11.6340516
          ],
          [
            -71.9973956,
            11.634062
          ],
          [
            -71.9973772,
            11.6340732
          ],
          [
            -71.9973591,
            11.6340849
          ],
          [
            -71.9973415,
            11.6340972
          ],
          [
            -71.9973243,
            11.6341101
          ],
          [
            -71.9973076,
            11.6341235
          ],
          [
            -71.9972913,
            11.6341375
          ],
          [
            -71.9972755,
            11.634152
          ],
          [
            -71.9972602,
            11.6341671
          ],
          [
            -71.9972455,
            11.6341826
          ],
          [
            -71.9972313,
            11.6341986
          ],
          [
            -71.9972176,
            11.6342151
          ],
          [
            -71.9972045,
            11.634232
          ],
          [
            -71.997192,
            11.6342494
          ],
          [
            -71.9971801,
            11.6342671
          ],
          [
            -71.9971688,
            11.6342853
          ],
          [
            -71.9971581,
            11.6343038
          ],
          [
            -71.9971481,
            11.6343226
          ],
          [
            -71.9971387,
            11.6343418
          ],
          [
            -71.99713,
            11.6343613
          ],
          [
            -71.997122,
            11.634381
          ],
          [
            -71.9971146,
            11.634401
          ],
          [
            -71.9971079,
            11.6344213
          ],
          [
            -71.9971019,
            11.6344417
          ],
          [
            -71.9970966,
            11.6344624
          ],
          [
            -71.9970921,
            11.6344832
          ],
          [
            -71.9970882,
            11.6345041
          ],
          [
            -71.9970851,
            11.6345252
          ],
          [
            -71.9970826,
            11.6345463
          ],
          [
            -71.9970809,
            11.6345675
          ],
          [
            -71.9970799,
            11.6345888
          ],
          [
            -71.9970797,
            11.6346101
          ],
          [
            -71.9970802,
            11.6346314
          ],
          [
            -71.9971327,
            11.6359649
          ]
        ]
      }
    },
    {
      "type": "Feature",
      "properties": {
        "Shape_Leng": 0.0,
        "Longitud": 410.489,
        "Aero": "WP29-WP30",
        "Grupo": 0
      },
      "geometry": {
        "type": "LineString",
        "coordinates": [
          [
            -71.9971327,
            11.6359649
          ],
          [
            -71.9972022,
            11.6377282
          ],
          [
            -71.9972027,
            11.6377485
          ],
          [
            -71.9972025,
            11.6377688
          ],
          [
            -71.9972017,
            11.6377891
          ],
          [
            -71.9972002,
            11.6378093
          ],
          [
            -71.997198,
            11.6378295
          ],
          [
            -71.9971952,
            11.6378496
          ],
          [
            -71.9971917,
            11.6378696
          ],
          [
            -71.9971876,
            11.6378895
          ],
          [
            -71.9971828,
            11.6379092
          ],
          [
            -71.9971774,
            11.6379288
          ],
          [
            -71.9971713,
            11.6379482
          ],
          [
            -71.9971647,
            11.6379674
          ],
          [
            -71.9965775,
            11.6395712
          ]
        ]
      }
    },
    {
      "type": "Feature",
      "properties": {
        "Shape_Leng": 0.0,
        "Longitud": 433.486,
        "Aero": "WP30-WP31",
        "Grupo": 0
      },
      "geometry": {
        "type": "LineString",
        "coordinates": [
          [
            -71.9965775,
            11.6395712
          ],
          [
            -71.9952272,
            11.6432597
          ]
        ]
      }
    },
    {
      "type": "Feature",
      "properties": {
        "Shape_Leng": 0.0,
        "Longitud": 1481.45,
        "Aero": "AW28-AWP3",
        "Grupo": 0
      },
      "geometry": {
        "type": "LineString",
        "coordinates": [
          [
            -72.0002507,
            11.6313573
          ],
          [
            -72.0002625,
            11.6313502
          ],
          [
            -71.9994965,
            11.631767
          ],
          [
            -71.9994776,
            11.6317769
          ],
          [
            -71.9994584,
            11.6317861
          ],
          [
            -71.9994389,
            11.6317947
          ],
          [
            -71.9994191,
            11.6318027
          ],
          [
            -71.9993991,
            11.63181
          ],
          [
            -71.9993788,
            11.6318167
          ],
          [
            -71.9993583,
            11.6318226
          ],
          [
            -71.9993377,
            11.6318279
          ],
          [
            -71.9993168,
            11.6318326
          ],
          [
            -71.9992958,
            11.6318365
          ],
          [
            -71.9992747,
            11.6318397
          ],
          [
            -71.9992535,
            11.6318423
          ],
          [
            -71.9992322,
            11.6318441
          ],
          [
            -71.9992109,
            11.6318453
          ],
          [
            -71.9991895,
            11.6318457
          ],
          [
            -71.9991682,
            11.6318455
          ],
          [
            -71.9991468,
            11.6318445
          ],
          [
            -71.9991255,
            11.6318429
          ],
          [
            -71.9991043,
            11.6318405
          ],
          [
            -71.9990831,
            11.6318375
          ],
          [
            -71.9990621,
            11.6318337
          ],
          [
            -71.9990412,
            11.6318293
          ],
          [
            -71.9990205,
            11.6318242
          ],
          [
            -71.999,
            11.6318184
          ],
          [
            -71.9989796,
            11.6318119
          ],
          [
            -71.9989595,
            11.6318048
          ],
          [
            -71.9989397,
            11.631797
          ],
          [
            -71.9989201,
            11.6317886
          ],
          [
            -71.9989008,
            11.6317795
          ],
          [
            -71.9988818,
            11.6317698
          ],
          [
            -71.9988632,
            11.6317595
          ],
          [
            -71.998845,
            11.6317486
          ],
          [
            -71.9988271,
            11.6317371
          ],
          [
            -71.9988096,
            11.631725
          ],
          [
            -71.9987925,
            11.6317123
          ],
          [
            -71.9931598,
            11.6273877
          ],
          [
            -71.9931311,
            11.627366
          ],
          [
            -71.9931019,
            11.627345
          ],
          [
            -71.9930723,
            11.6273245
          ],
          [
            -71.9930423,
            11.6273046
          ],
          [
            -71.9930119,
            11.6272853
          ],
          [
            -71.9929812,
            11.6272665
          ],
          [
            -71.9929501,
            11.6272484
          ],
          [
            -71.9929186,
            11.6272309
          ],
          [
            -71.9928867,
            11.627214
          ],
          [
            -71.9928546,
            11.6271977
          ],
          [
            -71.9928221,
            11.6271821
          ],
          [
            -71.9927893,
            11.6271671
          ],
          [
            -71.9927562,
            11.6271527
          ],
          [
            -71.9927229,
            11.627139
          ],
          [
            -71.9926892,
            11.6271259
          ],
          [
            -71.9926553,
            11.6271135
          ],
          [
            -71.9926212,
            11.6271017
          ],
          [
            -71.9925869,
            11.6270906
          ],
          [
            -71.9925523,
            11.6270802
          ],
          [
            -71.9925175,
            11.6270705
          ],
          [
            -71.9924825,
            11.6270614
          ],
          [
            -71.9924474,
            11.627053
          ],
          [
            -71.9924121,
            11.6270453
          ],
          [
            -71.9923767,
            11.6270383
          ],
          [
            -71.9923411,
            11.627032
          ],
          [
            -71.9923054,
            11.6270264
          ],
          [
            -71.9922696,
            11.6270214
          ],
          [
            -71.9922337,
            11.6270172
          ],
          [
            -71.9921977,
            11.6270137
          ],
          [
            -71.9921617,
            11.6270108
          ],
          [
            -71.9921256,
            11.6270087
          ],
          [
            -71.9920895,
            11.6270073
          ],
          [
            -71.9920533,
            11.6270065
          ],
          [
            -71.9884286,
            11.6269687
          ]
        ]
      }
    },
    {
      "type": "Feature",
      "properties": {
        "Shape_Leng": 0.0,
        "Longitud": 198.902,
        "Aero": "A-WP3",
        "Grupo": 0
      },
      "geometry": {
        "type": "LineString",
        "coordinates": [
          [
            -71.9884286,
            11.6269687
          ],
          [
            -71.9884479,
            11.6251695
          ]
        ]
      }
    },
    {
      "type": "Feature",
      "properties": {
        "Shape_Leng": 0.0,
        "Longitud": 466.255,
        "Aero": "AWP3-WP2",
        "Grupo": 0
      },
      "geometry": {
        "type": "LineString",
        "coordinates": [
          [
            -71.9884286,
            11.6269687
          ],
          [
            -71.9877709,
            11.6269618
          ],
          [
            -71.9877497,
            11.6269612
          ],
          [
            -71.9877286,
            11.62696
          ],
          [
            -71.9877075,
            11.626958
          ],
          [
            -71.9876865,
            11.6269554
          ],
          [
            -71.9876656,
            11.6269521
          ],
          [
            -71.9876448,
            11.6269481
          ],
          [
            -71.9876241,
            11.6269434
          ],
          [
            -71.9876037,
            11.6269381
          ],
          [
            -71.9875834,
            11.6269321
          ],
          [
            -71.9875633,
            11.6269254
          ],
          [
            -71.9875435,
            11.6269181
          ],
          [
            -71.9875239,
            11.6269102
          ],
          [
            -71.9875046,
            11.6269016
          ],
          [
            -71.9866581,
            11.6265088
          ],
          [
            -71.9856317,
            11.6286581
          ]
        ]
      }
    },
    {
      "type": "Feature",
      "properties": {
        "Shape_Leng": 0.0,
        "Longitud": 472.045,
        "Aero": "WP3-WP4",
        "Grupo": 0
      },
      "geometry": {
        "type": "LineString",
        "coordinates": [
          [
            -71.9884479,
            11.6251695
          ],
          [
            -71.9884617,
            11.6238863
          ],
          [
            -71.9884555,
            11.6237167
          ],
          [
            -71.9884331,
            11.6235485
          ],
          [
            -71.9883948,
            11.6233831
          ],
          [
            -71.9883409,
            11.6232219
          ],
          [
            -71.988272,
            11.6230665
          ],
          [
            -71.9881885,
            11.6229181
          ],
          [
            -71.9880913,
            11.6227781
          ],
          [
            -71.9879812,
            11.6226476
          ],
          [
            -71.9878592,
            11.622528
          ],
          [
            -71.9877263,
            11.6224202
          ],
          [
            -71.986678,
            11.621648
          ]
        ]
      }
    },
    {
      "type": "Feature",
      "properties": {
        "Shape_Leng": 0.0,
        "Longitud": 559.506,
        "Aero": "WP1-WP2",
        "Grupo": 0
      },
      "geometry": {
        "type": "LineString",
        "coordinates": [
          [
            -71.9856317,
            11.6286581
          ],
          [
            -71.9848869,
            11.6302178
          ],
          [
            -71.9848699,
            11.6302585
          ],
          [
            -71.984857,
            11.6303006
          ],
          [
            -71.9848483,
            11.6303438
          ],
          [
            -71.9848439,
            11.6303876
          ],
          [
            -71.9848438,
            11.6304316
          ],
          [
            -71.9848481,
            11.6304754
          ],
          [
            -71.9848567,
            11.6305186
          ],
          [
            -71.9848695,
            11.6305607
          ],
          [
            -71.9848865,
            11.6306015
          ],
          [
            -71.9849073,
            11.6306404
          ],
          [
            -71.9849319,
            11.6306771
          ],
          [
            -71.98496,
            11.6307113
          ],
          [
            -71.9849914,
            11.6307426
          ],
          [
            -71.9850257,
            11.6307708
          ],
          [
            -71.9850626,
            11.6307955
          ],
          [
            -71.9873802,
            11.632191
          ]
        ]
      }
    },
    {
      "type": "Feature",
      "properties": {
        "Shape_Leng": 0.0,
        "Longitud": 1608.55,
        "Aero": "AP42-AP20",
        "Grupo": 0
      },
      "geometry": {
        "type": "LineString",
        "coordinates": [
          [
            -72.0135417,
            11.5993275
          ],
          [
            -72.0154226,
            11.599347
          ],
          [
            -72.0154395,
            11.597756
          ],
          [
            -72.0154401,
            11.5977347
          ],
          [
            -72.0154414,
            11.5977134
          ],
          [
            -72.0154435,
            11.5976921
          ],
          [
            -72.0154462,
            11.5976709
          ],
          [
            -72.0154498,
            11.5976499
          ],
          [
            -72.015454,
            11.597629
          ],
          [
            -72.0154589,
            11.5976082
          ],
          [
            -72.0154645,
            11.5975876
          ],
          [
            -72.0154709,
            11.5975672
          ],
          [
            -72.0154779,
            11.597547
          ],
          [
            -72.0154857,
            11.597527
          ],
          [
            -72.0154941,
            11.5975074
          ],
          [
            -72.0155031,
            11.597488
          ],
          [
            -72.0155129,
            11.5974689
          ],
          [
            -72.0155232,
            11.5974502
          ],
          [
            -72.0155342,
            11.5974318
          ],
          [
            -72.0155459,
            11.5974138
          ],
          [
            -72.0155581,
            11.5973962
          ],
          [
            -72.015571,
            11.5973791
          ],
          [
            -72.0155844,
            11.5973623
          ],
          [
            -72.0155984,
            11.597346
          ],
          [
            -72.0156129,
            11.5973302
          ],
          [
            -72.015628,
            11.5973149
          ],
          [
            -72.0156436,
            11.5973001
          ],
          [
            -72.0156597,
            11.5972858
          ],
          [
            -72.0156762,
            11.5972721
          ],
          [
            -72.0156932,
            11.5972589
          ],
          [
            -72.0157107,
            11.5972463
          ],
          [
            -72.0157286,
            11.5972343
          ],
          [
            -72.0157469,
            11.5972228
          ],
          [
            -72.0157655,
            11.597212
          ],
          [
            -72.0157846,
            11.5972019
          ],
          [
            -72.0158039,
            11.5971923
          ],
          [
            -72.0158236,
            11.5971834
          ],
          [
            -72.0158436,
            11.5971752
          ],
          [
            -72.0158638,
            11.5971677
          ],
          [
            -72.0158843,
            11.5971608
          ],
          [
            -72.015905,
            11.5971546
          ],
          [
            -72.015926,
            11.5971491
          ],
          [
            -72.0159471,
            11.5971443
          ],
          [
            -72.0159683,
            11.5971402
          ],
          [
            -72.0159897,
            11.5971368
          ],
          [
            -72.0160112,
            11.5971341
          ],
          [
            -72.0160327,
            11.5971322
          ],
          [
            -72.0160543,
            11.5971309
          ],
          [
            -72.0160759,
            11.5971304
          ],
          [
            -72.0160976,
            11.5971306
          ],
          [
            -72.0161192,
            11.5971315
          ],
          [
            -72.0161408,
            11.5971332
          ],
          [
            -72.0161623,
            11.5971355
          ],
          [
            -72.0161837,
            11.5971386
          ],
          [
            -72.016205,
            11.5971424
          ],
          [
            -72.0162262,
            11.5971469
          ],
          [
            -72.0162472,
            11.5971521
          ],
          [
            -72.016268,
            11.597158
          ],
          [
            -72.0162886,
            11.5971645
          ],
          [
            -72.016309,
            11.5971718
          ],
          [
            -72.0163291,
            11.5971797
          ],
          [
            -72.0245179,
            11.6005705
          ],
          [
            -72.0245221,
            11.6005722
          ],
          [
            -72.0245264,
            11.600574
          ],
          [
            -72.0245306,
            11.6005757
          ],
          [
            -72.0245348,
            11.6005775
          ],
          [
            -72.024539,
            11.6005792
          ],
          [
            -72.0245433,
            11.600581
          ],
          [
            -72.0245475,
            11.6005827
          ],
          [
            -72.0245517,
            11.6005845
          ],
          [
            -72.0245559,
            11.6005862
          ],
          [
            -72.0245601,
            11.600588
          ],
          [
            -72.0245644,
            11.6005897
          ],
          [
            -72.0245686,
            11.6005915
          ],
          [
            -72.0245728,
            11.6005932
          ],
          [
            -72.024577,
            11.600595
          ],
          [
            -72.0245813,
            11.6005967
          ],
          [
            -72.0245855,
            11.6005985
          ],
          [
            -72.0245897,
            11.6006002
          ],
          [
            -72.0245939,
            11.600602
          ],
          [
            -72.0245981,
            11.6006037
          ],
          [
            -72.0246024,
            11.6006055
          ],
          [
            -72.0246066,
            11.6006072
          ],
          [
            -72.0246108,
            11.600609
          ],
          [
            -72.024615,
            11.6006107
          ],
          [
            -72.0246193,
            11.6006125
          ],
          [
            -72.0246235,
            11.6006142
          ],
          [
            -72.0246277,
            11.600616
          ],
          [
            -72.0246319,
            11.6006177
          ],
          [
            -72.0246362,
            11.6006195
          ],
          [
            -72.0246404,
            11.6006212
          ],
          [
            -72.0246446,
            11.6006229
          ],
          [
            -72.0246488,
            11.6006247
          ],
          [
            -72.024653,
            11.6006264
          ],
          [
            -72.0246573,
            11.6006282
          ],
          [
            -72.0246615,
            11.6006299
          ],
          [
            -72.0246657,
            11.6006317
          ],
          [
            -72.0246699,
            11.6006334
          ],
          [
            -72.0246742,
            11.6006352
          ],
          [
            -72.0246784,
            11.6006369
          ],
          [
            -72.0246826,
            11.6006387
          ],
          [
            -72.0246868,
            11.6006404
          ],
          [
            -72.0246911,
            11.6006422
          ],
          [
            -72.0246953,
            11.6006439
          ],
          [
            -72.0246995,
            11.6006457
          ],
          [
            -72.0247037,
            11.6006474
          ],
          [
            -72.024708,
            11.6006492
          ],
          [
            -72.0247122,
            11.6006509
          ],
          [
            -72.0247164,
            11.6006527
          ],
          [
            -72.0247206,
            11.6006544
          ],
          [
            -72.0247248,
            11.6006562
          ],
          [
            -72.0247291,
            11.6006579
          ],
          [
            -72.0247333,
            11.6006597
          ],
          [
            -72.0247375,
            11.6006614
          ],
          [
            -72.0247417,
            11.6006632
          ],
          [
            -72.024746,
            11.6006649
          ],
          [
            -72.0247502,
            11.6006667
          ],
          [
            -72.0247544,
            11.6006684
          ],
          [
            -72.0247586,
            11.6006702
          ],
          [
            -72.0247629,
            11.6006719
          ],
          [
            -72.0247671,
            11.6006737
          ],
          [
            -72.0247713,
            11.6006754
          ],
          [
            -72.0247755,
            11.6006772
          ],
          [
            -72.0247797,
            11.6006789
          ],
          [
            -72.024784,
            11.6006807
          ],
          [
            -72.0247882,
            11.6006824
          ],
          [
            -72.0247924,
            11.6006841
          ],
          [
            -72.0247966,
            11.6006859
          ],
          [
            -72.0248009,
            11.6006876
          ],
          [
            -72.0248051,
            11.6006894
          ],
          [
            -72.0248093,
            11.6006911
          ],
          [
            -72.0248135,
            11.6006929
          ],
          [
            -72.0248178,
            11.6006946
          ],
          [
            -72.024822,
            11.6006964
          ],
          [
            -72.0248262,
            11.6006981
          ],
          [
            -72.0248304,
            11.6006999
          ],
          [
            -72.0248346,
            11.6007016
          ],
          [
            -72.0248389,
            11.6007034
          ],
          [
            -72.0248431,
            11.6007051
          ],
          [
            -72.0248473,
            11.6007069
          ],
          [
            -72.0248515,
            11.6007086
          ],
          [
            -72.0248558,
            11.6007104
          ],
          [
            -72.02486,
            11.6007121
          ],
          [
            -72.0248642,
            11.6007139
          ],
          [
            -72.0248684,
            11.6007156
          ],
          [
            -72.0248727,
            11.6007174
          ],
          [
            -72.0248769,
            11.6007191
          ],
          [
            -72.0248811,
            11.6007209
          ],
          [
            -72.0248853,
            11.6007226
          ],
          [
            -72.0248896,
            11.6007244
          ],
          [
            -72.0248938,
            11.6007261
          ],
          [
            -72.024898,
            11.6007279
          ],
          [
            -72.0249022,
            11.6007296
          ],
          [
            -72.0249064,
            11.6007314
          ],
          [
            -72.0249107,
            11.6007331
          ],
          [
            -72.0249149,
            11.6007349
          ],
          [
            -72.0249191,
            11.6007366
          ],
          [
            -72.0249233,
            11.6007384
          ],
          [
            -72.0249276,
            11.6007401
          ],
          [
            -72.0249318,
            11.6007419
          ],
          [
            -72.024936,
            11.6007436
          ],
          [
            -72.0249402,
            11.6007454
          ],
          [
            -72.0249445,
            11.6007471
          ],
          [
            -72.0249487,
            11.6007489
          ],
          [
            -72.0249529,
            11.6007506
          ],
          [
            -72.0249571,
            11.6007523
          ],
          [
            -72.0249613,
            11.6007541
          ],
          [
            -72.0249656,
            11.6007558
          ],
          [
            -72.0249698,
            11.6007576
          ],
          [
            -72.024974,
            11.6007593
          ],
          [
            -72.0249782,
            11.6007611
          ],
          [
            -72.0249825,
            11.6007628
          ],
          [
            -72.0249867,
            11.6007646
          ],
          [
            -72.0249909,
            11.6007663
          ],
          [
            -72.0249951,
            11.6007681
          ],
          [
            -72.0249994,
            11.6007698
          ],
          [
            -72.0250036,
            11.6007716
          ],
          [
            -72.0250078,
            11.6007733
          ],
          [
            -72.025012,
            11.6007751
          ],
          [
            -72.0250162,
            11.6007768
          ],
          [
            -72.0250205,
            11.6007786
          ],
          [
            -72.0250247,
            11.6007803
          ],
          [
            -72.0250289,
            11.6007821
          ],
          [
            -72.0250331,
            11.6007838
          ],
          [
            -72.0250374,
            11.6007856
          ],
          [
            -72.0250416,
            11.6007873
          ],
          [
            -72.0250458,
            11.6007891
          ],
          [
            -72.02505,
            11.6007908
          ],
          [
            -72.0250543,
            11.6007926
          ],
          [
            -72.0250585,
            11.6007943
          ],
          [
            -72.0250627,
            11.6007961
          ],
          [
            -72.0250669,
            11.6007978
          ],
          [
            -72.0250711,
            11.6007996
          ],
          [
            -72.0250754,
            11.6008013
          ],
          [
            -72.0250796,
            11.6008031
          ],
          [
            -72.0250838,
            11.6008048
          ],
          [
            -72.025088,
            11.6008066
          ],
          [
            -72.0250923,
            11.6008083
          ],
          [
            -72.0250965,
            11.6008101
          ],
          [
            -72.0251007,
            11.6008118
          ],
          [
            -72.0251049,
            11.6008136
          ],
          [
            -72.0251092,
            11.6008153
          ],
          [
            -72.0251134,
            11.600817
          ],
          [
            -72.0251176,
            11.6008188
          ],
          [
            -72.0251218,
            11.6008205
          ],
          [
            -72.0251261,
            11.6008223
          ],
          [
            -72.0251303,
            11.600824
          ],
          [
            -72.0251345,
            11.6008258
          ],
          [
            -72.0251387,
            11.6008275
          ],
          [
            -72.0251429,
            11.6008293
          ],
          [
            -72.0251472,
            11.600831
          ],
          [
            -72.0251514,
            11.6008328
          ],
          [
            -72.0251556,
            11.6008345
          ],
          [
            -72.0251598,
            11.6008363
          ],
          [
            -72.0251641,
            11.600838
          ],
          [
            -72.0251683,
            11.6008398
          ],
          [
            -72.0251725,
            11.6008415
          ],
          [
            -72.0251767,
            11.6008433
          ],
          [
            -72.025181,
            11.600845
          ],
          [
            -72.0251852,
            11.6008468
          ],
          [
            -72.0251894,
            11.6008485
          ],
          [
            -72.0251936,
            11.6008503
          ],
          [
            -72.0251978,
            11.600852
          ],
          [
            -72.0252021,
            11.6008538
          ],
          [
            -72.0252063,
            11.6008555
          ],
          [
            -72.0252105,
            11.6008573
          ],
          [
            -72.0252147,
            11.600859
          ],
          [
            -72.025219,
            11.6008608
          ],
          [
            -72.0252232,
            11.6008625
          ],
          [
            -72.0252274,
            11.6008643
          ],
          [
            -72.0252316,
            11.600866
          ],
          [
            -72.0252359,
            11.6008678
          ],
          [
            -72.0252401,
            11.6008695
          ],
          [
            -72.0252443,
            11.6008713
          ],
          [
            -72.0252485,
            11.600873
          ],
          [
            -72.0252527,
            11.6008748
          ],
          [
            -72.025257,
            11.6008765
          ],
          [
            -72.0252612,
            11.6008782
          ],
          [
            -72.0252654,
            11.60088
          ],
          [
            -72.0252696,
            11.6008817
          ],
          [
            -72.0252739,
            11.6008835
          ],
          [
            -72.0252781,
            11.6008852
          ],
          [
            -72.0252823,
            11.600887
          ],
          [
            -72.0252865,
            11.6008887
          ],
          [
            -72.0252907,
            11.6008905
          ],
          [
            -72.025295,
            11.6008922
          ],
          [
            -72.0252992,
            11.600894
          ],
          [
            -72.0253034,
            11.6008957
          ],
          [
            -72.0253076,
            11.6008975
          ],
          [
            -72.0253119,
            11.6008992
          ],
          [
            -72.0253134,
            11.6008999
          ],
          [
            -72.0253161,
            11.600901
          ],
          [
            -72.0253203,
            11.6009027
          ],
          [
            -72.0253245,
            11.6009045
          ],
          [
            -72.0253288,
            11.6009062
          ],
          [
            -72.025333,
            11.600908
          ],
          [
            -72.0253348,
            11.6009087
          ],
          [
            -72.0253372,
            11.6009097
          ],
          [
            -72.0253414,
            11.6009115
          ],
          [
            -72.0253457,
            11.6009132
          ],
          [
            -72.0253499,
            11.600915
          ],
          [
            -72.0253541,
            11.6009167
          ],
          [
            -72.0253583,
            11.6009185
          ],
          [
            -72.0253625,
            11.6009202
          ],
          [
            -72.0253668,
            11.600922
          ],
          [
            -72.025371,
            11.6009237
          ],
          [
            -72.025373,
            11.6009246
          ],
          [
            -72.0253752,
            11.6009255
          ],
          [
            -72.0253794,
            11.6009272
          ],
          [
            -72.0253837,
            11.600929
          ],
          [
            -72.0253879,
            11.6009307
          ],
          [
            -72.0253921,
            11.6009324
          ],
          [
            -72.0253963,
            11.6009342
          ],
          [
            -72.0253986,
            11.6009351
          ],
          [
            -72.0254006,
            11.6009359
          ],
          [
            -72.0254048,
            11.6009377
          ],
          [
            -72.025409,
            11.6009394
          ],
          [
            -72.0254132,
            11.6009412
          ],
          [
            -72.0254174,
            11.6009429
          ],
          [
            -72.0254217,
            11.6009447
          ],
          [
            -72.0254241,
            11.6009457
          ],
          [
            -72.0254259,
            11.6009464
          ],
          [
            -72.0254301,
            11.6009482
          ],
          [
            -72.0254343,
            11.6009499
          ],
          [
            -72.0254386,
            11.6009517
          ],
          [
            -72.0254428,
            11.6009534
          ],
          [
            -72.025447,
            11.6009552
          ],
          [
            -72.0254497,
            11.6009563
          ],
          [
            -72.0254512,
            11.6009569
          ],
          [
            -72.0254555,
            11.6009587
          ],
          [
            -72.0254579,
            11.6009597
          ],
          [
            -72.0254597,
            11.6009604
          ],
          [
            -72.0254639,
            11.6009622
          ],
          [
            -72.0254681,
            11.6009639
          ],
          [
            -72.0254715,
            11.6009653
          ],
          [
            -72.0254723,
            11.6009657
          ],
          [
            -72.0254766,
            11.6009674
          ],
          [
            -72.0254808,
            11.6009692
          ],
          [
            -72.025485,
            11.600971
          ],
          [
            -72.0254892,
            11.6009728
          ],
          [
            -72.0254934,
            11.6009747
          ],
          [
            -72.0254975,
            11.6009765
          ],
          [
            -72.0255017,
            11.6009784
          ],
          [
            -72.0255059,
            11.6009803
          ],
          [
            -72.02551,
            11.6009822
          ],
          [
            -72.0255141,
            11.6009841
          ],
          [
            -72.0255183,
            11.6009861
          ],
          [
            -72.0255224,
            11.6009881
          ],
          [
            -72.0255265,
            11.60099
          ],
          [
            -72.0255306,
            11.600992
          ],
          [
            -72.0255347,
            11.6009941
          ],
          [
            -72.0255388,
            11.6009961
          ],
          [
            -72.0255429,
            11.6009982
          ],
          [
            -72.0255469,
            11.6010002
          ],
          [
            -72.025551,
            11.6010023
          ],
          [
            -72.025555,
            11.6010045
          ]
        ]
      }
    },
    {
      "type": "Feature",
      "properties": {
        "Shape_Leng": 0.0,
        "Longitud": 1724.62,
        "Aero": "AP42-WP43",
        "Grupo": 0
      },
      "geometry": {
        "type": "LineString",
        "coordinates": [
          [
            -72.025555,
            11.6010045
          ],
          [
            -72.0283326,
            11.60215
          ],
          [
            -72.0284159,
            11.6021799
          ],
          [
            -72.0285017,
            11.6022017
          ],
          [
            -72.0285893,
            11.6022152
          ],
          [
            -72.0286778,
            11.6022204
          ],
          [
            -72.0383403,
            11.6023196
          ],
          [
            -72.0384168,
            11.6023236
          ],
          [
            -72.0384927,
            11.6023338
          ],
          [
            -72.0385675,
            11.6023503
          ],
          [
            -72.0386406,
            11.6023728
          ],
          [
            -72.0387115,
            11.6024013
          ],
          [
            -72.0387798,
            11.6024355
          ],
          [
            -72.040816,
            11.6035643
          ]
        ]
      }
    },
    {
      "type": "Feature",
      "properties": {
        "Shape_Leng": 0.0,
        "Longitud": 237.129,
        "Aero": "A-WP42",
        "Grupo": 0
      },
      "geometry": {
        "type": "LineString",
        "coordinates": [
          [
            -72.025555,
            11.6010045
          ],
          [
            -72.0255591,
            11.6010066
          ],
          [
            -72.0255631,
            11.6010087
          ],
          [
            -72.0255671,
            11.6010109
          ],
          [
            -72.0255711,
            11.6010131
          ],
          [
            -72.0255751,
            11.6010153
          ],
          [
            -72.0255791,
            11.6010175
          ],
          [
            -72.0255831,
            11.6010198
          ],
          [
            -72.0255871,
            11.601022
          ],
          [
            -72.025591,
            11.6010243
          ],
          [
            -72.025595,
            11.6010266
          ],
          [
            -72.0255989,
            11.6010289
          ],
          [
            -72.0256028,
            11.6010312
          ],
          [
            -72.0256068,
            11.6010336
          ],
          [
            -72.0256106,
            11.6010359
          ],
          [
            -72.0256145,
            11.6010383
          ],
          [
            -72.0256184,
            11.6010407
          ],
          [
            -72.0256223,
            11.6010431
          ],
          [
            -72.0256262,
            11.6010456
          ],
          [
            -72.02563,
            11.601048
          ],
          [
            -72.0256338,
            11.6010505
          ],
          [
            -72.0256377,
            11.601053
          ],
          [
            -72.0256415,
            11.6010555
          ],
          [
            -72.0256453,
            11.601058
          ],
          [
            -72.0256491,
            11.6010605
          ],
          [
            -72.0256528,
            11.6010631
          ],
          [
            -72.0256566,
            11.6010656
          ],
          [
            -72.0256604,
            11.6010682
          ],
          [
            -72.0256641,
            11.6010708
          ],
          [
            -72.0256678,
            11.6010735
          ],
          [
            -72.0256716,
            11.6010761
          ],
          [
            -72.0256753,
            11.6010787
          ],
          [
            -72.025679,
            11.6010814
          ],
          [
            -72.0256826,
            11.6010841
          ],
          [
            -72.0256863,
            11.6010868
          ],
          [
            -72.02569,
            11.6010895
          ],
          [
            -72.0256936,
            11.6010923
          ],
          [
            -72.0256972,
            11.601095
          ],
          [
            -72.0257009,
            11.6010978
          ],
          [
            -72.0257045,
            11.6011006
          ],
          [
            -72.0257081,
            11.6011034
          ],
          [
            -72.0257116,
            11.6011062
          ],
          [
            -72.0257152,
            11.601109
          ],
          [
            -72.0257188,
            11.6011119
          ],
          [
            -72.0257223,
            11.6011147
          ],
          [
            -72.0257258,
            11.6011176
          ],
          [
            -72.0257293,
            11.6011205
          ],
          [
            -72.0257329,
            11.6011234
          ],
          [
            -72.0257363,
            11.6011263
          ],
          [
            -72.0257398,
            11.6011293
          ],
          [
            -72.0257433,
            11.6011323
          ],
          [
            -72.0257467,
            11.6011352
          ],
          [
            -72.0257501,
            11.6011382
          ],
          [
            -72.0257536,
            11.6011412
          ],
          [
            -72.025757,
            11.6011442
          ],
          [
            -72.0257604,
            11.6011473
          ],
          [
            -72.0257637,
            11.6011503
          ],
          [
            -72.0257671,
            11.6011534
          ],
          [
            -72.0257705,
            11.6011565
          ],
          [
            -72.0257738,
            11.6011596
          ],
          [
            -72.0257771,
            11.6011627
          ],
          [
            -72.0257804,
            11.6011658
          ],
          [
            -72.0257837,
            11.6011689
          ],
          [
            -72.025787,
            11.6011721
          ],
          [
            -72.0257902,
            11.6011753
          ],
          [
            -72.0257935,
            11.6011784
          ],
          [
            -72.0257967,
            11.6011817
          ],
          [
            -72.0257999,
            11.6011849
          ],
          [
            -72.0258031,
            11.6011881
          ],
          [
            -72.0258063,
            11.6011913
          ],
          [
            -72.0258095,
            11.6011946
          ],
          [
            -72.0258127,
            11.6011979
          ],
          [
            -72.0258158,
            11.6012011
          ],
          [
            -72.0258189,
            11.6012044
          ],
          [
            -72.0258221,
            11.6012078
          ],
          [
            -72.0258251,
            11.6012111
          ],
          [
            -72.0258282,
            11.6012144
          ],
          [
            -72.0258313,
            11.6012178
          ],
          [
            -72.0258344,
            11.6012211
          ],
          [
            -72.0258374,
            11.6012245
          ],
          [
            -72.0258404,
            11.6012279
          ],
          [
            -72.0258434,
            11.6012313
          ],
          [
            -72.0258464,
            11.6012348
          ],
          [
            -72.0258494,
            11.6012382
          ],
          [
            -72.0258523,
            11.6012416
          ],
          [
            -72.0258553,
            11.6012451
          ],
          [
            -72.0258582,
            11.6012486
          ],
          [
            -72.0258611,
            11.6012521
          ],
          [
            -72.025864,
            11.6012556
          ],
          [
            -72.0258669,
            11.6012591
          ],
          [
            -72.0258697,
            11.6012626
          ],
          [
            -72.0258726,
            11.6012661
          ],
          [
            -72.0258754,
            11.6012697
          ],
          [
            -72.0258782,
            11.6012733
          ],
          [
            -72.025881,
            11.6012768
          ],
          [
            -72.0258838,
            11.6012804
          ],
          [
            -72.0258866,
            11.601284
          ],
          [
            -72.0258893,
            11.6012876
          ],
          [
            -72.025892,
            11.6012913
          ],
          [
            -72.0258947,
            11.6012949
          ],
          [
            -72.0258974,
            11.6012986
          ],
          [
            -72.0259001,
            11.6013022
          ],
          [
            -72.0259028,
            11.6013059
          ],
          [
            -72.0259054,
            11.6013096
          ],
          [
            -72.025908,
            11.6013133
          ],
          [
            -72.0259107,
            11.601317
          ],
          [
            -72.0259133,
            11.6013207
          ],
          [
            -72.0259158,
            11.6013245
          ],
          [
            -72.0259184,
            11.6013282
          ],
          [
            -72.0259209,
            11.601332
          ],
          [
            -72.0259235,
            11.6013357
          ],
          [
            -72.025926,
            11.6013395
          ],
          [
            -72.0259285,
            11.6013433
          ],
          [
            -72.0259309,
            11.6013471
          ],
          [
            -72.0259334,
            11.6013509
          ],
          [
            -72.0259358,
            11.6013547
          ],
          [
            -72.0259382,
            11.6013586
          ],
          [
            -72.0259406,
            11.6013624
          ],
          [
            -72.025943,
            11.6013663
          ],
          [
            -72.0259454,
            11.6013701
          ],
          [
            -72.0259477,
            11.601374
          ],
          [
            -72.0259501,
            11.6013779
          ],
          [
            -72.0259524,
            11.6013818
          ],
          [
            -72.0259547,
            11.6013857
          ],
          [
            -72.0259569,
            11.6013896
          ],
          [
            -72.0259592,
            11.6013936
          ],
          [
            -72.0259614,
            11.6013975
          ],
          [
            -72.0259637,
            11.6014015
          ],
          [
            -72.0259659,
            11.6014054
          ],
          [
            -72.0259681,
            11.6014094
          ],
          [
            -72.0259702,
            11.6014134
          ],
          [
            -72.0259724,
            11.6014173
          ],
          [
            -72.0259745,
            11.6014213
          ],
          [
            -72.0259766,
            11.6014253
          ],
          [
            -72.0259787,
            11.6014294
          ],
          [
            -72.0259808,
            11.6014334
          ],
          [
            -72.0259828,
            11.6014374
          ],
          [
            -72.0259849,
            11.6014415
          ],
          [
            -72.0259869,
            11.6014455
          ],
          [
            -72.0259889,
            11.6014496
          ],
          [
            -72.0259909,
            11.6014537
          ],
          [
            -72.0259928,
            11.6014577
          ],
          [
            -72.0259948,
            11.6014618
          ],
          [
            -72.0259967,
            11.6014659
          ],
          [
            -72.0259986,
            11.60147
          ],
          [
            -72.0260005,
            11.6014742
          ],
          [
            -72.0260024,
            11.6014783
          ],
          [
            -72.0260042,
            11.6014824
          ],
          [
            -72.026006,
            11.6014865
          ],
          [
            -72.0260079,
            11.6014907
          ],
          [
            -72.0260096,
            11.6014948
          ],
          [
            -72.0260114,
            11.601499
          ],
          [
            -72.0260132,
            11.6015032
          ],
          [
            -72.0260149,
            11.6015074
          ],
          [
            -72.0260166,
            11.6015116
          ],
          [
            -72.0260183,
            11.6015158
          ],
          [
            -72.02602,
            11.60152
          ],
          [
            -72.0260216,
            11.6015242
          ],
          [
            -72.0260233,
            11.6015284
          ],
          [
            -72.0260249,
            11.6015326
          ],
          [
            -72.0260265,
            11.6015368
          ],
          [
            -72.0260281,
            11.6015411
          ],
          [
            -72.0260296,
            11.6015453
          ],
          [
            -72.0260312,
            11.6015496
          ],
          [
            -72.0260327,
            11.6015538
          ],
          [
            -72.0260342,
            11.6015581
          ],
          [
            -72.0260357,
            11.6015624
          ],
          [
            -72.0260371,
            11.6015667
          ],
          [
            -72.0260386,
            11.6015709
          ],
          [
            -72.02604,
            11.6015752
          ],
          [
            -72.0260414,
            11.6015795
          ],
          [
            -72.0260428,
            11.6015838
          ],
          [
            -72.0260441,
            11.6015882
          ],
          [
            -72.0260455,
            11.6015925
          ],
          [
            -72.0260468,
            11.6015968
          ],
          [
            -72.0260481,
            11.6016011
          ],
          [
            -72.0260494,
            11.6016055
          ],
          [
            -72.0260506,
            11.6016098
          ],
          [
            -72.0260519,
            11.6016142
          ],
          [
            -72.0260531,
            11.6016185
          ],
          [
            -72.0260543,
            11.6016229
          ],
          [
            -72.0260555,
            11.6016272
          ],
          [
            -72.0260567,
            11.6016316
          ],
          [
            -72.0260578,
            11.601636
          ],
          [
            -72.0260589,
            11.6016403
          ],
          [
            -72.02606,
            11.6016447
          ],
          [
            -72.0260611,
            11.6016491
          ],
          [
            -72.0260622,
            11.6016535
          ],
          [
            -72.0260632,
            11.6016579
          ],
          [
            -72.0260642,
            11.6016623
          ],
          [
            -72.0260652,
            11.6016667
          ],
          [
            -72.0260662,
            11.6016711
          ],
          [
            -72.0260672,
            11.6016755
          ],
          [
            -72.0260681,
            11.60168
          ],
          [
            -72.026069,
            11.6016844
          ],
          [
            -72.0260699,
            11.6016888
          ],
          [
            -72.0260708,
            11.6016933
          ],
          [
            -72.0260716,
            11.6016977
          ],
          [
            -72.0260725,
            11.6017021
          ],
          [
            -72.0260733,
            11.6017066
          ],
          [
            -72.0260741,
            11.601711
          ],
          [
            -72.0260749,
            11.6017155
          ],
          [
            -72.0260756,
            11.6017199
          ],
          [
            -72.0260764,
            11.6017244
          ],
          [
            -72.0260771,
            11.6017288
          ],
          [
            -72.0260778,
            11.6017333
          ],
          [
            -72.0260784,
            11.6017378
          ],
          [
            -72.0260791,
            11.6017422
          ],
          [
            -72.0260797,
            11.6017467
          ],
          [
            -72.0260803,
            11.6017512
          ],
          [
            -72.0260809,
            11.6017557
          ],
          [
            -72.0260815,
            11.6017601
          ],
          [
            -72.0260819,
            11.6017632
          ],
          [
            -72.026082,
            11.6017646
          ],
          [
            -72.0260826,
            11.6017691
          ],
          [
            -72.0260831,
            11.6017736
          ],
          [
            -72.0260836,
            11.6017781
          ],
          [
            -72.026084,
            11.6017826
          ],
          [
            -72.0260841,
            11.6017831
          ],
          [
            -72.0260845,
            11.6017871
          ],
          [
            -72.0260849,
            11.6017916
          ],
          [
            -72.0260853,
            11.6017961
          ],
          [
            -72.0260857,
            11.6018006
          ],
          [
            -72.026086,
            11.6018051
          ],
          [
            -72.0260864,
            11.6018096
          ],
          [
            -72.0260864,
            11.6018105
          ],
          [
            -72.0260867,
            11.6018141
          ],
          [
            -72.026087,
            11.6018186
          ],
          [
            -72.0260873,
            11.6018231
          ],
          [
            -72.0260875,
            11.6018276
          ],
          [
            -72.0260878,
            11.6018321
          ],
          [
            -72.026088,
            11.6018366
          ],
          [
            -72.0260882,
            11.6018411
          ],
          [
            -72.0260884,
            11.6018457
          ],
          [
            -72.0260885,
            11.6018502
          ],
          [
            -72.0260886,
            11.6018547
          ],
          [
            -72.0260888,
            11.6018592
          ],
          [
            -72.0260888,
            11.6018592
          ],
          [
            -72.0260889,
            11.6018637
          ],
          [
            -72.0260889,
            11.6018682
          ],
          [
            -72.026089,
            11.6018727
          ],
          [
            -72.026089,
            11.6018773
          ],
          [
            -72.026089,
            11.6018818
          ],
          [
            -72.026089,
            11.6018863
          ],
          [
            -72.026089,
            11.6018908
          ],
          [
            -72.026089,
            11.601891
          ],
          [
            -72.0260889,
            11.6018953
          ],
          [
            -72.0260888,
            11.6018998
          ],
          [
            -72.0260887,
            11.6019044
          ],
          [
            -72.0260886,
            11.6019089
          ],
          [
            -72.0260885,
            11.6019134
          ],
          [
            -72.0260883,
            11.6019179
          ],
          [
            -72.0260881,
            11.6019224
          ],
          [
            -72.0260879,
            11.6019269
          ],
          [
            -72.0260877,
            11.6019314
          ],
          [
            -72.0260875,
            11.6019359
          ],
          [
            -72.0260872,
            11.6019404
          ],
          [
            -72.0260871,
            11.6019426
          ],
          [
            -72.0260869,
            11.601945
          ],
          [
            -72.0260866,
            11.6019495
          ],
          [
            -72.0260863,
            11.601954
          ],
          [
            -72.026086,
            11.6019585
          ],
          [
            -72.0260856,
            11.601963
          ],
          [
            -72.0260852,
            11.6019675
          ],
          [
            -72.0260848,
            11.601972
          ],
          [
            -72.0260844,
            11.6019765
          ],
          [
            -72.0260839,
            11.601981
          ],
          [
            -72.0260835,
            11.6019853
          ],
          [
            -72.0260835,
            11.6019855
          ],
          [
            -72.026083,
            11.6019899
          ],
          [
            -72.0260825,
            11.6019944
          ],
          [
            -72.0260819,
            11.6019989
          ],
          [
            -72.0260814,
            11.6020034
          ],
          [
            -72.0260808,
            11.6020079
          ],
          [
            -72.0260802,
            11.6020124
          ],
          [
            -72.0260796,
            11.6020168
          ],
          [
            -72.026079,
            11.6020213
          ],
          [
            -72.0260783,
            11.6020258
          ],
          [
            -72.026078,
            11.6020278
          ],
          [
            -72.0260776,
            11.6020302
          ],
          [
            -72.0260769,
            11.6020347
          ],
          [
            -72.0260762,
            11.6020392
          ],
          [
            -72.0260755,
            11.6020436
          ],
          [
            -72.0260747,
            11.6020481
          ],
          [
            -72.0260739,
            11.6020525
          ],
          [
            -72.0260731,
            11.602057
          ],
          [
            -72.026073,
            11.6020578
          ],
          [
            -72.0260723,
            11.6020614
          ],
          [
            -72.0260715,
            11.6020659
          ],
          [
            -72.0260711,
            11.6020687
          ],
          [
            -72.0260708,
            11.6020703
          ],
          [
            -72.02607,
            11.6020748
          ],
          [
            -72.0260693,
            11.6020792
          ],
          [
            -72.0260686,
            11.6020837
          ],
          [
            -72.026068,
            11.6020882
          ],
          [
            -72.0260673,
            11.6020926
          ],
          [
            -72.0260671,
            11.6020944
          ],
          [
            -72.0260667,
            11.6020971
          ],
          [
            -72.0260661,
            11.6021016
          ],
          [
            -72.0260655,
            11.6021061
          ],
          [
            -72.0260649,
            11.6021106
          ],
          [
            -72.0260644,
            11.602115
          ],
          [
            -72.0260639,
            11.6021195
          ],
          [
            -72.0260638,
            11.6021204
          ],
          [
            -72.0260634,
            11.602124
          ],
          [
            -72.026063,
            11.6021285
          ],
          [
            -72.0260625,
            11.602133
          ],
          [
            -72.0260621,
            11.6021375
          ],
          [
            -72.0260617,
            11.602142
          ],
          [
            -72.0260613,
            11.6021465
          ],
          [
            -72.0260613,
            11.6021465
          ],
          [
            -72.026061,
            11.602151
          ],
          [
            -72.0260606,
            11.6021555
          ],
          [
            -72.0260603,
            11.60216
          ],
          [
            -72.02606,
            11.6021645
          ],
          [
            -72.0260598,
            11.602169
          ],
          [
            -72.0260595,
            11.6021735
          ],
          [
            -72.0260593,
            11.602178
          ],
          [
            -72.0260591,
            11.6021826
          ],
          [
            -72.026059,
            11.6021871
          ],
          [
            -72.0260588,
            11.6021916
          ],
          [
            -72.0260587,
            11.6021961
          ],
          [
            -72.0260586,
            11.6022006
          ],
          [
            -72.0260585,
            11.6022036
          ],
          [
            -72.0260585,
            11.6022051
          ],
          [
            -72.0260585,
            11.6022096
          ],
          [
            -72.0260584,
            11.6022142
          ],
          [
            -72.0260584,
            11.6022187
          ],
          [
            -72.0260584,
            11.6022232
          ],
          [
            -72.0260585,
            11.6022277
          ],
          [
            -72.0260585,
            11.6022304
          ],
          [
            -72.0260585,
            11.6022322
          ],
          [
            -72.0260586,
            11.6022367
          ],
          [
            -72.0260586,
            11.602238
          ],
          [
            -72.0260587,
            11.6022413
          ],
          [
            -72.0260588,
            11.6022458
          ],
          [
            -72.026059,
            11.6022503
          ],
          [
            -72.0260592,
            11.6022548
          ],
          [
            -72.0260594,
            11.6022593
          ],
          [
            -72.0260596,
            11.6022638
          ],
          [
            -72.0260598,
            11.6022683
          ],
          [
            -72.0260601,
            11.6022728
          ],
          [
            -72.0260604,
            11.6022773
          ],
          [
            -72.0260607,
            11.6022818
          ],
          [
            -72.026061,
            11.6022864
          ],
          [
            -72.0260614,
            11.6022909
          ],
          [
            -72.0260618,
            11.6022953
          ],
          [
            -72.0260622,
            11.6022999
          ],
          [
            -72.0260626,
            11.6023043
          ],
          [
            -72.026063,
            11.6023088
          ],
          [
            -72.0260635,
            11.6023133
          ],
          [
            -72.026064,
            11.6023178
          ],
          [
            -72.0260645,
            11.6023223
          ],
          [
            -72.0260651,
            11.6023268
          ],
          [
            -72.0260656,
            11.6023313
          ],
          [
            -72.0260662,
            11.6023358
          ],
          [
            -72.0260668,
            11.6023402
          ],
          [
            -72.0260674,
            11.6023447
          ],
          [
            -72.0260681,
            11.6023492
          ],
          [
            -72.0260688,
            11.6023536
          ],
          [
            -72.0260695,
            11.6023581
          ],
          [
            -72.0260702,
            11.6023626
          ],
          [
            -72.0260709,
            11.602367
          ],
          [
            -72.0260717,
            11.6023715
          ],
          [
            -72.0260725,
            11.6023759
          ],
          [
            -72.0260733,
            11.6023804
          ],
          [
            -72.0260741,
            11.6023848
          ],
          [
            -72.026075,
            11.6023892
          ],
          [
            -72.0260759,
            11.6023937
          ],
          [
            -72.0260768,
            11.6023981
          ],
          [
            -72.0260777,
            11.6024025
          ],
          [
            -72.0260786,
            11.6024069
          ],
          [
            -72.0260796,
            11.6024114
          ],
          [
            -72.0260806,
            11.6024158
          ],
          [
            -72.0260816,
            11.6024202
          ],
          [
            -72.0260826,
            11.6024246
          ],
          [
            -72.0260837,
            11.602429
          ],
          [
            -72.0260848,
            11.6024334
          ],
          [
            -72.0260859,
            11.6024377
          ],
          [
            -72.026087,
            11.6024421
          ],
          [
            -72.0260882,
            11.6024465
          ],
          [
            -72.0260893,
            11.6024509
          ],
          [
            -72.0260905,
            11.6024552
          ],
          [
            -72.0260917,
            11.6024596
          ],
          [
            -72.026093,
            11.6024639
          ],
          [
            -72.0260942,
            11.6024683
          ],
          [
            -72.0260955,
            11.6024726
          ],
          [
            -72.0260968,
            11.6024769
          ],
          [
            -72.0260981,
            11.6024812
          ],
          [
            -72.0260995,
            11.6024856
          ],
          [
            -72.0261008,
            11.6024899
          ],
          [
            -72.0261022,
            11.6024942
          ],
          [
            -72.0261036,
            11.6024985
          ],
          [
            -72.0261051,
            11.6025028
          ],
          [
            -72.0261065,
            11.602507
          ],
          [
            -72.026108,
            11.6025113
          ],
          [
            -72.0261095,
            11.6025156
          ],
          [
            -72.026111,
            11.6025199
          ],
          [
            -72.0261125,
            11.6025241
          ],
          [
            -72.0261141,
            11.6025284
          ],
          [
            -72.0261157,
            11.6025326
          ],
          [
            -72.0261173,
            11.6025368
          ],
          [
            -72.0261189,
            11.602541
          ],
          [
            -72.0261206,
            11.6025452
          ],
          [
            -72.0261222,
            11.6025495
          ],
          [
            -72.0261239,
            11.6025537
          ],
          [
            -72.0261256,
            11.6025578
          ],
          [
            -72.0261274,
            11.602562
          ],
          [
            -72.0261291,
            11.6025662
          ],
          [
            -72.0261309,
            11.6025704
          ],
          [
            -72.0261327,
            11.6025745
          ],
          [
            -72.0261345,
            11.6025787
          ],
          [
            -72.0261364,
            11.6025828
          ],
          [
            -72.0261382,
            11.6025869
          ],
          [
            -72.0261401,
            11.602591
          ],
          [
            -72.026142,
            11.6025951
          ],
          [
            -72.0261439,
            11.6025992
          ],
          [
            -72.0261459,
            11.6026033
          ],
          [
            -72.0261478,
            11.6026074
          ],
          [
            -72.0261498,
            11.6026115
          ],
          [
            -72.0261518,
            11.6026155
          ],
          [
            -72.0261538,
            11.6026196
          ],
          [
            -72.0261559,
            11.6026236
          ],
          [
            -72.026158,
            11.6026277
          ],
          [
            -72.02616,
            11.6026317
          ],
          [
            -72.0261621,
            11.6026357
          ],
          [
            -72.0261643,
            11.6026397
          ],
          [
            -72.0261664,
            11.6026437
          ],
          [
            -72.0261686,
            11.6026477
          ],
          [
            -72.0261708,
            11.6026516
          ],
          [
            -72.026173,
            11.6026556
          ],
          [
            -72.0261752,
            11.6026595
          ],
          [
            -72.0261775,
            11.6026635
          ],
          [
            -72.0261797,
            11.6026674
          ],
          [
            -72.026182,
            11.6026713
          ],
          [
            -72.0261843,
            11.6026752
          ],
          [
            -72.0261866,
            11.6026791
          ],
          [
            -72.026189,
            11.602683
          ],
          [
            -72.0261914,
            11.6026868
          ],
          [
            -72.0261938,
            11.6026907
          ],
          [
            -72.0261962,
            11.6026945
          ],
          [
            -72.0261985,
            11.6026984
          ],
          [
            -72.0262009,
            11.6027022
          ],
          [
            -72.0262033,
            11.6027061
          ],
          [
            -72.0262057,
            11.6027099
          ],
          [
            -72.0262081,
            11.6027138
          ],
          [
            -72.0262105,
            11.6027176
          ],
          [
            -72.0262129,
            11.6027215
          ],
          [
            -72.0262153,
            11.6027253
          ],
          [
            -72.0262177,
            11.6027292
          ],
          [
            -72.0262201,
            11.602733
          ],
          [
            -72.0262225,
            11.6027369
          ],
          [
            -72.0262249,
            11.6027407
          ],
          [
            -72.0262273,
            11.6027446
          ],
          [
            -72.0262297,
            11.6027484
          ],
          [
            -72.0262321,
            11.6027523
          ],
          [
            -72.0262345,
            11.6027561
          ],
          [
            -72.0262369,
            11.60276
          ],
          [
            -72.0262393,
            11.6027638
          ],
          [
            -72.0262417,
            11.6027677
          ],
          [
            -72.0262441,
            11.6027715
          ],
          [
            -72.0262465,
            11.6027754
          ],
          [
            -72.0262489,
            11.6027792
          ],
          [
            -72.0262513,
            11.6027831
          ],
          [
            -72.0262537,
            11.6027869
          ],
          [
            -72.0262561,
            11.6027908
          ],
          [
            -72.0262585,
            11.6027946
          ],
          [
            -72.0262608,
            11.6027985
          ],
          [
            -72.0262632,
            11.6028023
          ],
          [
            -72.0262656,
            11.6028062
          ],
          [
            -72.026268,
            11.60281
          ],
          [
            -72.0262704,
            11.6028138
          ],
          [
            -72.0262728,
            11.6028177
          ],
          [
            -72.0262752,
            11.6028216
          ],
          [
            -72.0262776,
            11.6028254
          ],
          [
            -72.02628,
            11.6028293
          ],
          [
            -72.0262824,
            11.6028331
          ],
          [
            -72.0262848,
            11.6028369
          ],
          [
            -72.0262872,
            11.6028408
          ],
          [
            -72.0262896,
            11.6028446
          ],
          [
            -72.026292,
            11.6028485
          ],
          [
            -72.0262944,
            11.6028523
          ],
          [
            -72.0262968,
            11.6028562
          ],
          [
            -72.0262992,
            11.60286
          ],
          [
            -72.0263016,
            11.6028639
          ],
          [
            -72.026304,
            11.6028677
          ],
          [
            -72.0263064,
            11.6028716
          ],
          [
            -72.0263076,
            11.6028735
          ],
          [
            -72.0263088,
            11.6028754
          ],
          [
            -72.0263112,
            11.6028793
          ],
          [
            -72.0263136,
            11.6028831
          ],
          [
            -72.026316,
            11.602887
          ],
          [
            -72.0263184,
            11.6028908
          ]
        ]
      }
    },
    {
      "type": "Feature",
      "properties": {
        "Shape_Leng": 0.0,
        "Longitud": 719.875,
        "Aero": "WP41-WP42",
        "Grupo": 0
      },
      "geometry": {
        "type": "LineString",
        "coordinates": [
          [
            -72.0263255,
            11.6029024
          ],
          [
            -72.0263279,
            11.6029062
          ],
          [
            -72.0263303,
            11.6029101
          ],
          [
            -72.0263327,
            11.6029139
          ],
          [
            -72.0263351,
            11.6029178
          ],
          [
            -72.0263375,
            11.6029216
          ],
          [
            -72.0263399,
            11.6029255
          ],
          [
            -72.0263423,
            11.6029293
          ],
          [
            -72.0263447,
            11.6029332
          ],
          [
            -72.0263471,
            11.602937
          ],
          [
            -72.0263495,
            11.6029409
          ],
          [
            -72.0263519,
            11.6029447
          ],
          [
            -72.0263543,
            11.6029486
          ],
          [
            -72.0263567,
            11.6029524
          ],
          [
            -72.0263591,
            11.6029563
          ],
          [
            -72.0263615,
            11.6029601
          ],
          [
            -72.0263639,
            11.602964
          ],
          [
            -72.0263663,
            11.6029678
          ],
          [
            -72.0263687,
            11.6029716
          ],
          [
            -72.0263711,
            11.6029755
          ],
          [
            -72.0263735,
            11.6029793
          ],
          [
            -72.0263759,
            11.6029832
          ],
          [
            -72.0263783,
            11.602987
          ],
          [
            -72.0263807,
            11.6029909
          ],
          [
            -72.0263831,
            11.6029947
          ],
          [
            -72.0263855,
            11.6029986
          ],
          [
            -72.0263878,
            11.6030024
          ],
          [
            -72.0263902,
            11.6030063
          ],
          [
            -72.0263926,
            11.6030101
          ],
          [
            -72.026395,
            11.603014
          ],
          [
            -72.0263974,
            11.6030178
          ],
          [
            -72.0263998,
            11.6030217
          ],
          [
            -72.0264022,
            11.6030255
          ],
          [
            -72.0264046,
            11.6030294
          ],
          [
            -72.026407,
            11.6030332
          ],
          [
            -72.0264094,
            11.6030371
          ],
          [
            -72.0264118,
            11.6030409
          ],
          [
            -72.0264142,
            11.6030448
          ],
          [
            -72.0264166,
            11.6030486
          ],
          [
            -72.026419,
            11.6030525
          ],
          [
            -72.0264214,
            11.6030563
          ],
          [
            -72.0264238,
            11.6030602
          ],
          [
            -72.0264262,
            11.603064
          ],
          [
            -72.0264286,
            11.6030679
          ],
          [
            -72.026431,
            11.6030717
          ],
          [
            -72.0264334,
            11.6030756
          ],
          [
            -72.0264358,
            11.6030794
          ],
          [
            -72.0264382,
            11.6030833
          ],
          [
            -72.0264406,
            11.6030871
          ],
          [
            -72.026443,
            11.603091
          ],
          [
            -72.0264454,
            11.6030948
          ],
          [
            -72.0264478,
            11.6030987
          ],
          [
            -72.0264502,
            11.6031025
          ],
          [
            -72.0264525,
            11.6031064
          ],
          [
            -72.0264549,
            11.6031102
          ],
          [
            -72.0264573,
            11.6031141
          ],
          [
            -72.0264597,
            11.6031179
          ],
          [
            -72.0264621,
            11.6031218
          ],
          [
            -72.0264645,
            11.6031256
          ],
          [
            -72.0264669,
            11.6031295
          ],
          [
            -72.0264693,
            11.6031333
          ],
          [
            -72.0264717,
            11.6031371
          ],
          [
            -72.0264741,
            11.603141
          ],
          [
            -72.0264765,
            11.6031448
          ],
          [
            -72.0264789,
            11.6031487
          ],
          [
            -72.0264813,
            11.6031525
          ],
          [
            -72.0264837,
            11.6031564
          ],
          [
            -72.0264861,
            11.6031602
          ],
          [
            -72.0264885,
            11.6031641
          ],
          [
            -72.0264909,
            11.6031679
          ],
          [
            -72.0264933,
            11.6031718
          ],
          [
            -72.0264957,
            11.6031756
          ],
          [
            -72.0264981,
            11.6031795
          ],
          [
            -72.0265005,
            11.6031833
          ],
          [
            -72.0265029,
            11.6031872
          ],
          [
            -72.0265053,
            11.603191
          ],
          [
            -72.0265077,
            11.6031949
          ],
          [
            -72.0265101,
            11.6031987
          ],
          [
            -72.0265125,
            11.6032026
          ],
          [
            -72.0265148,
            11.6032064
          ],
          [
            -72.0265172,
            11.6032103
          ],
          [
            -72.0265196,
            11.6032141
          ],
          [
            -72.026522,
            11.603218
          ],
          [
            -72.0265244,
            11.6032218
          ],
          [
            -72.0265268,
            11.6032257
          ],
          [
            -72.0265292,
            11.6032295
          ],
          [
            -72.0265316,
            11.6032334
          ],
          [
            -72.026534,
            11.6032372
          ],
          [
            -72.0265364,
            11.6032411
          ],
          [
            -72.0265388,
            11.6032449
          ],
          [
            -72.0265412,
            11.6032488
          ],
          [
            -72.0265436,
            11.6032526
          ],
          [
            -72.026546,
            11.6032565
          ],
          [
            -72.0265484,
            11.6032603
          ],
          [
            -72.0265508,
            11.6032642
          ],
          [
            -72.0265532,
            11.603268
          ],
          [
            -72.0265556,
            11.6032718
          ],
          [
            -72.026558,
            11.6032757
          ],
          [
            -72.0265604,
            11.6032795
          ],
          [
            -72.0265628,
            11.6032834
          ],
          [
            -72.0265652,
            11.6032872
          ],
          [
            -72.0265676,
            11.6032911
          ],
          [
            -72.02657,
            11.6032949
          ],
          [
            -72.0265724,
            11.6032988
          ],
          [
            -72.0265748,
            11.6033026
          ],
          [
            -72.0265771,
            11.6033065
          ],
          [
            -72.0265795,
            11.6033103
          ],
          [
            -72.0265819,
            11.6033142
          ],
          [
            -72.0265843,
            11.603318
          ],
          [
            -72.0265867,
            11.6033219
          ],
          [
            -72.0265891,
            11.6033257
          ],
          [
            -72.0265915,
            11.6033296
          ],
          [
            -72.0265939,
            11.6033334
          ],
          [
            -72.0265963,
            11.6033373
          ],
          [
            -72.0265987,
            11.6033411
          ],
          [
            -72.0266011,
            11.603345
          ],
          [
            -72.0266035,
            11.6033488
          ],
          [
            -72.0266059,
            11.6033527
          ],
          [
            -72.0266083,
            11.6033565
          ],
          [
            -72.0266107,
            11.6033604
          ],
          [
            -72.0266131,
            11.6033642
          ],
          [
            -72.0266155,
            11.6033681
          ],
          [
            -72.0266179,
            11.6033719
          ],
          [
            -72.0266203,
            11.6033758
          ],
          [
            -72.0266227,
            11.6033796
          ],
          [
            -72.0266251,
            11.6033835
          ],
          [
            -72.0266275,
            11.6033873
          ],
          [
            -72.0266299,
            11.6033912
          ],
          [
            -72.0266323,
            11.603395
          ],
          [
            -72.0266347,
            11.6033989
          ],
          [
            -72.0266371,
            11.6034027
          ],
          [
            -72.0266394,
            11.6034066
          ],
          [
            -72.0266418,
            11.6034104
          ],
          [
            -72.0266442,
            11.6034143
          ],
          [
            -72.0266466,
            11.6034181
          ],
          [
            -72.026649,
            11.603422
          ],
          [
            -72.0266514,
            11.6034258
          ],
          [
            -72.0266538,
            11.6034296
          ],
          [
            -72.0266562,
            11.6034335
          ],
          [
            -72.0266586,
            11.6034373
          ],
          [
            -72.026661,
            11.6034412
          ],
          [
            -72.0266634,
            11.603445
          ],
          [
            -72.0266658,
            11.6034489
          ],
          [
            -72.026667,
            11.6034508
          ],
          [
            -72.0266682,
            11.6034527
          ],
          [
            -72.0266706,
            11.6034566
          ],
          [
            -72.026673,
            11.6034604
          ],
          [
            -72.0266754,
            11.6034643
          ],
          [
            -72.0266778,
            11.6034681
          ],
          [
            -72.0266802,
            11.603472
          ],
          [
            -72.0266826,
            11.6034758
          ],
          [
            -72.026685,
            11.6034797
          ],
          [
            -72.0266874,
            11.6034835
          ],
          [
            -72.0266898,
            11.6034874
          ],
          [
            -72.0266922,
            11.6034912
          ],
          [
            -72.0266946,
            11.6034951
          ],
          [
            -72.026697,
            11.6034989
          ],
          [
            -72.0266994,
            11.6035028
          ],
          [
            -72.0267018,
            11.6035066
          ],
          [
            -72.0267042,
            11.6035105
          ],
          [
            -72.0267066,
            11.6035143
          ],
          [
            -72.0267089,
            11.6035182
          ],
          [
            -72.0267113,
            11.603522
          ],
          [
            -72.0267137,
            11.6035259
          ],
          [
            -72.0267161,
            11.6035297
          ],
          [
            -72.0267185,
            11.6035336
          ],
          [
            -72.0267209,
            11.6035374
          ],
          [
            -72.0267233,
            11.6035413
          ],
          [
            -72.0267257,
            11.6035451
          ],
          [
            -72.0267281,
            11.603549
          ],
          [
            -72.0267305,
            11.6035528
          ],
          [
            -72.0267329,
            11.6035567
          ],
          [
            -72.0267353,
            11.6035605
          ],
          [
            -72.0267377,
            11.6035644
          ],
          [
            -72.0267401,
            11.6035682
          ],
          [
            -72.0267425,
            11.6035721
          ],
          [
            -72.0267449,
            11.6035759
          ],
          [
            -72.0267473,
            11.6035797
          ],
          [
            -72.0267497,
            11.6035836
          ],
          [
            -72.0267521,
            11.6035874
          ],
          [
            -72.0267545,
            11.6035913
          ],
          [
            -72.0267569,
            11.6035951
          ],
          [
            -72.0267593,
            11.603599
          ],
          [
            -72.0267617,
            11.6036028
          ],
          [
            -72.0267641,
            11.6036067
          ],
          [
            -72.0267665,
            11.6036105
          ],
          [
            -72.0267689,
            11.6036144
          ],
          [
            -72.0267712,
            11.6036182
          ],
          [
            -72.0267736,
            11.6036221
          ],
          [
            -72.026776,
            11.6036259
          ],
          [
            -72.0267784,
            11.6036298
          ],
          [
            -72.0267808,
            11.6036336
          ],
          [
            -72.0267832,
            11.6036375
          ],
          [
            -72.0267856,
            11.6036413
          ],
          [
            -72.026788,
            11.6036452
          ],
          [
            -72.0267904,
            11.603649
          ],
          [
            -72.0267928,
            11.6036529
          ],
          [
            -72.0267952,
            11.6036567
          ],
          [
            -72.0267976,
            11.6036606
          ],
          [
            -72.0268,
            11.6036644
          ],
          [
            -72.0268024,
            11.6036683
          ],
          [
            -72.0268048,
            11.6036721
          ],
          [
            -72.0268072,
            11.603676
          ],
          [
            -72.0268096,
            11.6036798
          ],
          [
            -72.026812,
            11.6036837
          ],
          [
            -72.0268144,
            11.6036875
          ],
          [
            -72.0268168,
            11.6036914
          ],
          [
            -72.0268192,
            11.6036952
          ],
          [
            -72.0268216,
            11.6036991
          ],
          [
            -72.026824,
            11.6037029
          ],
          [
            -72.0268264,
            11.6037068
          ],
          [
            -72.0268288,
            11.6037106
          ],
          [
            -72.0268312,
            11.6037145
          ],
          [
            -72.0268335,
            11.6037183
          ],
          [
            -72.0268359,
            11.6037222
          ],
          [
            -72.0268383,
            11.603726
          ],
          [
            -72.0268407,
            11.6037298
          ],
          [
            -72.0268431,
            11.6037337
          ],
          [
            -72.0268455,
            11.6037375
          ],
          [
            -72.0268479,
            11.6037414
          ],
          [
            -72.0268503,
            11.6037452
          ],
          [
            -72.0268527,
            11.6037491
          ],
          [
            -72.0268551,
            11.6037529
          ],
          [
            -72.0268575,
            11.6037568
          ],
          [
            -72.0268599,
            11.6037606
          ],
          [
            -72.0268623,
            11.6037645
          ],
          [
            -72.0268647,
            11.6037683
          ],
          [
            -72.0268671,
            11.6037722
          ],
          [
            -72.0268695,
            11.603776
          ],
          [
            -72.0268719,
            11.6037799
          ],
          [
            -72.0268743,
            11.6037837
          ],
          [
            -72.0268767,
            11.6037876
          ],
          [
            -72.0268791,
            11.6037914
          ],
          [
            -72.0268815,
            11.6037953
          ],
          [
            -72.0268839,
            11.6037991
          ],
          [
            -72.0268863,
            11.603803
          ],
          [
            -72.0268887,
            11.6038068
          ],
          [
            -72.0268911,
            11.6038107
          ],
          [
            -72.0268935,
            11.6038145
          ],
          [
            -72.0268958,
            11.6038184
          ],
          [
            -72.0268982,
            11.6038222
          ],
          [
            -72.0269006,
            11.6038261
          ],
          [
            -72.026903,
            11.6038299
          ],
          [
            -72.0269054,
            11.6038338
          ],
          [
            -72.0269078,
            11.6038376
          ],
          [
            -72.0269102,
            11.6038415
          ],
          [
            -72.0269126,
            11.6038453
          ],
          [
            -72.026915,
            11.6038492
          ],
          [
            -72.0269174,
            11.603853
          ],
          [
            -72.0269198,
            11.6038569
          ],
          [
            -72.0269222,
            11.6038607
          ],
          [
            -72.0269246,
            11.6038646
          ],
          [
            -72.026927,
            11.6038684
          ],
          [
            -72.0269294,
            11.6038723
          ],
          [
            -72.0269318,
            11.6038761
          ],
          [
            -72.0269342,
            11.6038799
          ],
          [
            -72.0269366,
            11.6038838
          ],
          [
            -72.026939,
            11.6038877
          ],
          [
            -72.0269414,
            11.6038915
          ],
          [
            -72.0269438,
            11.6038953
          ],
          [
            -72.0269462,
            11.6038992
          ],
          [
            -72.0269486,
            11.603903
          ],
          [
            -72.026951,
            11.6039069
          ],
          [
            -72.0269534,
            11.6039107
          ],
          [
            -72.0269558,
            11.6039146
          ],
          [
            -72.0269582,
            11.6039184
          ],
          [
            -72.0269605,
            11.6039223
          ],
          [
            -72.0269629,
            11.6039261
          ],
          [
            -72.0269653,
            11.60393
          ],
          [
            -72.0269677,
            11.6039338
          ],
          [
            -72.0269701,
            11.6039377
          ],
          [
            -72.0269725,
            11.6039415
          ],
          [
            -72.0269749,
            11.6039454
          ],
          [
            -72.0269773,
            11.6039492
          ],
          [
            -72.0269797,
            11.6039531
          ],
          [
            -72.0269821,
            11.6039569
          ],
          [
            -72.0269845,
            11.6039608
          ],
          [
            -72.0269869,
            11.6039646
          ],
          [
            -72.0269893,
            11.6039685
          ],
          [
            -72.0269917,
            11.6039723
          ],
          [
            -72.0269941,
            11.6039762
          ],
          [
            -72.0269965,
            11.60398
          ],
          [
            -72.0269989,
            11.6039839
          ],
          [
            -72.0270013,
            11.6039877
          ],
          [
            -72.0270037,
            11.6039916
          ],
          [
            -72.0270061,
            11.6039954
          ],
          [
            -72.0270085,
            11.6039993
          ],
          [
            -72.0270109,
            11.6040031
          ],
          [
            -72.0270133,
            11.604007
          ],
          [
            -72.0270157,
            11.6040108
          ],
          [
            -72.0270181,
            11.6040147
          ],
          [
            -72.0270205,
            11.6040185
          ],
          [
            -72.0270228,
            11.6040224
          ],
          [
            -72.0270252,
            11.6040262
          ],
          [
            -72.0270276,
            11.60403
          ],
          [
            -72.02703,
            11.6040339
          ],
          [
            -72.0270324,
            11.6040377
          ],
          [
            -72.0270348,
            11.6040416
          ],
          [
            -72.0270372,
            11.6040454
          ],
          [
            -72.0270396,
            11.6040493
          ],
          [
            -72.027042,
            11.6040531
          ],
          [
            -72.0270444,
            11.604057
          ],
          [
            -72.0270468,
            11.6040608
          ],
          [
            -72.0270492,
            11.6040647
          ],
          [
            -72.0270516,
            11.6040685
          ],
          [
            -72.027054,
            11.6040724
          ],
          [
            -72.0270564,
            11.6040762
          ],
          [
            -72.0270588,
            11.6040801
          ],
          [
            -72.0270612,
            11.6040839
          ],
          [
            -72.0270636,
            11.6040878
          ],
          [
            -72.027066,
            11.6040916
          ],
          [
            -72.0270684,
            11.6040955
          ],
          [
            -72.0270708,
            11.6040993
          ],
          [
            -72.0270732,
            11.6041032
          ],
          [
            -72.0270756,
            11.604107
          ],
          [
            -72.027078,
            11.6041109
          ],
          [
            -72.0270804,
            11.6041147
          ],
          [
            -72.0270828,
            11.6041186
          ],
          [
            -72.0270852,
            11.6041224
          ],
          [
            -72.0270875,
            11.6041263
          ],
          [
            -72.0270899,
            11.6041301
          ],
          [
            -72.0270923,
            11.604134
          ],
          [
            -72.0270947,
            11.6041378
          ],
          [
            -72.0270971,
            11.6041417
          ],
          [
            -72.0270995,
            11.6041455
          ],
          [
            -72.0271019,
            11.6041494
          ],
          [
            -72.0271043,
            11.6041532
          ],
          [
            -72.0271067,
            11.6041571
          ],
          [
            -72.0271091,
            11.6041609
          ],
          [
            -72.0271115,
            11.6041648
          ],
          [
            -72.0271139,
            11.6041686
          ],
          [
            -72.0271163,
            11.6041725
          ],
          [
            -72.0271187,
            11.6041763
          ],
          [
            -72.0271211,
            11.6041801
          ],
          [
            -72.0271235,
            11.604184
          ],
          [
            -72.0271259,
            11.6041878
          ],
          [
            -72.0271283,
            11.6041917
          ],
          [
            -72.0271307,
            11.6041955
          ],
          [
            -72.0271331,
            11.6041994
          ],
          [
            -72.0271355,
            11.6042032
          ],
          [
            -72.0271379,
            11.6042071
          ],
          [
            -72.0271403,
            11.6042109
          ],
          [
            -72.0271427,
            11.6042148
          ],
          [
            -72.0271451,
            11.6042186
          ],
          [
            -72.0271475,
            11.6042225
          ],
          [
            -72.0271498,
            11.6042263
          ],
          [
            -72.0271522,
            11.6042302
          ],
          [
            -72.0271546,
            11.604234
          ],
          [
            -72.027157,
            11.6042379
          ],
          [
            -72.0271594,
            11.6042417
          ],
          [
            -72.0271618,
            11.6042456
          ],
          [
            -72.0271642,
            11.6042494
          ],
          [
            -72.0271666,
            11.6042533
          ],
          [
            -72.027169,
            11.6042571
          ],
          [
            -72.0271714,
            11.604261
          ],
          [
            -72.0271738,
            11.6042648
          ],
          [
            -72.0271762,
            11.6042687
          ],
          [
            -72.0271786,
            11.6042725
          ],
          [
            -72.027181,
            11.6042764
          ],
          [
            -72.0271834,
            11.6042802
          ],
          [
            -72.0271858,
            11.6042841
          ],
          [
            -72.0271882,
            11.6042879
          ],
          [
            -72.0271906,
            11.6042918
          ],
          [
            -72.027193,
            11.6042956
          ],
          [
            -72.0271954,
            11.6042995
          ],
          [
            -72.0271978,
            11.6043033
          ],
          [
            -72.0272002,
            11.6043072
          ],
          [
            -72.0272026,
            11.604311
          ],
          [
            -72.027205,
            11.6043149
          ],
          [
            -72.0272074,
            11.6043187
          ],
          [
            -72.0272098,
            11.6043225
          ],
          [
            -72.0272122,
            11.6043264
          ],
          [
            -72.0272145,
            11.6043302
          ],
          [
            -72.0272169,
            11.6043341
          ],
          [
            -72.0272193,
            11.6043379
          ],
          [
            -72.0272217,
            11.6043418
          ],
          [
            -72.0272241,
            11.6043456
          ],
          [
            -72.0272265,
            11.6043495
          ],
          [
            -72.0272289,
            11.6043533
          ],
          [
            -72.0272313,
            11.6043572
          ],
          [
            -72.0272337,
            11.604361
          ],
          [
            -72.0272361,
            11.6043649
          ],
          [
            -72.0272385,
            11.6043687
          ],
          [
            -72.0272409,
            11.6043726
          ],
          [
            -72.0272433,
            11.6043764
          ],
          [
            -72.0272457,
            11.6043803
          ],
          [
            -72.0272481,
            11.6043841
          ],
          [
            -72.0272505,
            11.604388
          ],
          [
            -72.0272529,
            11.6043918
          ],
          [
            -72.0272553,
            11.6043957
          ],
          [
            -72.0272577,
            11.6043995
          ],
          [
            -72.0272601,
            11.6044034
          ],
          [
            -72.0272625,
            11.6044072
          ],
          [
            -72.0272649,
            11.6044111
          ],
          [
            -72.0272673,
            11.6044149
          ],
          [
            -72.0272697,
            11.6044188
          ],
          [
            -72.0272721,
            11.6044226
          ],
          [
            -72.0272745,
            11.6044265
          ],
          [
            -72.0272768,
            11.6044303
          ],
          [
            -72.0272792,
            11.6044342
          ],
          [
            -72.0272816,
            11.604438
          ],
          [
            -72.027284,
            11.6044419
          ],
          [
            -72.0272864,
            11.6044457
          ],
          [
            -72.0272888,
            11.6044496
          ],
          [
            -72.0272912,
            11.6044534
          ],
          [
            -72.0272936,
            11.6044573
          ],
          [
            -72.027296,
            11.6044611
          ],
          [
            -72.0272984,
            11.604465
          ],
          [
            -72.0273008,
            11.6044688
          ],
          [
            -72.0273032,
            11.6044727
          ],
          [
            -72.0273056,
            11.6044765
          ],
          [
            -72.027308,
            11.6044804
          ],
          [
            -72.0273104,
            11.6044842
          ],
          [
            -72.0273128,
            11.604488
          ],
          [
            -72.0273152,
            11.6044919
          ],
          [
            -72.0273176,
            11.6044957
          ],
          [
            -72.02732,
            11.6044996
          ],
          [
            -72.0273224,
            11.6045034
          ],
          [
            -72.0273248,
            11.6045073
          ],
          [
            -72.0273272,
            11.6045111
          ],
          [
            -72.0273296,
            11.604515
          ],
          [
            -72.027332,
            11.6045188
          ],
          [
            -72.0273344,
            11.6045227
          ],
          [
            -72.0273368,
            11.6045265
          ],
          [
            -72.0273391,
            11.6045304
          ],
          [
            -72.0273415,
            11.6045342
          ],
          [
            -72.0273439,
            11.6045381
          ],
          [
            -72.0273463,
            11.6045419
          ],
          [
            -72.0273487,
            11.6045458
          ],
          [
            -72.0273511,
            11.6045496
          ],
          [
            -72.0273535,
            11.6045535
          ],
          [
            -72.0273559,
            11.6045573
          ],
          [
            -72.0273583,
            11.6045612
          ],
          [
            -72.0273607,
            11.604565
          ],
          [
            -72.0273631,
            11.6045689
          ],
          [
            -72.0273655,
            11.6045727
          ],
          [
            -72.0273679,
            11.6045766
          ],
          [
            -72.0273703,
            11.6045804
          ],
          [
            -72.0273727,
            11.6045843
          ],
          [
            -72.0273751,
            11.6045881
          ],
          [
            -72.0273775,
            11.604592
          ],
          [
            -72.0273799,
            11.6045958
          ],
          [
            -72.0273823,
            11.6045997
          ],
          [
            -72.0273847,
            11.6046035
          ],
          [
            -72.0273871,
            11.6046074
          ],
          [
            -72.0273895,
            11.6046112
          ],
          [
            -72.0273919,
            11.6046151
          ],
          [
            -72.0273943,
            11.6046189
          ],
          [
            -72.0273967,
            11.6046227
          ],
          [
            -72.0273991,
            11.6046266
          ],
          [
            -72.0274014,
            11.6046304
          ],
          [
            -72.0274038,
            11.6046343
          ],
          [
            -72.0274062,
            11.6046382
          ],
          [
            -72.0274086,
            11.604642
          ],
          [
            -72.027411,
            11.6046458
          ],
          [
            -72.0274134,
            11.6046497
          ],
          [
            -72.0274158,
            11.6046535
          ],
          [
            -72.0274182,
            11.6046574
          ],
          [
            -72.0274206,
            11.6046612
          ],
          [
            -72.027423,
            11.6046651
          ],
          [
            -72.0274254,
            11.6046689
          ],
          [
            -72.0274278,
            11.6046728
          ],
          [
            -72.0274302,
            11.6046766
          ],
          [
            -72.0274326,
            11.6046805
          ],
          [
            -72.027435,
            11.6046843
          ],
          [
            -72.0274374,
            11.6046882
          ],
          [
            -72.0274398,
            11.604692
          ],
          [
            -72.0274422,
            11.6046959
          ],
          [
            -72.0274446,
            11.6046997
          ],
          [
            -72.027447,
            11.6047036
          ],
          [
            -72.0274494,
            11.6047074
          ],
          [
            -72.0274518,
            11.6047113
          ],
          [
            -72.0274542,
            11.6047151
          ],
          [
            -72.0274566,
            11.604719
          ],
          [
            -72.027459,
            11.6047228
          ],
          [
            -72.0274614,
            11.6047267
          ],
          [
            -72.0274638,
            11.6047305
          ],
          [
            -72.0274661,
            11.6047344
          ],
          [
            -72.0274685,
            11.6047382
          ],
          [
            -72.0274709,
            11.6047421
          ],
          [
            -72.0274733,
            11.6047459
          ],
          [
            -72.0274757,
            11.6047498
          ],
          [
            -72.0274781,
            11.6047536
          ],
          [
            -72.0274805,
            11.6047575
          ],
          [
            -72.0274829,
            11.6047613
          ],
          [
            -72.0274853,
            11.6047652
          ],
          [
            -72.0274877,
            11.604769
          ],
          [
            -72.0274901,
            11.6047729
          ],
          [
            -72.0274925,
            11.6047767
          ],
          [
            -72.0274949,
            11.6047805
          ],
          [
            -72.0274973,
            11.6047844
          ],
          [
            -72.0274997,
            11.6047882
          ],
          [
            -72.0275021,
            11.6047921
          ],
          [
            -72.0275045,
            11.6047959
          ],
          [
            -72.0275069,
            11.6047998
          ],
          [
            -72.0275093,
            11.6048036
          ],
          [
            -72.0275117,
            11.6048075
          ],
          [
            -72.0275141,
            11.6048113
          ],
          [
            -72.0275165,
            11.6048152
          ],
          [
            -72.0275189,
            11.604819
          ],
          [
            -72.0275213,
            11.6048229
          ],
          [
            -72.0275237,
            11.6048267
          ],
          [
            -72.0275261,
            11.6048306
          ],
          [
            -72.0275285,
            11.6048344
          ],
          [
            -72.0275309,
            11.6048383
          ],
          [
            -72.0275333,
            11.6048421
          ],
          [
            -72.0275356,
            11.604846
          ],
          [
            -72.027538,
            11.6048498
          ],
          [
            -72.0275404,
            11.6048537
          ],
          [
            -72.0275428,
            11.6048575
          ],
          [
            -72.0275452,
            11.6048614
          ],
          [
            -72.0275476,
            11.6048652
          ],
          [
            -72.02755,
            11.6048691
          ],
          [
            -72.0275524,
            11.6048729
          ],
          [
            -72.0275548,
            11.6048768
          ],
          [
            -72.0275572,
            11.6048806
          ],
          [
            -72.0275596,
            11.6048845
          ],
          [
            -72.027562,
            11.6048883
          ],
          [
            -72.0275644,
            11.6048922
          ],
          [
            -72.0275668,
            11.604896
          ],
          [
            -72.0275692,
            11.6048999
          ],
          [
            -72.0275716,
            11.6049037
          ],
          [
            -72.027574,
            11.6049076
          ],
          [
            -72.0275764,
            11.6049114
          ],
          [
            -72.0275788,
            11.6049153
          ],
          [
            -72.0275812,
            11.6049191
          ],
          [
            -72.0275836,
            11.604923
          ],
          [
            -72.027586,
            11.6049268
          ],
          [
            -72.0275884,
            11.6049306
          ],
          [
            -72.0275908,
            11.6049345
          ],
          [
            -72.0275932,
            11.6049384
          ],
          [
            -72.0275956,
            11.6049422
          ],
          [
            -72.0275979,
            11.604946
          ],
          [
            -72.0276003,
            11.6049499
          ],
          [
            -72.0276027,
            11.6049537
          ],
          [
            -72.0276051,
            11.6049576
          ],
          [
            -72.0276075,
            11.6049614
          ],
          [
            -72.0276099,
            11.6049653
          ],
          [
            -72.0276123,
            11.6049691
          ],
          [
            -72.0276147,
            11.604973
          ],
          [
            -72.0276171,
            11.6049768
          ],
          [
            -72.0276195,
            11.6049807
          ],
          [
            -72.0276219,
            11.6049845
          ],
          [
            -72.0276243,
            11.6049884
          ],
          [
            -72.0276267,
            11.6049922
          ],
          [
            -72.0276291,
            11.6049961
          ],
          [
            -72.0276315,
            11.6049999
          ],
          [
            -72.0276339,
            11.6050038
          ],
          [
            -72.0276363,
            11.6050076
          ],
          [
            -72.0276387,
            11.6050115
          ],
          [
            -72.0276411,
            11.6050153
          ],
          [
            -72.0276435,
            11.6050192
          ],
          [
            -72.0276459,
            11.605023
          ],
          [
            -72.0276483,
            11.6050269
          ],
          [
            -72.0276507,
            11.6050307
          ],
          [
            -72.0276531,
            11.6050346
          ],
          [
            -72.0276555,
            11.6050384
          ],
          [
            -72.0276579,
            11.6050423
          ],
          [
            -72.0276602,
            11.6050461
          ],
          [
            -72.0276626,
            11.60505
          ],
          [
            -72.027665,
            11.6050538
          ],
          [
            -72.0276674,
            11.6050577
          ],
          [
            -72.0276698,
            11.6050615
          ],
          [
            -72.0276722,
            11.6050654
          ],
          [
            -72.0276746,
            11.6050692
          ],
          [
            -72.027677,
            11.6050731
          ],
          [
            -72.0276794,
            11.6050769
          ],
          [
            -72.0276818,
            11.6050807
          ],
          [
            -72.0276842,
            11.6050846
          ],
          [
            -72.0276866,
            11.6050884
          ],
          [
            -72.027689,
            11.6050923
          ],
          [
            -72.0276914,
            11.6050961
          ],
          [
            -72.0276938,
            11.6051
          ],
          [
            -72.0276962,
            11.6051038
          ],
          [
            -72.0276986,
            11.6051077
          ],
          [
            -72.027701,
            11.6051115
          ],
          [
            -72.0277034,
            11.6051154
          ],
          [
            -72.0277058,
            11.6051192
          ],
          [
            -72.0277082,
            11.6051231
          ],
          [
            -72.0277106,
            11.6051269
          ],
          [
            -72.027713,
            11.6051308
          ],
          [
            -72.0277154,
            11.6051346
          ],
          [
            -72.0277178,
            11.6051385
          ],
          [
            -72.0277202,
            11.6051423
          ],
          [
            -72.0277225,
            11.6051462
          ],
          [
            -72.0277249,
            11.60515
          ],
          [
            -72.0277273,
            11.6051539
          ],
          [
            -72.0277297,
            11.6051577
          ],
          [
            -72.0277321,
            11.6051616
          ],
          [
            -72.0277345,
            11.6051654
          ],
          [
            -72.0277369,
            11.6051693
          ],
          [
            -72.0277393,
            11.6051731
          ],
          [
            -72.0277417,
            11.605177
          ],
          [
            -72.0277441,
            11.6051808
          ],
          [
            -72.0277465,
            11.6051847
          ],
          [
            -72.0277489,
            11.6051885
          ],
          [
            -72.0277513,
            11.6051924
          ],
          [
            -72.0277537,
            11.6051962
          ],
          [
            -72.0277561,
            11.6052001
          ],
          [
            -72.0277585,
            11.6052039
          ],
          [
            -72.0277609,
            11.6052078
          ],
          [
            -72.0277633,
            11.6052116
          ],
          [
            -72.0277657,
            11.6052155
          ],
          [
            -72.0277681,
            11.6052193
          ],
          [
            -72.0277705,
            11.6052232
          ],
          [
            -72.0277729,
            11.605227
          ],
          [
            -72.0277753,
            11.6052308
          ],
          [
            -72.0277777,
            11.6052347
          ],
          [
            -72.0277801,
            11.6052386
          ],
          [
            -72.0277825,
            11.6052424
          ],
          [
            -72.0277849,
            11.6052462
          ],
          [
            -72.0277872,
            11.6052501
          ],
          [
            -72.0277896,
            11.6052539
          ],
          [
            -72.027792,
            11.6052578
          ],
          [
            -72.0277944,
            11.6052616
          ],
          [
            -72.0277968,
            11.6052655
          ],
          [
            -72.0277992,
            11.6052693
          ],
          [
            -72.0278016,
            11.6052732
          ],
          [
            -72.027804,
            11.605277
          ],
          [
            -72.0278064,
            11.6052809
          ],
          [
            -72.0278088,
            11.6052847
          ],
          [
            -72.0278112,
            11.6052886
          ],
          [
            -72.0278136,
            11.6052924
          ],
          [
            -72.027816,
            11.6052963
          ],
          [
            -72.0278184,
            11.6053001
          ],
          [
            -72.0278208,
            11.605304
          ],
          [
            -72.0278232,
            11.6053078
          ],
          [
            -72.0278256,
            11.6053117
          ],
          [
            -72.027828,
            11.6053155
          ],
          [
            -72.0278304,
            11.6053194
          ],
          [
            -72.0278328,
            11.6053232
          ],
          [
            -72.0278352,
            11.6053271
          ],
          [
            -72.0278376,
            11.6053309
          ],
          [
            -72.02784,
            11.6053348
          ],
          [
            -72.0278424,
            11.6053386
          ],
          [
            -72.0278448,
            11.6053425
          ],
          [
            -72.0278472,
            11.6053463
          ],
          [
            -72.0278496,
            11.6053502
          ],
          [
            -72.0278519,
            11.605354
          ],
          [
            -72.0278543,
            11.6053579
          ],
          [
            -72.0278567,
            11.6053617
          ],
          [
            -72.0278591,
            11.6053656
          ],
          [
            -72.0278615,
            11.6053694
          ],
          [
            -72.0278639,
            11.6053732
          ],
          [
            -72.0278663,
            11.6053771
          ],
          [
            -72.0278687,
            11.6053809
          ],
          [
            -72.0278711,
            11.6053848
          ],
          [
            -72.0278735,
            11.6053886
          ],
          [
            -72.0278759,
            11.6053925
          ],
          [
            -72.0278783,
            11.6053963
          ],
          [
            -72.0278807,
            11.6054002
          ],
          [
            -72.0278831,
            11.605404
          ],
          [
            -72.0278855,
            11.6054079
          ],
          [
            -72.0278879,
            11.6054117
          ],
          [
            -72.0278903,
            11.6054156
          ],
          [
            -72.0278927,
            11.6054194
          ],
          [
            -72.0278951,
            11.6054233
          ],
          [
            -72.0278975,
            11.6054271
          ],
          [
            -72.0278999,
            11.605431
          ],
          [
            -72.0279023,
            11.6054348
          ],
          [
            -72.0279047,
            11.6054387
          ],
          [
            -72.0279071,
            11.6054425
          ],
          [
            -72.0279095,
            11.6054464
          ],
          [
            -72.0279119,
            11.6054502
          ],
          [
            -72.0279142,
            11.6054541
          ],
          [
            -72.0279166,
            11.6054579
          ],
          [
            -72.027919,
            11.6054618
          ],
          [
            -72.0279214,
            11.6054656
          ],
          [
            -72.0279238,
            11.6054695
          ],
          [
            -72.0279262,
            11.6054733
          ],
          [
            -72.0279286,
            11.6054772
          ],
          [
            -72.027931,
            11.605481
          ],
          [
            -72.0279334,
            11.6054849
          ],
          [
            -72.0279358,
            11.6054887
          ],
          [
            -72.0279382,
            11.6054926
          ],
          [
            -72.0279406,
            11.6054964
          ],
          [
            -72.027943,
            11.6055003
          ],
          [
            -72.0279454,
            11.6055041
          ],
          [
            -72.0279478,
            11.605508
          ],
          [
            -72.0279502,
            11.6055118
          ],
          [
            -72.0279526,
            11.6055157
          ],
          [
            -72.027955,
            11.6055195
          ],
          [
            -72.0279574,
            11.6055234
          ],
          [
            -72.0279598,
            11.6055272
          ],
          [
            -72.0279622,
            11.6055311
          ],
          [
            -72.0279646,
            11.6055349
          ],
          [
            -72.027967,
            11.6055387
          ],
          [
            -72.0279694,
            11.6055426
          ],
          [
            -72.0279718,
            11.6055464
          ],
          [
            -72.0279742,
            11.6055503
          ],
          [
            -72.0279766,
            11.6055541
          ],
          [
            -72.0279789,
            11.605558
          ],
          [
            -72.0279813,
            11.6055618
          ],
          [
            -72.0279837,
            11.6055657
          ],
          [
            -72.0279861,
            11.6055695
          ],
          [
            -72.0279885,
            11.6055734
          ],
          [
            -72.0279909,
            11.6055772
          ],
          [
            -72.0279933,
            11.6055811
          ],
          [
            -72.0279957,
            11.6055849
          ],
          [
            -72.0279981,
            11.6055888
          ],
          [
            -72.0280005,
            11.6055926
          ],
          [
            -72.0280029,
            11.6055965
          ],
          [
            -72.0280053,
            11.6056003
          ],
          [
            -72.0280077,
            11.6056042
          ],
          [
            -72.0280101,
            11.605608
          ],
          [
            -72.0280125,
            11.6056119
          ],
          [
            -72.0280149,
            11.6056157
          ],
          [
            -72.0280173,
            11.6056196
          ],
          [
            -72.0280197,
            11.6056234
          ],
          [
            -72.0280221,
            11.6056273
          ],
          [
            -72.0280245,
            11.6056311
          ],
          [
            -72.0280269,
            11.605635
          ],
          [
            -72.0280293,
            11.6056388
          ],
          [
            -72.0280317,
            11.6056427
          ],
          [
            -72.0280341,
            11.6056465
          ],
          [
            -72.0280365,
            11.6056504
          ],
          [
            -72.0280389,
            11.6056542
          ],
          [
            -72.0280413,
            11.6056581
          ],
          [
            -72.0280436,
            11.6056619
          ],
          [
            -72.028046,
            11.6056658
          ],
          [
            -72.0280484,
            11.6056696
          ],
          [
            -72.0280508,
            11.6056734
          ],
          [
            -72.0280532,
            11.6056773
          ],
          [
            -72.0280556,
            11.6056811
          ],
          [
            -72.028058,
            11.605685
          ],
          [
            -72.0280604,
            11.6056889
          ],
          [
            -72.0280628,
            11.6056927
          ],
          [
            -72.0280652,
            11.6056965
          ],
          [
            -72.0280676,
            11.6057004
          ],
          [
            -72.02807,
            11.6057042
          ],
          [
            -72.0280724,
            11.6057081
          ],
          [
            -72.0280748,
            11.6057119
          ],
          [
            -72.0280772,
            11.6057158
          ],
          [
            -72.0280796,
            11.6057196
          ],
          [
            -72.028082,
            11.6057235
          ],
          [
            -72.0280844,
            11.6057273
          ],
          [
            -72.0280868,
            11.6057312
          ],
          [
            -72.0280892,
            11.605735
          ],
          [
            -72.0280916,
            11.6057389
          ],
          [
            -72.028094,
            11.6057427
          ],
          [
            -72.0280964,
            11.6057466
          ],
          [
            -72.0280988,
            11.6057504
          ],
          [
            -72.0281012,
            11.6057543
          ],
          [
            -72.0281036,
            11.6057581
          ],
          [
            -72.0281059,
            11.605762
          ],
          [
            -72.0281083,
            11.6057658
          ],
          [
            -72.0281107,
            11.6057697
          ],
          [
            -72.0281131,
            11.6057735
          ],
          [
            -72.0281155,
            11.6057774
          ],
          [
            -72.0281179,
            11.6057812
          ],
          [
            -72.0281203,
            11.6057851
          ],
          [
            -72.0281227,
            11.6057889
          ],
          [
            -72.0281251,
            11.6057928
          ],
          [
            -72.0281275,
            11.6057966
          ],
          [
            -72.0281299,
            11.6058005
          ],
          [
            -72.0281323,
            11.6058043
          ],
          [
            -72.0281347,
            11.6058082
          ],
          [
            -72.0281371,
            11.605812
          ],
          [
            -72.0281395,
            11.6058159
          ],
          [
            -72.0281419,
            11.6058197
          ],
          [
            -72.0281443,
            11.6058236
          ],
          [
            -72.0281467,
            11.6058274
          ],
          [
            -72.0281491,
            11.6058313
          ],
          [
            -72.0281515,
            11.6058351
          ],
          [
            -72.0281539,
            11.6058389
          ],
          [
            -72.0281563,
            11.6058428
          ],
          [
            -72.0281587,
            11.6058466
          ],
          [
            -72.0281611,
            11.6058505
          ],
          [
            -72.0281635,
            11.6058543
          ],
          [
            -72.0281659,
            11.6058582
          ],
          [
            -72.0281682,
            11.605862
          ],
          [
            -72.0281706,
            11.6058659
          ],
          [
            -72.028173,
            11.6058697
          ],
          [
            -72.0281754,
            11.6058736
          ],
          [
            -72.0281778,
            11.6058774
          ],
          [
            -72.0281802,
            11.6058813
          ],
          [
            -72.0281826,
            11.6058851
          ],
          [
            -72.028185,
            11.605889
          ],
          [
            -72.0281874,
            11.6058928
          ],
          [
            -72.0281898,
            11.6058967
          ],
          [
            -72.0281922,
            11.6059005
          ],
          [
            -72.0281946,
            11.6059044
          ],
          [
            -72.028197,
            11.6059082
          ],
          [
            -72.0281994,
            11.6059121
          ],
          [
            -72.0282018,
            11.6059159
          ],
          [
            -72.0282042,
            11.6059198
          ],
          [
            -72.0282066,
            11.6059236
          ],
          [
            -72.028209,
            11.6059275
          ],
          [
            -72.0282114,
            11.6059313
          ],
          [
            -72.0282138,
            11.6059352
          ],
          [
            -72.0282162,
            11.605939
          ],
          [
            -72.0282186,
            11.6059429
          ],
          [
            -72.028221,
            11.6059467
          ],
          [
            -72.0282234,
            11.6059506
          ],
          [
            -72.0282258,
            11.6059544
          ],
          [
            -72.0282282,
            11.6059583
          ],
          [
            -72.0282306,
            11.6059621
          ],
          [
            -72.0282329,
            11.605966
          ],
          [
            -72.0282353,
            11.6059698
          ],
          [
            -72.0282377,
            11.6059736
          ],
          [
            -72.0282401,
            11.6059775
          ],
          [
            -72.0282425,
            11.6059813
          ],
          [
            -72.0282449,
            11.6059852
          ],
          [
            -72.0282473,
            11.605989
          ],
          [
            -72.0282497,
            11.6059929
          ],
          [
            -72.0282521,
            11.6059967
          ],
          [
            -72.0282545,
            11.6060006
          ],
          [
            -72.0282569,
            11.6060044
          ],
          [
            -72.0282593,
            11.6060083
          ],
          [
            -72.0282617,
            11.6060121
          ],
          [
            -72.0282641,
            11.606016
          ],
          [
            -72.0282665,
            11.6060198
          ],
          [
            -72.0282689,
            11.6060237
          ],
          [
            -72.0282713,
            11.6060275
          ],
          [
            -72.0282737,
            11.6060314
          ],
          [
            -72.0282761,
            11.6060352
          ],
          [
            -72.0282785,
            11.6060391
          ],
          [
            -72.0282809,
            11.6060429
          ],
          [
            -72.0282833,
            11.6060468
          ],
          [
            -72.0282857,
            11.6060506
          ],
          [
            -72.0282881,
            11.6060545
          ],
          [
            -72.0282905,
            11.6060583
          ],
          [
            -72.0282929,
            11.6060622
          ],
          [
            -72.0282952,
            11.606066
          ],
          [
            -72.0282976,
            11.6060699
          ],
          [
            -72.0283,
            11.6060737
          ],
          [
            -72.0283024,
            11.6060776
          ],
          [
            -72.0283048,
            11.6060814
          ],
          [
            -72.0283072,
            11.6060853
          ],
          [
            -72.0283096,
            11.6060891
          ],
          [
            -72.028312,
            11.606093
          ],
          [
            -72.0283144,
            11.6060968
          ],
          [
            -72.0283168,
            11.6061007
          ],
          [
            -72.0283192,
            11.6061045
          ],
          [
            -72.0283216,
            11.6061084
          ],
          [
            -72.028324,
            11.6061122
          ],
          [
            -72.0283264,
            11.6061161
          ],
          [
            -72.0283288,
            11.6061199
          ],
          [
            -72.0283312,
            11.6061238
          ],
          [
            -72.0283336,
            11.6061276
          ],
          [
            -72.028336,
            11.6061314
          ],
          [
            -72.0283384,
            11.6061353
          ],
          [
            -72.0283408,
            11.6061391
          ],
          [
            -72.0283432,
            11.606143
          ],
          [
            -72.0283456,
            11.6061468
          ],
          [
            -72.028348,
            11.6061507
          ],
          [
            -72.0283504,
            11.6061545
          ],
          [
            -72.0283528,
            11.6061584
          ],
          [
            -72.0283552,
            11.6061622
          ],
          [
            -72.0283576,
            11.6061661
          ],
          [
            -72.02836,
            11.6061699
          ],
          [
            -72.0283624,
            11.6061738
          ],
          [
            -72.0283647,
            11.6061776
          ],
          [
            -72.0283671,
            11.6061815
          ],
          [
            -72.0283695,
            11.6061853
          ],
          [
            -72.0283719,
            11.6061892
          ],
          [
            -72.0283743,
            11.606193
          ],
          [
            -72.0283767,
            11.6061969
          ],
          [
            -72.0283791,
            11.6062007
          ],
          [
            -72.0283815,
            11.6062046
          ],
          [
            -72.0283839,
            11.6062084
          ],
          [
            -72.0283863,
            11.6062123
          ],
          [
            -72.0283887,
            11.6062161
          ],
          [
            -72.0283911,
            11.60622
          ],
          [
            -72.0283935,
            11.6062238
          ],
          [
            -72.0283959,
            11.6062277
          ],
          [
            -72.0283983,
            11.6062315
          ],
          [
            -72.0284007,
            11.6062354
          ],
          [
            -72.0284031,
            11.6062392
          ],
          [
            -72.0284055,
            11.6062431
          ],
          [
            -72.0284079,
            11.6062469
          ],
          [
            -72.0284103,
            11.6062508
          ],
          [
            -72.0284127,
            11.6062546
          ],
          [
            -72.0284151,
            11.6062585
          ],
          [
            -72.0284175,
            11.6062623
          ],
          [
            -72.0284199,
            11.6062662
          ],
          [
            -72.0284223,
            11.60627
          ],
          [
            -72.0284247,
            11.6062738
          ],
          [
            -72.0284271,
            11.6062777
          ],
          [
            -72.0284294,
            11.6062815
          ],
          [
            -72.0284318,
            11.6062854
          ],
          [
            -72.0284342,
            11.6062893
          ],
          [
            -72.0284366,
            11.6062931
          ],
          [
            -72.028439,
            11.6062969
          ],
          [
            -72.0284414,
            11.6063008
          ],
          [
            -72.0284438,
            11.6063046
          ],
          [
            -72.0284462,
            11.6063085
          ],
          [
            -72.0284486,
            11.6063123
          ],
          [
            -72.028451,
            11.6063162
          ],
          [
            -72.0284534,
            11.60632
          ],
          [
            -72.0284558,
            11.6063239
          ],
          [
            -72.0284582,
            11.6063277
          ],
          [
            -72.0284606,
            11.6063316
          ],
          [
            -72.028463,
            11.6063354
          ],
          [
            -72.0284654,
            11.6063393
          ],
          [
            -72.0284678,
            11.6063431
          ],
          [
            -72.0284702,
            11.606347
          ],
          [
            -72.0284726,
            11.6063508
          ],
          [
            -72.028475,
            11.6063547
          ],
          [
            -72.0284774,
            11.6063585
          ],
          [
            -72.0284798,
            11.6063624
          ],
          [
            -72.0284822,
            11.6063662
          ],
          [
            -72.0284846,
            11.6063701
          ],
          [
            -72.028487,
            11.6063739
          ],
          [
            -72.0284894,
            11.6063778
          ],
          [
            -72.0284918,
            11.6063816
          ],
          [
            -72.0284941,
            11.6063855
          ],
          [
            -72.0284965,
            11.6063893
          ],
          [
            -72.0284989,
            11.6063932
          ],
          [
            -72.0285013,
            11.606397
          ],
          [
            -72.0285037,
            11.6064009
          ],
          [
            -72.0285061,
            11.6064047
          ],
          [
            -72.0285085,
            11.6064086
          ],
          [
            -72.0285109,
            11.6064124
          ],
          [
            -72.0285133,
            11.6064163
          ],
          [
            -72.0285157,
            11.6064201
          ],
          [
            -72.0285181,
            11.606424
          ],
          [
            -72.0285205,
            11.6064278
          ],
          [
            -72.0285229,
            11.6064316
          ],
          [
            -72.0285253,
            11.6064355
          ],
          [
            -72.0285277,
            11.6064393
          ],
          [
            -72.0285301,
            11.6064432
          ],
          [
            -72.0285325,
            11.606447
          ],
          [
            -72.0285349,
            11.6064509
          ],
          [
            -72.0285373,
            11.6064547
          ],
          [
            -72.0285397,
            11.6064586
          ],
          [
            -72.0285421,
            11.6064624
          ],
          [
            -72.0285445,
            11.6064663
          ],
          [
            -72.0285469,
            11.6064701
          ],
          [
            -72.0285493,
            11.606474
          ],
          [
            -72.0285517,
            11.6064778
          ],
          [
            -72.0285541,
            11.6064817
          ],
          [
            -72.0285564,
            11.6064855
          ],
          [
            -72.0285588,
            11.6064894
          ],
          [
            -72.0285612,
            11.6064932
          ],
          [
            -72.0285636,
            11.6064971
          ],
          [
            -72.028566,
            11.6065009
          ],
          [
            -72.0285684,
            11.6065048
          ],
          [
            -72.0285708,
            11.6065086
          ],
          [
            -72.0285732,
            11.6065125
          ],
          [
            -72.0285756,
            11.6065163
          ],
          [
            -72.028578,
            11.6065202
          ],
          [
            -72.0285804,
            11.606524
          ],
          [
            -72.0285828,
            11.6065279
          ],
          [
            -72.0285852,
            11.6065317
          ],
          [
            -72.0285876,
            11.6065356
          ],
          [
            -72.02859,
            11.6065394
          ],
          [
            -72.0285924,
            11.6065433
          ],
          [
            -72.0285948,
            11.6065471
          ],
          [
            -72.0285972,
            11.606551
          ],
          [
            -72.0285996,
            11.6065548
          ],
          [
            -72.028602,
            11.6065587
          ],
          [
            -72.0286044,
            11.6065625
          ],
          [
            -72.0286068,
            11.6065664
          ],
          [
            -72.0286092,
            11.6065702
          ],
          [
            -72.0286116,
            11.6065741
          ],
          [
            -72.028614,
            11.6065779
          ],
          [
            -72.0286164,
            11.6065817
          ],
          [
            -72.0286188,
            11.6065856
          ],
          [
            -72.0286211,
            11.6065895
          ],
          [
            -72.0286235,
            11.6065933
          ],
          [
            -72.0286259,
            11.6065971
          ],
          [
            -72.0286283,
            11.606601
          ],
          [
            -72.0286307,
            11.6066048
          ],
          [
            -72.0286331,
            11.6066087
          ],
          [
            -72.0286355,
            11.6066125
          ],
          [
            -72.0286379,
            11.6066164
          ],
          [
            -72.0286403,
            11.6066202
          ],
          [
            -72.0286427,
            11.6066241
          ],
          [
            -72.0286451,
            11.6066279
          ],
          [
            -72.0286475,
            11.6066318
          ],
          [
            -72.0286499,
            11.6066356
          ],
          [
            -72.0286523,
            11.6066395
          ],
          [
            -72.0286547,
            11.6066433
          ],
          [
            -72.0286571,
            11.6066472
          ],
          [
            -72.0286595,
            11.606651
          ],
          [
            -72.0286619,
            11.6066549
          ],
          [
            -72.0286643,
            11.6066587
          ],
          [
            -72.0286667,
            11.6066626
          ],
          [
            -72.0286691,
            11.6066664
          ],
          [
            -72.0286715,
            11.6066703
          ],
          [
            -72.0286739,
            11.6066741
          ],
          [
            -72.0286763,
            11.606678
          ],
          [
            -72.0286787,
            11.6066818
          ],
          [
            -72.0286811,
            11.6066857
          ],
          [
            -72.0286834,
            11.6066895
          ],
          [
            -72.0286858,
            11.6066934
          ],
          [
            -72.0286882,
            11.6066972
          ],
          [
            -72.0286906,
            11.6067011
          ],
          [
            -72.028693,
            11.6067049
          ],
          [
            -72.0286954,
            11.6067088
          ],
          [
            -72.0286978,
            11.6067126
          ],
          [
            -72.0287002,
            11.6067165
          ],
          [
            -72.0287026,
            11.6067203
          ],
          [
            -72.028705,
            11.6067241
          ],
          [
            -72.0287074,
            11.606728
          ],
          [
            -72.0287098,
            11.6067318
          ],
          [
            -72.0287122,
            11.6067357
          ],
          [
            -72.0287146,
            11.6067395
          ],
          [
            -72.028717,
            11.6067434
          ],
          [
            -72.0287194,
            11.6067472
          ],
          [
            -72.0287218,
            11.6067511
          ],
          [
            -72.0287242,
            11.6067549
          ],
          [
            -72.0287266,
            11.6067588
          ],
          [
            -72.028729,
            11.6067626
          ],
          [
            -72.0287314,
            11.6067665
          ],
          [
            -72.0287338,
            11.6067703
          ],
          [
            -72.0287362,
            11.6067742
          ],
          [
            -72.0287386,
            11.606778
          ],
          [
            -72.028741,
            11.6067819
          ],
          [
            -72.0287434,
            11.6067857
          ],
          [
            -72.0287458,
            11.6067896
          ],
          [
            -72.0287481,
            11.6067934
          ],
          [
            -72.0287505,
            11.6067973
          ],
          [
            -72.0287529,
            11.6068011
          ],
          [
            -72.0287553,
            11.606805
          ],
          [
            -72.0287577,
            11.6068088
          ],
          [
            -72.0287601,
            11.6068127
          ],
          [
            -72.0287625,
            11.6068165
          ],
          [
            -72.0287649,
            11.6068204
          ],
          [
            -72.0287673,
            11.6068242
          ],
          [
            -72.0287697,
            11.6068281
          ],
          [
            -72.0287721,
            11.6068319
          ],
          [
            -72.0287745,
            11.6068358
          ],
          [
            -72.0287769,
            11.6068396
          ],
          [
            -72.0287793,
            11.6068435
          ],
          [
            -72.0287817,
            11.6068473
          ],
          [
            -72.0287841,
            11.6068512
          ],
          [
            -72.0287865,
            11.606855
          ],
          [
            -72.0287889,
            11.6068589
          ],
          [
            -72.0287913,
            11.6068627
          ],
          [
            -72.0287937,
            11.6068666
          ],
          [
            -72.0287961,
            11.6068704
          ],
          [
            -72.0287985,
            11.6068743
          ],
          [
            -72.0288009,
            11.6068781
          ],
          [
            -72.0288033,
            11.6068819
          ],
          [
            -72.0288057,
            11.6068858
          ],
          [
            -72.0288081,
            11.6068896
          ],
          [
            -72.0288104,
            11.6068935
          ],
          [
            -72.0288128,
            11.6068973
          ],
          [
            -72.0288152,
            11.6069012
          ],
          [
            -72.0288176,
            11.606905
          ],
          [
            -72.02882,
            11.6069089
          ],
          [
            -72.0288224,
            11.6069127
          ],
          [
            -72.0288248,
            11.6069166
          ],
          [
            -72.0288272,
            11.6069204
          ],
          [
            -72.0288296,
            11.6069243
          ],
          [
            -72.028832,
            11.6069281
          ],
          [
            -72.0288344,
            11.606932
          ],
          [
            -72.0288368,
            11.6069358
          ],
          [
            -72.0288392,
            11.6069397
          ],
          [
            -72.0288416,
            11.6069435
          ],
          [
            -72.028844,
            11.6069474
          ],
          [
            -72.0288464,
            11.6069512
          ],
          [
            -72.0288488,
            11.6069551
          ],
          [
            -72.0288512,
            11.6069589
          ],
          [
            -72.0288536,
            11.6069628
          ],
          [
            -72.028856,
            11.6069666
          ],
          [
            -72.0288584,
            11.6069705
          ],
          [
            -72.0288608,
            11.6069743
          ],
          [
            -72.0288632,
            11.6069782
          ],
          [
            -72.0288656,
            11.606982
          ],
          [
            -72.028868,
            11.6069859
          ],
          [
            -72.0288704,
            11.6069897
          ],
          [
            -72.0288728,
            11.6069936
          ],
          [
            -72.0288751,
            11.6069974
          ],
          [
            -72.0288775,
            11.6070013
          ],
          [
            -72.0288799,
            11.6070051
          ],
          [
            -72.0288823,
            11.607009
          ],
          [
            -72.0288847,
            11.6070128
          ],
          [
            -72.0288871,
            11.6070167
          ],
          [
            -72.0288895,
            11.6070205
          ],
          [
            -72.0288919,
            11.6070243
          ],
          [
            -72.0288943,
            11.6070282
          ],
          [
            -72.0288967,
            11.607032
          ],
          [
            -72.0288991,
            11.6070359
          ],
          [
            -72.0289015,
            11.6070398
          ],
          [
            -72.0289039,
            11.6070436
          ],
          [
            -72.0289063,
            11.6070474
          ],
          [
            -72.0289087,
            11.6070513
          ],
          [
            -72.0289111,
            11.6070551
          ],
          [
            -72.0289135,
            11.607059
          ],
          [
            -72.0289159,
            11.6070628
          ],
          [
            -72.0289183,
            11.6070667
          ],
          [
            -72.0289207,
            11.6070705
          ],
          [
            -72.0289231,
            11.6070744
          ],
          [
            -72.0289255,
            11.6070782
          ],
          [
            -72.0289279,
            11.6070821
          ],
          [
            -72.0289303,
            11.6070859
          ],
          [
            -72.0289327,
            11.6070898
          ],
          [
            -72.0289351,
            11.6070936
          ],
          [
            -72.0289374,
            11.6070975
          ],
          [
            -72.0289398,
            11.6071013
          ],
          [
            -72.0289422,
            11.6071052
          ],
          [
            -72.0289446,
            11.607109
          ],
          [
            -72.028947,
            11.6071129
          ],
          [
            -72.0289494,
            11.6071167
          ],
          [
            -72.0289518,
            11.6071206
          ],
          [
            -72.0289542,
            11.6071244
          ],
          [
            -72.0289566,
            11.6071283
          ],
          [
            -72.028959,
            11.6071321
          ],
          [
            -72.0289614,
            11.607136
          ],
          [
            -72.0289638,
            11.6071398
          ],
          [
            -72.0289662,
            11.6071437
          ],
          [
            -72.0289686,
            11.6071475
          ],
          [
            -72.028971,
            11.6071514
          ],
          [
            -72.0289734,
            11.6071552
          ],
          [
            -72.0289758,
            11.6071591
          ],
          [
            -72.0289782,
            11.6071629
          ],
          [
            -72.0289806,
            11.6071668
          ],
          [
            -72.028983,
            11.6071706
          ],
          [
            -72.0289854,
            11.6071745
          ],
          [
            -72.0289878,
            11.6071783
          ],
          [
            -72.0289902,
            11.6071822
          ],
          [
            -72.0289926,
            11.607186
          ],
          [
            -72.028995,
            11.6071898
          ],
          [
            -72.0289974,
            11.6071937
          ],
          [
            -72.0289998,
            11.6071975
          ],
          [
            -72.0290022,
            11.6072014
          ],
          [
            -72.0290045,
            11.6072052
          ],
          [
            -72.0290069,
            11.6072091
          ],
          [
            -72.0290093,
            11.6072129
          ],
          [
            -72.0290117,
            11.6072168
          ],
          [
            -72.0290141,
            11.6072206
          ],
          [
            -72.0290165,
            11.6072245
          ],
          [
            -72.0290189,
            11.6072283
          ],
          [
            -72.0290213,
            11.6072322
          ],
          [
            -72.0290237,
            11.607236
          ],
          [
            -72.0290261,
            11.6072399
          ],
          [
            -72.0290285,
            11.6072437
          ],
          [
            -72.0290309,
            11.6072476
          ],
          [
            -72.0290333,
            11.6072514
          ],
          [
            -72.0290357,
            11.6072553
          ],
          [
            -72.0290381,
            11.6072591
          ],
          [
            -72.0290405,
            11.607263
          ],
          [
            -72.0290429,
            11.6072668
          ],
          [
            -72.0290453,
            11.6072707
          ],
          [
            -72.0290477,
            11.6072745
          ],
          [
            -72.0290501,
            11.6072784
          ],
          [
            -72.0290525,
            11.6072822
          ],
          [
            -72.0290549,
            11.6072861
          ],
          [
            -72.0290573,
            11.6072899
          ],
          [
            -72.0290597,
            11.6072938
          ],
          [
            -72.0290621,
            11.6072976
          ],
          [
            -72.0290645,
            11.6073015
          ],
          [
            -72.0290668,
            11.6073053
          ],
          [
            -72.0290692,
            11.6073092
          ],
          [
            -72.0290716,
            11.607313
          ],
          [
            -72.029074,
            11.6073169
          ],
          [
            -72.0290764,
            11.6073207
          ],
          [
            -72.0290788,
            11.6073245
          ],
          [
            -72.0290812,
            11.6073284
          ],
          [
            -72.0290836,
            11.6073322
          ],
          [
            -72.029086,
            11.6073361
          ],
          [
            -72.0290884,
            11.60734
          ],
          [
            -72.0290908,
            11.6073438
          ],
          [
            -72.0290932,
            11.6073476
          ],
          [
            -72.0290956,
            11.6073515
          ],
          [
            -72.029098,
            11.6073553
          ],
          [
            -72.0291004,
            11.6073592
          ],
          [
            -72.0291028,
            11.607363
          ],
          [
            -72.0291052,
            11.6073669
          ],
          [
            -72.0291076,
            11.6073707
          ],
          [
            -72.02911,
            11.6073746
          ],
          [
            -72.0291124,
            11.6073784
          ],
          [
            -72.0291148,
            11.6073823
          ],
          [
            -72.0291172,
            11.6073861
          ],
          [
            -72.0291196,
            11.60739
          ],
          [
            -72.029122,
            11.6073938
          ],
          [
            -72.0291244,
            11.6073977
          ],
          [
            -72.0291268,
            11.6074015
          ],
          [
            -72.0291292,
            11.6074054
          ],
          [
            -72.0291315,
            11.6074092
          ],
          [
            -72.0291339,
            11.6074131
          ],
          [
            -72.0291363,
            11.6074169
          ],
          [
            -72.0291387,
            11.6074208
          ],
          [
            -72.0291411,
            11.6074246
          ],
          [
            -72.0291435,
            11.6074285
          ],
          [
            -72.0291459,
            11.6074323
          ],
          [
            -72.0291483,
            11.6074362
          ],
          [
            -72.0291507,
            11.60744
          ],
          [
            -72.0291531,
            11.6074439
          ],
          [
            -72.0291555,
            11.6074477
          ],
          [
            -72.0291579,
            11.6074516
          ],
          [
            -72.0291603,
            11.6074554
          ],
          [
            -72.0291627,
            11.6074593
          ],
          [
            -72.0291651,
            11.6074631
          ],
          [
            -72.0291675,
            11.607467
          ],
          [
            -72.0291699,
            11.6074708
          ],
          [
            -72.0291723,
            11.6074747
          ],
          [
            -72.0291747,
            11.6074785
          ],
          [
            -72.0291771,
            11.6074823
          ],
          [
            -72.0291795,
            11.6074862
          ],
          [
            -72.0291819,
            11.60749
          ],
          [
            -72.0291843,
            11.6074939
          ],
          [
            -72.0291867,
            11.6074977
          ],
          [
            -72.0291891,
            11.6075016
          ],
          [
            -72.0291915,
            11.6075054
          ],
          [
            -72.0291939,
            11.6075093
          ],
          [
            -72.0291963,
            11.6075131
          ],
          [
            -72.0291987,
            11.607517
          ],
          [
            -72.029201,
            11.6075208
          ],
          [
            -72.0292034,
            11.6075247
          ],
          [
            -72.0292058,
            11.6075285
          ],
          [
            -72.0292082,
            11.6075324
          ],
          [
            -72.0292106,
            11.6075362
          ],
          [
            -72.029213,
            11.6075401
          ],
          [
            -72.0292154,
            11.6075439
          ],
          [
            -72.0292178,
            11.6075478
          ],
          [
            -72.0292202,
            11.6075516
          ],
          [
            -72.0292226,
            11.6075555
          ],
          [
            -72.029225,
            11.6075593
          ],
          [
            -72.0292274,
            11.6075632
          ],
          [
            -72.0292298,
            11.607567
          ],
          [
            -72.0292322,
            11.6075709
          ],
          [
            -72.0292346,
            11.6075747
          ],
          [
            -72.029237,
            11.6075786
          ],
          [
            -72.0292394,
            11.6075824
          ],
          [
            -72.0292418,
            11.6075863
          ],
          [
            -72.0292442,
            11.6075901
          ],
          [
            -72.0292466,
            11.607594
          ],
          [
            -72.029249,
            11.6075978
          ],
          [
            -72.0292514,
            11.6076017
          ],
          [
            -72.0292538,
            11.6076055
          ],
          [
            -72.0292562,
            11.6076094
          ],
          [
            -72.0292586,
            11.6076132
          ],
          [
            -72.029261,
            11.6076171
          ],
          [
            -72.0292633,
            11.6076209
          ],
          [
            -72.0292657,
            11.6076247
          ],
          [
            -72.0292681,
            11.6076286
          ],
          [
            -72.0292705,
            11.6076324
          ],
          [
            -72.0292729,
            11.6076363
          ],
          [
            -72.0292753,
            11.6076401
          ],
          [
            -72.0292777,
            11.607644
          ],
          [
            -72.0292801,
            11.6076478
          ],
          [
            -72.0292825,
            11.6076517
          ],
          [
            -72.0292849,
            11.6076555
          ],
          [
            -72.0292873,
            11.6076594
          ],
          [
            -72.0292897,
            11.6076632
          ],
          [
            -72.0292921,
            11.6076671
          ],
          [
            -72.0292945,
            11.6076709
          ],
          [
            -72.0292969,
            11.6076748
          ],
          [
            -72.0292993,
            11.6076786
          ],
          [
            -72.0293017,
            11.6076825
          ],
          [
            -72.0293041,
            11.6076863
          ],
          [
            -72.0293065,
            11.6076902
          ],
          [
            -72.0293089,
            11.607694
          ],
          [
            -72.0293113,
            11.6076979
          ],
          [
            -72.0293137,
            11.6077017
          ],
          [
            -72.0293161,
            11.6077056
          ],
          [
            -72.0293185,
            11.6077094
          ],
          [
            -72.0293209,
            11.6077133
          ],
          [
            -72.0293233,
            11.6077171
          ],
          [
            -72.0293257,
            11.607721
          ],
          [
            -72.029328,
            11.6077248
          ],
          [
            -72.0293304,
            11.6077287
          ],
          [
            -72.0293328,
            11.6077325
          ],
          [
            -72.0293352,
            11.6077364
          ],
          [
            -72.0293376,
            11.6077402
          ],
          [
            -72.02934,
            11.6077441
          ],
          [
            -72.0293424,
            11.6077479
          ],
          [
            -72.0293448,
            11.6077518
          ],
          [
            -72.0293472,
            11.6077556
          ],
          [
            -72.0293496,
            11.6077595
          ],
          [
            -72.029352,
            11.6077633
          ],
          [
            -72.0293544,
            11.6077672
          ],
          [
            -72.0293568,
            11.607771
          ],
          [
            -72.0293592,
            11.6077749
          ],
          [
            -72.0293616,
            11.6077787
          ],
          [
            -72.029364,
            11.6077825
          ],
          [
            -72.0293664,
            11.6077864
          ],
          [
            -72.0293688,
            11.6077902
          ],
          [
            -72.0293712,
            11.6077941
          ],
          [
            -72.0293736,
            11.6077979
          ],
          [
            -72.029376,
            11.6078018
          ],
          [
            -72.0293784,
            11.6078056
          ],
          [
            -72.0293808,
            11.6078095
          ],
          [
            -72.0293832,
            11.6078133
          ],
          [
            -72.0293856,
            11.6078172
          ],
          [
            -72.029388,
            11.607821
          ],
          [
            -72.0293904,
            11.6078249
          ],
          [
            -72.0293927,
            11.6078287
          ],
          [
            -72.0293951,
            11.6078326
          ],
          [
            -72.0293975,
            11.6078364
          ],
          [
            -72.0293999,
            11.6078403
          ],
          [
            -72.0294023,
            11.6078441
          ],
          [
            -72.0294047,
            11.607848
          ],
          [
            -72.0294071,
            11.6078518
          ],
          [
            -72.0294095,
            11.6078557
          ],
          [
            -72.0294119,
            11.6078595
          ],
          [
            -72.0294143,
            11.6078634
          ],
          [
            -72.0294167,
            11.6078672
          ],
          [
            -72.0294191,
            11.6078711
          ],
          [
            -72.0294215,
            11.6078749
          ],
          [
            -72.0294239,
            11.6078788
          ],
          [
            -72.0294263,
            11.6078826
          ],
          [
            -72.0294287,
            11.6078865
          ],
          [
            -72.0294311,
            11.6078903
          ],
          [
            -72.0294335,
            11.6078942
          ],
          [
            -72.0294359,
            11.607898
          ],
          [
            -72.0294383,
            11.6079019
          ],
          [
            -72.0294407,
            11.6079057
          ],
          [
            -72.0294431,
            11.6079096
          ],
          [
            -72.0294455,
            11.6079134
          ],
          [
            -72.0294479,
            11.6079173
          ],
          [
            -72.029448,
            11.6079174
          ],
          [
            -72.0294503,
            11.6079211
          ],
          [
            -72.0294527,
            11.607925
          ],
          [
            -72.0294551,
            11.6079288
          ],
          [
            -72.0294574,
            11.6079326
          ],
          [
            -72.0294598,
            11.6079365
          ],
          [
            -72.0294622,
            11.6079403
          ],
          [
            -72.0294646,
            11.6079442
          ],
          [
            -72.029467,
            11.607948
          ],
          [
            -72.0294694,
            11.6079519
          ],
          [
            -72.0294718,
            11.6079557
          ],
          [
            -72.0294742,
            11.6079596
          ],
          [
            -72.0294766,
            11.6079634
          ],
          [
            -72.029479,
            11.6079673
          ],
          [
            -72.0294814,
            11.6079711
          ],
          [
            -72.0294838,
            11.607975
          ],
          [
            -72.0294862,
            11.6079788
          ],
          [
            -72.0294886,
            11.6079827
          ],
          [
            -72.029491,
            11.6079865
          ],
          [
            -72.0294934,
            11.6079904
          ],
          [
            -72.0294958,
            11.6079942
          ],
          [
            -72.0294982,
            11.6079981
          ],
          [
            -72.0295006,
            11.6080019
          ],
          [
            -72.029503,
            11.6080058
          ],
          [
            -72.0295054,
            11.6080096
          ],
          [
            -72.0295078,
            11.6080135
          ],
          [
            -72.0295102,
            11.6080173
          ],
          [
            -72.0295126,
            11.6080212
          ],
          [
            -72.029515,
            11.608025
          ],
          [
            -72.0295174,
            11.6080289
          ],
          [
            -72.0295198,
            11.6080327
          ],
          [
            -72.0295221,
            11.6080366
          ],
          [
            -72.0295245,
            11.6080404
          ],
          [
            -72.0295269,
            11.6080443
          ],
          [
            -72.0295293,
            11.6080481
          ],
          [
            -72.0295317,
            11.608052
          ],
          [
            -72.0295341,
            11.6080558
          ],
          [
            -72.0295365,
            11.6080597
          ],
          [
            -72.0295389,
            11.6080635
          ],
          [
            -72.0295413,
            11.6080674
          ],
          [
            -72.0295437,
            11.6080712
          ],
          [
            -72.0295461,
            11.608075
          ],
          [
            -72.0295485,
            11.6080789
          ],
          [
            -72.0295509,
            11.6080827
          ],
          [
            -72.0295533,
            11.6080866
          ],
          [
            -72.0295557,
            11.6080904
          ],
          [
            -72.0295581,
            11.6080943
          ],
          [
            -72.0295605,
            11.6080981
          ],
          [
            -72.0295629,
            11.608102
          ],
          [
            -72.0295653,
            11.6081058
          ],
          [
            -72.0295677,
            11.6081097
          ],
          [
            -72.0295701,
            11.6081135
          ],
          [
            -72.0295725,
            11.6081174
          ],
          [
            -72.0295749,
            11.6081212
          ],
          [
            -72.0295773,
            11.6081251
          ],
          [
            -72.0295797,
            11.6081289
          ],
          [
            -72.0295821,
            11.6081328
          ],
          [
            -72.0295844,
            11.6081366
          ],
          [
            -72.0295868,
            11.6081405
          ],
          [
            -72.0295892,
            11.6081443
          ],
          [
            -72.0295916,
            11.6081482
          ],
          [
            -72.029594,
            11.608152
          ],
          [
            -72.0295964,
            11.6081559
          ],
          [
            -72.0295988,
            11.6081597
          ],
          [
            -72.0296012,
            11.6081636
          ],
          [
            -72.0296036,
            11.6081674
          ],
          [
            -72.029606,
            11.6081713
          ],
          [
            -72.0296084,
            11.6081751
          ],
          [
            -72.0296108,
            11.608179
          ],
          [
            -72.0296132,
            11.6081828
          ],
          [
            -72.0296156,
            11.6081867
          ],
          [
            -72.029618,
            11.6081905
          ],
          [
            -72.0296204,
            11.6081944
          ],
          [
            -72.0296228,
            11.6081982
          ],
          [
            -72.0296252,
            11.6082021
          ],
          [
            -72.0296276,
            11.6082059
          ],
          [
            -72.02963,
            11.6082097
          ],
          [
            -72.0296324,
            11.6082136
          ],
          [
            -72.0296348,
            11.6082175
          ],
          [
            -72.0296372,
            11.6082213
          ],
          [
            -72.0296396,
            11.6082252
          ],
          [
            -72.029642,
            11.608229
          ],
          [
            -72.0296444,
            11.6082328
          ],
          [
            -72.0296468,
            11.6082367
          ],
          [
            -72.0296491,
            11.6082405
          ],
          [
            -72.0296515,
            11.6082444
          ],
          [
            -72.0296539,
            11.6082482
          ],
          [
            -72.0296563,
            11.6082521
          ],
          [
            -72.0296587,
            11.6082559
          ],
          [
            -72.0296611,
            11.6082598
          ],
          [
            -72.0296635,
            11.6082636
          ],
          [
            -72.0296659,
            11.6082675
          ],
          [
            -72.0296683,
            11.6082713
          ],
          [
            -72.0296707,
            11.6082752
          ],
          [
            -72.0296731,
            11.608279
          ],
          [
            -72.0296755,
            11.6082829
          ],
          [
            -72.0296779,
            11.6082867
          ],
          [
            -72.0296803,
            11.6082906
          ],
          [
            -72.0296827,
            11.6082944
          ],
          [
            -72.0296851,
            11.6082983
          ],
          [
            -72.0296875,
            11.6083021
          ],
          [
            -72.0296899,
            11.608306
          ],
          [
            -72.0296923,
            11.6083098
          ],
          [
            -72.0296947,
            11.6083137
          ],
          [
            -72.0296971,
            11.6083175
          ],
          [
            -72.0296995,
            11.6083214
          ],
          [
            -72.0297019,
            11.6083252
          ],
          [
            -72.0297043,
            11.6083291
          ],
          [
            -72.0297067,
            11.6083329
          ],
          [
            -72.0297091,
            11.6083368
          ],
          [
            -72.0297115,
            11.6083406
          ],
          [
            -72.0297138,
            11.6083445
          ],
          [
            -72.0297162,
            11.6083483
          ],
          [
            -72.0297186,
            11.6083522
          ],
          [
            -72.029721,
            11.608356
          ],
          [
            -72.0297234,
            11.6083599
          ],
          [
            -72.0297258,
            11.6083637
          ],
          [
            -72.0297282,
            11.6083676
          ],
          [
            -72.0297306,
            11.6083714
          ],
          [
            -72.029733,
            11.6083752
          ],
          [
            -72.0297354,
            11.6083791
          ],
          [
            -72.0297378,
            11.6083829
          ],
          [
            -72.0297402,
            11.6083868
          ],
          [
            -72.0297426,
            11.6083906
          ],
          [
            -72.029745,
            11.6083945
          ],
          [
            -72.0297474,
            11.6083983
          ],
          [
            -72.0297498,
            11.6084022
          ],
          [
            -72.0297522,
            11.608406
          ],
          [
            -72.0297546,
            11.6084099
          ],
          [
            -72.029757,
            11.6084137
          ],
          [
            -72.0297594,
            11.6084176
          ],
          [
            -72.0297618,
            11.6084214
          ],
          [
            -72.0297642,
            11.6084253
          ],
          [
            -72.0297666,
            11.6084291
          ],
          [
            -72.029769,
            11.608433
          ],
          [
            -72.0297714,
            11.6084368
          ],
          [
            -72.0297738,
            11.6084407
          ],
          [
            -72.0297762,
            11.6084445
          ],
          [
            -72.0297785,
            11.6084484
          ],
          [
            -72.0297809,
            11.6084522
          ]
        ]
      }
    },
    {
      "type": "Feature",
      "properties": {
        "Shape_Leng": 0.0,
        "Longitud": 592.076,
        "Aero": "WP40-WP41",
        "Grupo": 0
      },
      "geometry": {
        "type": "LineString",
        "coordinates": [
          [
            -72.0297809,
            11.6084522
          ],
          [
            -72.0297833,
            11.6084561
          ],
          [
            -72.0297857,
            11.6084599
          ],
          [
            -72.0297881,
            11.6084638
          ],
          [
            -72.0297905,
            11.6084676
          ],
          [
            -72.0297929,
            11.6084715
          ],
          [
            -72.0297953,
            11.6084753
          ],
          [
            -72.0297977,
            11.6084792
          ],
          [
            -72.0298001,
            11.608483
          ],
          [
            -72.0298025,
            11.6084869
          ],
          [
            -72.0298049,
            11.6084907
          ],
          [
            -72.0298073,
            11.6084946
          ],
          [
            -72.0298074,
            11.6084947
          ],
          [
            -72.0298097,
            11.6084984
          ],
          [
            -72.0298121,
            11.6085023
          ],
          [
            -72.0298145,
            11.6085061
          ],
          [
            -72.0298169,
            11.60851
          ],
          [
            -72.0298193,
            11.6085138
          ],
          [
            -72.0298217,
            11.6085177
          ],
          [
            -72.0298241,
            11.6085215
          ],
          [
            -72.0298265,
            11.6085254
          ],
          [
            -72.0298289,
            11.6085292
          ],
          [
            -72.0298313,
            11.608533
          ],
          [
            -72.0298337,
            11.6085369
          ],
          [
            -72.0298361,
            11.6085407
          ],
          [
            -72.0298385,
            11.6085446
          ],
          [
            -72.0298408,
            11.6085484
          ],
          [
            -72.0298432,
            11.6085523
          ],
          [
            -72.0298456,
            11.6085561
          ],
          [
            -72.029848,
            11.60856
          ],
          [
            -72.0298504,
            11.6085638
          ],
          [
            -72.0298528,
            11.6085677
          ],
          [
            -72.0298552,
            11.6085715
          ],
          [
            -72.0298576,
            11.6085754
          ],
          [
            -72.02986,
            11.6085792
          ],
          [
            -72.0298624,
            11.6085831
          ],
          [
            -72.0298648,
            11.6085869
          ],
          [
            -72.0298672,
            11.6085908
          ],
          [
            -72.0298696,
            11.6085946
          ],
          [
            -72.029872,
            11.6085985
          ],
          [
            -72.0298744,
            11.6086023
          ],
          [
            -72.0298768,
            11.6086062
          ],
          [
            -72.0298792,
            11.60861
          ],
          [
            -72.0298816,
            11.6086139
          ],
          [
            -72.029884,
            11.6086177
          ],
          [
            -72.0298864,
            11.6086216
          ],
          [
            -72.0298888,
            11.6086254
          ],
          [
            -72.0298912,
            11.6086293
          ],
          [
            -72.0298936,
            11.6086331
          ],
          [
            -72.029896,
            11.608637
          ],
          [
            -72.0298984,
            11.6086408
          ],
          [
            -72.0299008,
            11.6086447
          ],
          [
            -72.0299032,
            11.6086485
          ],
          [
            -72.0299055,
            11.6086524
          ],
          [
            -72.0299079,
            11.6086562
          ],
          [
            -72.0299103,
            11.6086601
          ],
          [
            -72.0299127,
            11.6086639
          ],
          [
            -72.0299151,
            11.6086678
          ],
          [
            -72.0299175,
            11.6086716
          ],
          [
            -72.0299199,
            11.6086754
          ],
          [
            -72.0299223,
            11.6086793
          ],
          [
            -72.0299247,
            11.6086831
          ],
          [
            -72.0299271,
            11.608687
          ],
          [
            -72.0299295,
            11.6086908
          ],
          [
            -72.0299319,
            11.6086947
          ],
          [
            -72.0299343,
            11.6086985
          ],
          [
            -72.0299367,
            11.6087024
          ],
          [
            -72.0299391,
            11.6087062
          ],
          [
            -72.0299415,
            11.6087101
          ],
          [
            -72.0299439,
            11.6087139
          ],
          [
            -72.0299463,
            11.6087178
          ],
          [
            -72.0299487,
            11.6087216
          ],
          [
            -72.0299511,
            11.6087255
          ],
          [
            -72.0299535,
            11.6087293
          ],
          [
            -72.0299559,
            11.6087332
          ],
          [
            -72.0299583,
            11.608737
          ],
          [
            -72.0299607,
            11.6087409
          ],
          [
            -72.0299631,
            11.6087447
          ],
          [
            -72.0299655,
            11.6087486
          ],
          [
            -72.0299679,
            11.6087524
          ],
          [
            -72.0299702,
            11.6087563
          ],
          [
            -72.0299726,
            11.6087601
          ],
          [
            -72.029975,
            11.608764
          ],
          [
            -72.0299774,
            11.6087678
          ],
          [
            -72.0299798,
            11.6087717
          ],
          [
            -72.0299822,
            11.6087755
          ],
          [
            -72.0299846,
            11.6087794
          ],
          [
            -72.029987,
            11.6087832
          ],
          [
            -72.0299894,
            11.6087871
          ],
          [
            -72.0299918,
            11.6087909
          ],
          [
            -72.0299942,
            11.6087948
          ],
          [
            -72.0299966,
            11.6087986
          ],
          [
            -72.029999,
            11.6088025
          ],
          [
            -72.0300014,
            11.6088063
          ],
          [
            -72.0300038,
            11.6088102
          ],
          [
            -72.0300062,
            11.608814
          ],
          [
            -72.0300086,
            11.6088179
          ],
          [
            -72.030011,
            11.6088217
          ],
          [
            -72.0300134,
            11.6088256
          ],
          [
            -72.0300158,
            11.6088294
          ],
          [
            -72.0300182,
            11.6088332
          ],
          [
            -72.0300206,
            11.6088371
          ],
          [
            -72.030023,
            11.6088409
          ],
          [
            -72.0300254,
            11.6088448
          ],
          [
            -72.0300278,
            11.6088486
          ],
          [
            -72.0300302,
            11.6088525
          ],
          [
            -72.0300326,
            11.6088563
          ],
          [
            -72.030035,
            11.6088602
          ],
          [
            -72.0300374,
            11.608864
          ],
          [
            -72.0300397,
            11.6088679
          ],
          [
            -72.0300421,
            11.6088717
          ],
          [
            -72.0300445,
            11.6088756
          ],
          [
            -72.0300469,
            11.6088794
          ],
          [
            -72.0300493,
            11.6088833
          ],
          [
            -72.0300517,
            11.6088871
          ],
          [
            -72.0300541,
            11.608891
          ],
          [
            -72.0300565,
            11.6088948
          ],
          [
            -72.0300589,
            11.6088987
          ],
          [
            -72.0300613,
            11.6089025
          ],
          [
            -72.0300637,
            11.6089064
          ],
          [
            -72.0300661,
            11.6089102
          ],
          [
            -72.0300685,
            11.6089141
          ],
          [
            -72.0300709,
            11.6089179
          ],
          [
            -72.0300733,
            11.6089218
          ],
          [
            -72.0300757,
            11.6089256
          ],
          [
            -72.0300781,
            11.6089295
          ],
          [
            -72.0300805,
            11.6089333
          ],
          [
            -72.0300829,
            11.6089372
          ],
          [
            -72.0300853,
            11.608941
          ],
          [
            -72.0300877,
            11.6089449
          ],
          [
            -72.0300901,
            11.6089487
          ],
          [
            -72.0300925,
            11.6089526
          ],
          [
            -72.0300949,
            11.6089564
          ],
          [
            -72.0300973,
            11.6089603
          ],
          [
            -72.0300997,
            11.6089641
          ],
          [
            -72.0301021,
            11.608968
          ],
          [
            -72.0301044,
            11.6089718
          ],
          [
            -72.0301068,
            11.6089756
          ],
          [
            -72.0301092,
            11.6089795
          ],
          [
            -72.0301116,
            11.6089833
          ],
          [
            -72.030114,
            11.6089872
          ],
          [
            -72.0301164,
            11.6089911
          ],
          [
            -72.0301188,
            11.6089949
          ],
          [
            -72.0301212,
            11.6089987
          ],
          [
            -72.0301236,
            11.6090026
          ],
          [
            -72.030126,
            11.6090064
          ],
          [
            -72.0301284,
            11.6090103
          ],
          [
            -72.0301308,
            11.6090141
          ],
          [
            -72.0301332,
            11.609018
          ],
          [
            -72.0301356,
            11.6090218
          ],
          [
            -72.030138,
            11.6090257
          ],
          [
            -72.0301404,
            11.6090295
          ],
          [
            -72.0301428,
            11.6090334
          ],
          [
            -72.0301452,
            11.6090372
          ],
          [
            -72.0301476,
            11.6090411
          ],
          [
            -72.03015,
            11.6090449
          ],
          [
            -72.0301524,
            11.6090488
          ],
          [
            -72.0301548,
            11.6090526
          ],
          [
            -72.0301572,
            11.6090565
          ],
          [
            -72.0301596,
            11.6090603
          ],
          [
            -72.030162,
            11.6090642
          ],
          [
            -72.0301644,
            11.609068
          ],
          [
            -72.0301668,
            11.6090719
          ],
          [
            -72.0301691,
            11.6090757
          ],
          [
            -72.0301715,
            11.6090796
          ],
          [
            -72.0301739,
            11.6090834
          ],
          [
            -72.0301763,
            11.6090873
          ],
          [
            -72.0301787,
            11.6090911
          ],
          [
            -72.0301811,
            11.609095
          ],
          [
            -72.0301835,
            11.6090988
          ],
          [
            -72.0301859,
            11.6091027
          ],
          [
            -72.0301883,
            11.6091065
          ],
          [
            -72.0301907,
            11.6091104
          ],
          [
            -72.0301931,
            11.6091142
          ],
          [
            -72.0301955,
            11.6091181
          ],
          [
            -72.0301979,
            11.6091219
          ],
          [
            -72.0302003,
            11.6091258
          ],
          [
            -72.0302027,
            11.6091296
          ],
          [
            -72.0302051,
            11.6091334
          ],
          [
            -72.0302075,
            11.6091373
          ],
          [
            -72.0302099,
            11.6091411
          ],
          [
            -72.0302123,
            11.609145
          ],
          [
            -72.0302147,
            11.6091488
          ],
          [
            -72.0302171,
            11.6091527
          ],
          [
            -72.0302195,
            11.6091565
          ],
          [
            -72.0302219,
            11.6091604
          ],
          [
            -72.0302243,
            11.6091642
          ],
          [
            -72.0302267,
            11.6091681
          ],
          [
            -72.0302291,
            11.6091719
          ],
          [
            -72.0302315,
            11.6091758
          ],
          [
            -72.0302338,
            11.6091796
          ],
          [
            -72.0302362,
            11.6091835
          ],
          [
            -72.0302386,
            11.6091873
          ],
          [
            -72.030241,
            11.6091912
          ],
          [
            -72.0302434,
            11.609195
          ],
          [
            -72.0302458,
            11.6091989
          ],
          [
            -72.0302482,
            11.6092027
          ],
          [
            -72.0302506,
            11.6092066
          ],
          [
            -72.030253,
            11.6092104
          ],
          [
            -72.0302554,
            11.6092143
          ],
          [
            -72.0302578,
            11.6092181
          ],
          [
            -72.0302602,
            11.609222
          ],
          [
            -72.0302626,
            11.6092258
          ],
          [
            -72.030265,
            11.6092297
          ],
          [
            -72.0302674,
            11.6092335
          ],
          [
            -72.0302698,
            11.6092374
          ],
          [
            -72.0302722,
            11.6092412
          ],
          [
            -72.0302746,
            11.6092451
          ],
          [
            -72.030277,
            11.6092489
          ],
          [
            -72.0302794,
            11.6092528
          ],
          [
            -72.0302818,
            11.6092566
          ],
          [
            -72.0302842,
            11.6092605
          ],
          [
            -72.0302866,
            11.6092643
          ],
          [
            -72.030289,
            11.6092682
          ],
          [
            -72.0302914,
            11.609272
          ],
          [
            -72.0302938,
            11.6092758
          ],
          [
            -72.0302961,
            11.6092797
          ],
          [
            -72.0302985,
            11.6092835
          ],
          [
            -72.0303009,
            11.6092874
          ],
          [
            -72.0303033,
            11.6092912
          ],
          [
            -72.0303057,
            11.6092951
          ],
          [
            -72.0303081,
            11.6092989
          ],
          [
            -72.0303105,
            11.6093028
          ],
          [
            -72.0303129,
            11.6093066
          ],
          [
            -72.0303153,
            11.6093105
          ],
          [
            -72.0303177,
            11.6093143
          ],
          [
            -72.0303201,
            11.6093182
          ],
          [
            -72.0303225,
            11.609322
          ],
          [
            -72.0303249,
            11.6093259
          ],
          [
            -72.0303273,
            11.6093297
          ],
          [
            -72.0303297,
            11.6093336
          ],
          [
            -72.0303321,
            11.6093374
          ],
          [
            -72.0303345,
            11.6093413
          ],
          [
            -72.0303369,
            11.6093451
          ],
          [
            -72.0303393,
            11.609349
          ],
          [
            -72.0303417,
            11.6093528
          ],
          [
            -72.0303441,
            11.6093567
          ],
          [
            -72.0303465,
            11.6093605
          ],
          [
            -72.0303489,
            11.6093644
          ],
          [
            -72.0303489,
            11.6093644
          ],
          [
            -72.0303513,
            11.6093682
          ],
          [
            -72.0303537,
            11.6093721
          ],
          [
            -72.0303561,
            11.6093759
          ],
          [
            -72.0303585,
            11.6093798
          ],
          [
            -72.0303593,
            11.6093811
          ],
          [
            -72.0303609,
            11.6093836
          ],
          [
            -72.0303632,
            11.6093875
          ],
          [
            -72.0303656,
            11.6093913
          ],
          [
            -72.030368,
            11.6093952
          ],
          [
            -72.0303704,
            11.609399
          ],
          [
            -72.0303728,
            11.6094029
          ],
          [
            -72.0303752,
            11.6094067
          ],
          [
            -72.0303776,
            11.6094106
          ],
          [
            -72.03038,
            11.6094144
          ],
          [
            -72.0303824,
            11.6094183
          ],
          [
            -72.0303834,
            11.6094199
          ],
          [
            -72.0303848,
            11.6094221
          ],
          [
            -72.0303872,
            11.6094259
          ],
          [
            -72.0303896,
            11.6094298
          ],
          [
            -72.030392,
            11.6094336
          ],
          [
            -72.0303944,
            11.6094375
          ],
          [
            -72.0303968,
            11.6094413
          ],
          [
            -72.030398,
            11.6094434
          ],
          [
            -72.0303992,
            11.6094452
          ],
          [
            -72.0304016,
            11.609449
          ],
          [
            -72.030404,
            11.6094529
          ],
          [
            -72.0304064,
            11.6094567
          ],
          [
            -72.0304078,
            11.6094591
          ],
          [
            -72.0304088,
            11.6094606
          ],
          [
            -72.0304112,
            11.6094644
          ],
          [
            -72.0304136,
            11.6094683
          ],
          [
            -72.030416,
            11.6094721
          ],
          [
            -72.0304184,
            11.609476
          ],
          [
            -72.0304208,
            11.6094798
          ],
          [
            -72.0304224,
            11.6094825
          ],
          [
            -72.0304232,
            11.6094837
          ],
          [
            -72.0304255,
            11.6094875
          ],
          [
            -72.0304279,
            11.6094914
          ],
          [
            -72.0304303,
            11.6094952
          ],
          [
            -72.0304327,
            11.6094991
          ],
          [
            -72.0304351,
            11.6095029
          ],
          [
            -72.030437,
            11.6095059
          ],
          [
            -72.0304375,
            11.6095068
          ],
          [
            -72.0304399,
            11.6095106
          ],
          [
            -72.0304423,
            11.6095145
          ],
          [
            -72.0304441,
            11.6095173
          ],
          [
            -72.0304447,
            11.6095183
          ],
          [
            -72.0304471,
            11.6095222
          ],
          [
            -72.0304495,
            11.609526
          ],
          [
            -72.0304519,
            11.6095299
          ],
          [
            -72.0304537,
            11.6095327
          ],
          [
            -72.0304543,
            11.6095337
          ],
          [
            -72.0304567,
            11.6095376
          ],
          [
            -72.0304591,
            11.6095414
          ],
          [
            -72.0304614,
            11.6095453
          ],
          [
            -72.0304637,
            11.6095492
          ],
          [
            -72.030466,
            11.6095531
          ],
          [
            -72.0304683,
            11.609557
          ],
          [
            -72.0304706,
            11.609561
          ],
          [
            -72.0304728,
            11.6095649
          ],
          [
            -72.030475,
            11.6095688
          ],
          [
            -72.0304772,
            11.6095728
          ],
          [
            -72.0304794,
            11.6095768
          ],
          [
            -72.0304816,
            11.6095808
          ],
          [
            -72.0304837,
            11.6095847
          ],
          [
            -72.0304858,
            11.6095887
          ],
          [
            -72.0304879,
            11.6095928
          ],
          [
            -72.03049,
            11.6095968
          ],
          [
            -72.0304921,
            11.6096008
          ],
          [
            -72.0304941,
            11.6096049
          ],
          [
            -72.0304961,
            11.6096089
          ],
          [
            -72.0304981,
            11.609613
          ],
          [
            -72.0305001,
            11.609617
          ],
          [
            -72.0305021,
            11.6096211
          ],
          [
            -72.030504,
            11.6096252
          ],
          [
            -72.0305059,
            11.6096293
          ],
          [
            -72.0305078,
            11.6096334
          ],
          [
            -72.0305097,
            11.6096376
          ],
          [
            -72.0305116,
            11.6096417
          ],
          [
            -72.0305134,
            11.6096458
          ],
          [
            -72.0305152,
            11.60965
          ],
          [
            -72.030517,
            11.6096541
          ],
          [
            -72.0305188,
            11.6096583
          ],
          [
            -72.0305205,
            11.6096625
          ],
          [
            -72.0305222,
            11.6096666
          ],
          [
            -72.030524,
            11.6096708
          ],
          [
            -72.0305256,
            11.609675
          ],
          [
            -72.0305273,
            11.6096792
          ],
          [
            -72.0305289,
            11.6096835
          ],
          [
            -72.0305306,
            11.6096877
          ],
          [
            -72.0305322,
            11.6096919
          ],
          [
            -72.0305337,
            11.6096962
          ],
          [
            -72.0305353,
            11.6097004
          ],
          [
            -72.0305368,
            11.6097047
          ],
          [
            -72.0305384,
            11.6097089
          ],
          [
            -72.0305398,
            11.6097132
          ],
          [
            -72.0305413,
            11.6097175
          ],
          [
            -72.0305428,
            11.6097217
          ],
          [
            -72.0305442,
            11.609726
          ],
          [
            -72.0305456,
            11.6097303
          ],
          [
            -72.030547,
            11.6097346
          ],
          [
            -72.0305483,
            11.609739
          ],
          [
            -72.0305497,
            11.6097433
          ],
          [
            -72.030551,
            11.6097476
          ],
          [
            -72.0305523,
            11.6097519
          ],
          [
            -72.0305536,
            11.6097563
          ],
          [
            -72.0305548,
            11.6097606
          ],
          [
            -72.030556,
            11.609765
          ],
          [
            -72.0305573,
            11.6097693
          ],
          [
            -72.0305584,
            11.6097737
          ],
          [
            -72.0305596,
            11.6097781
          ],
          [
            -72.0305607,
            11.6097824
          ],
          [
            -72.0305619,
            11.6097868
          ],
          [
            -72.030563,
            11.6097912
          ],
          [
            -72.030564,
            11.6097956
          ],
          [
            -72.0305651,
            11.6098
          ],
          [
            -72.0305661,
            11.6098044
          ],
          [
            -72.0305671,
            11.6098088
          ],
          [
            -72.0305681,
            11.6098132
          ],
          [
            -72.0305691,
            11.6098176
          ],
          [
            -72.03057,
            11.609822
          ],
          [
            -72.0305709,
            11.6098265
          ],
          [
            -72.0305718,
            11.6098309
          ],
          [
            -72.0305727,
            11.6098353
          ],
          [
            -72.0305735,
            11.6098397
          ],
          [
            -72.0305744,
            11.6098442
          ],
          [
            -72.0305752,
            11.6098486
          ],
          [
            -72.030576,
            11.6098531
          ],
          [
            -72.0305767,
            11.6098575
          ],
          [
            -72.0305775,
            11.609862
          ],
          [
            -72.0305782,
            11.6098665
          ],
          [
            -72.0305789,
            11.6098709
          ],
          [
            -72.0305795,
            11.6098754
          ],
          [
            -72.0305799,
            11.6098778
          ],
          [
            -72.0305802,
            11.6098799
          ],
          [
            -72.0305808,
            11.6098843
          ],
          [
            -72.0305815,
            11.6098888
          ],
          [
            -72.0305821,
            11.6098933
          ],
          [
            -72.0305828,
            11.6098977
          ],
          [
            -72.0305834,
            11.6099022
          ],
          [
            -72.0305841,
            11.6099067
          ],
          [
            -72.0305847,
            11.6099112
          ],
          [
            -72.0305854,
            11.6099156
          ],
          [
            -72.030586,
            11.6099201
          ],
          [
            -72.0305867,
            11.6099246
          ],
          [
            -72.0305873,
            11.609929
          ],
          [
            -72.0305879,
            11.6099335
          ],
          [
            -72.0305886,
            11.609938
          ],
          [
            -72.0305892,
            11.6099424
          ],
          [
            -72.0305899,
            11.6099469
          ],
          [
            -72.0305905,
            11.6099514
          ],
          [
            -72.0305912,
            11.6099559
          ],
          [
            -72.0305918,
            11.6099603
          ],
          [
            -72.0305925,
            11.6099648
          ],
          [
            -72.0305931,
            11.6099693
          ],
          [
            -72.0305938,
            11.6099737
          ],
          [
            -72.0305944,
            11.6099782
          ],
          [
            -72.030595,
            11.6099827
          ],
          [
            -72.0305957,
            11.6099872
          ],
          [
            -72.0305963,
            11.6099916
          ],
          [
            -72.030597,
            11.6099961
          ],
          [
            -72.0305976,
            11.6100006
          ],
          [
            -72.0305983,
            11.610005
          ],
          [
            -72.0305989,
            11.6100095
          ],
          [
            -72.0305996,
            11.610014
          ],
          [
            -72.0306002,
            11.6100185
          ],
          [
            -72.0306009,
            11.6100229
          ],
          [
            -72.0306015,
            11.6100274
          ],
          [
            -72.0306022,
            11.6100319
          ],
          [
            -72.0306028,
            11.6100363
          ],
          [
            -72.0306035,
            11.6100408
          ],
          [
            -72.0306041,
            11.6100453
          ],
          [
            -72.0306047,
            11.6100497
          ],
          [
            -72.0306054,
            11.6100542
          ],
          [
            -72.030606,
            11.6100587
          ],
          [
            -72.0306067,
            11.6100632
          ],
          [
            -72.0306073,
            11.6100676
          ],
          [
            -72.030608,
            11.6100721
          ],
          [
            -72.0306086,
            11.6100766
          ],
          [
            -72.0306093,
            11.610081
          ],
          [
            -72.0306099,
            11.6100855
          ],
          [
            -72.0306106,
            11.61009
          ],
          [
            -72.0306112,
            11.6100945
          ],
          [
            -72.0306118,
            11.6100989
          ],
          [
            -72.0306125,
            11.6101034
          ],
          [
            -72.0306131,
            11.6101079
          ],
          [
            -72.0306138,
            11.6101123
          ],
          [
            -72.0306144,
            11.6101168
          ],
          [
            -72.0306151,
            11.6101213
          ],
          [
            -72.0306157,
            11.6101258
          ],
          [
            -72.0306164,
            11.6101302
          ],
          [
            -72.030617,
            11.6101347
          ],
          [
            -72.0306177,
            11.6101392
          ],
          [
            -72.0306183,
            11.6101436
          ],
          [
            -72.030619,
            11.6101481
          ],
          [
            -72.0306196,
            11.6101526
          ],
          [
            -72.0306203,
            11.6101571
          ],
          [
            -72.0306209,
            11.6101615
          ],
          [
            -72.0306215,
            11.610166
          ],
          [
            -72.0306222,
            11.6101705
          ],
          [
            -72.0306228,
            11.6101749
          ],
          [
            -72.0306235,
            11.6101794
          ],
          [
            -72.0306241,
            11.6101839
          ],
          [
            -72.0306248,
            11.6101883
          ],
          [
            -72.0306254,
            11.6101928
          ],
          [
            -72.0306261,
            11.6101973
          ],
          [
            -72.0306267,
            11.6102018
          ],
          [
            -72.0306274,
            11.6102062
          ],
          [
            -72.030628,
            11.6102107
          ],
          [
            -72.0306287,
            11.6102152
          ],
          [
            -72.0306293,
            11.6102196
          ],
          [
            -72.0306299,
            11.6102241
          ],
          [
            -72.0306306,
            11.6102286
          ],
          [
            -72.0306312,
            11.6102331
          ],
          [
            -72.0306319,
            11.6102375
          ],
          [
            -72.0306325,
            11.610242
          ],
          [
            -72.0306332,
            11.6102465
          ],
          [
            -72.0306338,
            11.6102509
          ],
          [
            -72.0306345,
            11.6102554
          ],
          [
            -72.0306351,
            11.6102599
          ],
          [
            -72.0306358,
            11.6102643
          ],
          [
            -72.0306364,
            11.6102688
          ],
          [
            -72.0306371,
            11.6102733
          ],
          [
            -72.0306377,
            11.6102778
          ],
          [
            -72.0306383,
            11.6102822
          ],
          [
            -72.030639,
            11.6102867
          ],
          [
            -72.0306396,
            11.6102912
          ],
          [
            -72.0306403,
            11.6102956
          ],
          [
            -72.0306409,
            11.6103001
          ],
          [
            -72.0306416,
            11.6103046
          ],
          [
            -72.0306422,
            11.6103091
          ],
          [
            -72.0306429,
            11.6103135
          ],
          [
            -72.0306435,
            11.610318
          ],
          [
            -72.0306442,
            11.6103225
          ],
          [
            -72.0306448,
            11.6103269
          ],
          [
            -72.0306455,
            11.6103314
          ],
          [
            -72.0306461,
            11.6103359
          ],
          [
            -72.0306468,
            11.6103403
          ],
          [
            -72.0306474,
            11.6103448
          ],
          [
            -72.030648,
            11.6103493
          ],
          [
            -72.0306487,
            11.6103538
          ],
          [
            -72.0306493,
            11.6103582
          ],
          [
            -72.03065,
            11.6103627
          ],
          [
            -72.0306506,
            11.6103672
          ],
          [
            -72.0306513,
            11.6103716
          ],
          [
            -72.0306519,
            11.6103761
          ],
          [
            -72.0306526,
            11.6103806
          ],
          [
            -72.0306532,
            11.6103851
          ],
          [
            -72.0306539,
            11.6103895
          ],
          [
            -72.0306545,
            11.610394
          ],
          [
            -72.0306552,
            11.6103985
          ],
          [
            -72.0306558,
            11.6104029
          ],
          [
            -72.0306564,
            11.6104074
          ],
          [
            -72.0306571,
            11.6104119
          ],
          [
            -72.0306577,
            11.6104163
          ],
          [
            -72.0306584,
            11.6104208
          ],
          [
            -72.030659,
            11.6104253
          ],
          [
            -72.0306597,
            11.6104298
          ],
          [
            -72.0306603,
            11.6104342
          ],
          [
            -72.030661,
            11.6104387
          ],
          [
            -72.0306616,
            11.6104432
          ],
          [
            -72.0306623,
            11.6104477
          ],
          [
            -72.0306629,
            11.6104521
          ],
          [
            -72.0306636,
            11.6104566
          ],
          [
            -72.0306642,
            11.6104611
          ],
          [
            -72.0306648,
            11.6104655
          ],
          [
            -72.0306655,
            11.61047
          ],
          [
            -72.0306661,
            11.6104745
          ],
          [
            -72.0306668,
            11.610479
          ],
          [
            -72.0306674,
            11.6104834
          ],
          [
            -72.0306681,
            11.6104879
          ],
          [
            -72.0306687,
            11.6104924
          ],
          [
            -72.0306694,
            11.6104968
          ],
          [
            -72.03067,
            11.6105013
          ],
          [
            -72.0306707,
            11.6105058
          ],
          [
            -72.0306713,
            11.6105102
          ],
          [
            -72.030672,
            11.6105147
          ],
          [
            -72.0306726,
            11.6105192
          ],
          [
            -72.0306733,
            11.6105237
          ],
          [
            -72.0306739,
            11.6105281
          ],
          [
            -72.0306745,
            11.6105326
          ],
          [
            -72.0306752,
            11.6105371
          ],
          [
            -72.0306758,
            11.6105415
          ],
          [
            -72.0306765,
            11.610546
          ],
          [
            -72.0306771,
            11.6105505
          ],
          [
            -72.0306778,
            11.610555
          ],
          [
            -72.0306784,
            11.6105594
          ],
          [
            -72.0306791,
            11.6105639
          ],
          [
            -72.0306797,
            11.6105684
          ],
          [
            -72.0306804,
            11.6105728
          ],
          [
            -72.030681,
            11.6105773
          ],
          [
            -72.0306817,
            11.6105818
          ],
          [
            -72.0306823,
            11.6105862
          ],
          [
            -72.0306829,
            11.6105907
          ],
          [
            -72.0306836,
            11.6105952
          ],
          [
            -72.0306842,
            11.6105997
          ],
          [
            -72.0306849,
            11.6106041
          ],
          [
            -72.0306855,
            11.6106086
          ],
          [
            -72.0306862,
            11.6106131
          ],
          [
            -72.0306868,
            11.6106175
          ],
          [
            -72.0306875,
            11.610622
          ],
          [
            -72.0306881,
            11.6106265
          ],
          [
            -72.0306888,
            11.610631
          ],
          [
            -72.0306894,
            11.6106354
          ],
          [
            -72.0306901,
            11.6106399
          ],
          [
            -72.0306907,
            11.6106444
          ],
          [
            -72.0306913,
            11.6106488
          ],
          [
            -72.030692,
            11.6106533
          ],
          [
            -72.0306926,
            11.6106578
          ],
          [
            -72.0306933,
            11.6106622
          ],
          [
            -72.0306939,
            11.6106667
          ],
          [
            -72.0306946,
            11.6106712
          ],
          [
            -72.0306952,
            11.6106757
          ],
          [
            -72.0306959,
            11.6106801
          ],
          [
            -72.0306965,
            11.6106846
          ],
          [
            -72.0306972,
            11.6106891
          ],
          [
            -72.0306978,
            11.6106935
          ],
          [
            -72.0306985,
            11.610698
          ],
          [
            -72.0306991,
            11.6107025
          ],
          [
            -72.0306998,
            11.610707
          ],
          [
            -72.0307004,
            11.6107114
          ],
          [
            -72.030701,
            11.6107159
          ],
          [
            -72.0307017,
            11.6107204
          ],
          [
            -72.0307023,
            11.6107248
          ],
          [
            -72.030703,
            11.6107293
          ],
          [
            -72.0307036,
            11.6107338
          ],
          [
            -72.0307043,
            11.6107382
          ],
          [
            -72.0307049,
            11.6107427
          ],
          [
            -72.0307056,
            11.6107472
          ],
          [
            -72.0307062,
            11.6107517
          ],
          [
            -72.0307069,
            11.6107561
          ],
          [
            -72.0307075,
            11.6107606
          ],
          [
            -72.0307082,
            11.6107651
          ],
          [
            -72.0307088,
            11.6107695
          ],
          [
            -72.0307094,
            11.610774
          ],
          [
            -72.0307101,
            11.6107785
          ],
          [
            -72.0307107,
            11.610783
          ],
          [
            -72.0307114,
            11.6107874
          ],
          [
            -72.030712,
            11.6107919
          ],
          [
            -72.0307127,
            11.6107964
          ],
          [
            -72.0307133,
            11.6108008
          ],
          [
            -72.030714,
            11.6108053
          ],
          [
            -72.0307146,
            11.6108098
          ],
          [
            -72.0307153,
            11.6108143
          ],
          [
            -72.0307159,
            11.6108187
          ],
          [
            -72.0307166,
            11.6108232
          ],
          [
            -72.0307172,
            11.6108277
          ],
          [
            -72.0307178,
            11.6108321
          ],
          [
            -72.0307185,
            11.6108366
          ],
          [
            -72.0307191,
            11.6108411
          ],
          [
            -72.0307198,
            11.6108455
          ],
          [
            -72.0307204,
            11.61085
          ],
          [
            -72.0307211,
            11.6108545
          ],
          [
            -72.0307217,
            11.610859
          ],
          [
            -72.0307224,
            11.6108634
          ],
          [
            -72.030723,
            11.6108679
          ],
          [
            -72.0307237,
            11.6108724
          ],
          [
            -72.0307243,
            11.6108768
          ],
          [
            -72.030725,
            11.6108813
          ],
          [
            -72.0307256,
            11.6108858
          ],
          [
            -72.0307262,
            11.6108903
          ],
          [
            -72.0307269,
            11.6108947
          ],
          [
            -72.0307275,
            11.6108992
          ],
          [
            -72.0307282,
            11.6109037
          ],
          [
            -72.0307288,
            11.6109081
          ],
          [
            -72.0307295,
            11.6109126
          ],
          [
            -72.0307301,
            11.6109171
          ],
          [
            -72.0307308,
            11.6109216
          ],
          [
            -72.0307314,
            11.610926
          ],
          [
            -72.0307321,
            11.6109305
          ],
          [
            -72.0307327,
            11.610935
          ],
          [
            -72.0307334,
            11.6109394
          ],
          [
            -72.030734,
            11.6109439
          ],
          [
            -72.0307346,
            11.6109484
          ],
          [
            -72.0307353,
            11.6109529
          ],
          [
            -72.0307359,
            11.6109573
          ],
          [
            -72.0307366,
            11.6109618
          ],
          [
            -72.0307372,
            11.6109663
          ],
          [
            -72.0307379,
            11.6109707
          ],
          [
            -72.0307385,
            11.6109752
          ],
          [
            -72.0307392,
            11.6109797
          ],
          [
            -72.0307398,
            11.6109841
          ],
          [
            -72.0307405,
            11.6109886
          ],
          [
            -72.0307411,
            11.6109931
          ],
          [
            -72.0307417,
            11.6109976
          ],
          [
            -72.0307424,
            11.611002
          ],
          [
            -72.030743,
            11.6110065
          ],
          [
            -72.0307437,
            11.611011
          ],
          [
            -72.0307443,
            11.6110154
          ],
          [
            -72.030745,
            11.6110199
          ],
          [
            -72.0307456,
            11.6110244
          ],
          [
            -72.0307463,
            11.6110289
          ],
          [
            -72.0307469,
            11.6110333
          ],
          [
            -72.0307476,
            11.6110378
          ],
          [
            -72.0307482,
            11.6110423
          ],
          [
            -72.0307489,
            11.6110467
          ],
          [
            -72.0307495,
            11.6110512
          ],
          [
            -72.0307502,
            11.6110557
          ],
          [
            -72.0307508,
            11.6110601
          ],
          [
            -72.0307514,
            11.6110646
          ],
          [
            -72.0307521,
            11.6110691
          ],
          [
            -72.0307527,
            11.6110736
          ],
          [
            -72.0307534,
            11.611078
          ],
          [
            -72.030754,
            11.6110825
          ],
          [
            -72.0307547,
            11.611087
          ],
          [
            -72.0307553,
            11.6110914
          ],
          [
            -72.030756,
            11.6110959
          ],
          [
            -72.0307566,
            11.6111004
          ],
          [
            -72.0307573,
            11.6111049
          ],
          [
            -72.0307579,
            11.6111093
          ],
          [
            -72.0307586,
            11.6111138
          ],
          [
            -72.0307592,
            11.6111183
          ],
          [
            -72.0307598,
            11.6111227
          ],
          [
            -72.0307605,
            11.6111272
          ],
          [
            -72.0307611,
            11.6111317
          ],
          [
            -72.0307618,
            11.6111361
          ],
          [
            -72.0307624,
            11.6111406
          ],
          [
            -72.0307631,
            11.6111451
          ],
          [
            -72.0307637,
            11.6111496
          ],
          [
            -72.0307644,
            11.611154
          ],
          [
            -72.030765,
            11.6111585
          ],
          [
            -72.0307657,
            11.611163
          ],
          [
            -72.0307663,
            11.6111674
          ],
          [
            -72.030767,
            11.6111719
          ],
          [
            -72.0307676,
            11.6111764
          ],
          [
            -72.0307682,
            11.6111809
          ],
          [
            -72.0307689,
            11.6111853
          ],
          [
            -72.0307695,
            11.6111898
          ],
          [
            -72.0307702,
            11.6111943
          ],
          [
            -72.0307708,
            11.6111987
          ],
          [
            -72.0307715,
            11.6112032
          ],
          [
            -72.0307721,
            11.6112077
          ],
          [
            -72.0307728,
            11.6112121
          ],
          [
            -72.0307734,
            11.6112166
          ],
          [
            -72.0307741,
            11.6112211
          ],
          [
            -72.0307747,
            11.6112256
          ],
          [
            -72.0307754,
            11.61123
          ],
          [
            -72.030776,
            11.6112345
          ],
          [
            -72.0307767,
            11.611239
          ],
          [
            -72.0307773,
            11.6112434
          ],
          [
            -72.0307779,
            11.6112479
          ],
          [
            -72.0307786,
            11.6112524
          ],
          [
            -72.0307792,
            11.6112569
          ],
          [
            -72.0307799,
            11.6112613
          ],
          [
            -72.0307805,
            11.6112658
          ],
          [
            -72.0307812,
            11.6112703
          ],
          [
            -72.0307818,
            11.6112747
          ],
          [
            -72.0307825,
            11.6112792
          ],
          [
            -72.0307831,
            11.6112837
          ],
          [
            -72.0307838,
            11.6112882
          ],
          [
            -72.0307844,
            11.6112926
          ],
          [
            -72.0307851,
            11.6112971
          ],
          [
            -72.0307857,
            11.6113016
          ],
          [
            -72.0307863,
            11.611306
          ],
          [
            -72.030787,
            11.6113105
          ],
          [
            -72.0307876,
            11.611315
          ],
          [
            -72.0307883,
            11.6113195
          ],
          [
            -72.0307889,
            11.6113239
          ],
          [
            -72.0307896,
            11.6113284
          ],
          [
            -72.0307902,
            11.6113329
          ],
          [
            -72.0307909,
            11.6113373
          ],
          [
            -72.0307915,
            11.6113418
          ],
          [
            -72.0307922,
            11.6113463
          ],
          [
            -72.0307928,
            11.6113508
          ],
          [
            -72.0307935,
            11.6113552
          ],
          [
            -72.0307941,
            11.6113597
          ],
          [
            -72.0307947,
            11.6113642
          ],
          [
            -72.0307954,
            11.6113686
          ],
          [
            -72.030796,
            11.6113731
          ],
          [
            -72.0307967,
            11.6113776
          ],
          [
            -72.0307973,
            11.611382
          ],
          [
            -72.030798,
            11.6113865
          ],
          [
            -72.0307986,
            11.611391
          ],
          [
            -72.0307993,
            11.6113955
          ],
          [
            -72.0307999,
            11.6113999
          ],
          [
            -72.0308006,
            11.6114044
          ],
          [
            -72.0308012,
            11.6114089
          ],
          [
            -72.0308019,
            11.6114133
          ],
          [
            -72.0308025,
            11.6114178
          ],
          [
            -72.0308032,
            11.6114223
          ],
          [
            -72.0308038,
            11.6114268
          ],
          [
            -72.0308044,
            11.6114312
          ],
          [
            -72.0308051,
            11.6114357
          ],
          [
            -72.0308057,
            11.6114402
          ],
          [
            -72.0308064,
            11.6114446
          ],
          [
            -72.030807,
            11.6114491
          ],
          [
            -72.0308077,
            11.6114536
          ],
          [
            -72.0308083,
            11.611458
          ],
          [
            -72.030809,
            11.6114625
          ],
          [
            -72.0308096,
            11.611467
          ],
          [
            -72.0308103,
            11.6114715
          ],
          [
            -72.0308109,
            11.6114759
          ],
          [
            -72.0308116,
            11.6114804
          ],
          [
            -72.0308122,
            11.6114849
          ],
          [
            -72.0308128,
            11.6114893
          ],
          [
            -72.0308135,
            11.6114938
          ],
          [
            -72.0308141,
            11.6114983
          ],
          [
            -72.0308148,
            11.6115028
          ],
          [
            -72.0308154,
            11.6115072
          ],
          [
            -72.0308161,
            11.6115117
          ],
          [
            -72.0308167,
            11.6115162
          ],
          [
            -72.0308174,
            11.6115206
          ],
          [
            -72.030818,
            11.6115251
          ],
          [
            -72.0308187,
            11.6115296
          ],
          [
            -72.0308193,
            11.611534
          ],
          [
            -72.03082,
            11.6115385
          ],
          [
            -72.0308206,
            11.611543
          ],
          [
            -72.0308212,
            11.6115475
          ],
          [
            -72.0308219,
            11.6115519
          ],
          [
            -72.0308225,
            11.6115564
          ],
          [
            -72.0308232,
            11.6115609
          ],
          [
            -72.0308238,
            11.6115653
          ],
          [
            -72.0308245,
            11.6115698
          ],
          [
            -72.0308251,
            11.6115743
          ],
          [
            -72.0308258,
            11.6115788
          ],
          [
            -72.0308264,
            11.6115832
          ],
          [
            -72.0308271,
            11.6115877
          ],
          [
            -72.0308277,
            11.6115922
          ],
          [
            -72.0308284,
            11.6115966
          ],
          [
            -72.030829,
            11.6116011
          ],
          [
            -72.0308297,
            11.6116056
          ],
          [
            -72.0308303,
            11.6116101
          ],
          [
            -72.0308309,
            11.6116145
          ],
          [
            -72.0308316,
            11.611619
          ],
          [
            -72.0308322,
            11.6116235
          ],
          [
            -72.0308329,
            11.6116279
          ],
          [
            -72.0308335,
            11.6116324
          ],
          [
            -72.0308342,
            11.6116369
          ],
          [
            -72.0308348,
            11.6116414
          ],
          [
            -72.0308355,
            11.6116458
          ],
          [
            -72.0308361,
            11.6116503
          ],
          [
            -72.0308368,
            11.6116548
          ],
          [
            -72.0308374,
            11.6116592
          ],
          [
            -72.0308381,
            11.6116637
          ],
          [
            -72.0308387,
            11.6116682
          ],
          [
            -72.0308393,
            11.6116726
          ],
          [
            -72.03084,
            11.6116771
          ],
          [
            -72.0308406,
            11.6116816
          ],
          [
            -72.0308413,
            11.6116861
          ],
          [
            -72.0308419,
            11.6116905
          ],
          [
            -72.0308426,
            11.611695
          ],
          [
            -72.0308432,
            11.6116995
          ],
          [
            -72.0308439,
            11.6117039
          ],
          [
            -72.0308445,
            11.6117084
          ],
          [
            -72.0308452,
            11.6117129
          ],
          [
            -72.0308458,
            11.6117174
          ],
          [
            -72.0308464,
            11.6117218
          ],
          [
            -72.0308471,
            11.6117263
          ],
          [
            -72.0308477,
            11.6117308
          ],
          [
            -72.0308484,
            11.6117352
          ],
          [
            -72.030849,
            11.6117397
          ],
          [
            -72.0308497,
            11.6117442
          ],
          [
            -72.0308503,
            11.6117486
          ],
          [
            -72.030851,
            11.6117531
          ],
          [
            -72.0308516,
            11.6117576
          ],
          [
            -72.0308523,
            11.6117621
          ],
          [
            -72.0308529,
            11.6117665
          ],
          [
            -72.0308536,
            11.611771
          ],
          [
            -72.0308542,
            11.6117755
          ],
          [
            -72.0308548,
            11.6117799
          ],
          [
            -72.0308555,
            11.6117844
          ],
          [
            -72.0308561,
            11.6117889
          ],
          [
            -72.0308568,
            11.6117934
          ],
          [
            -72.0308574,
            11.6117978
          ],
          [
            -72.0308581,
            11.6118023
          ],
          [
            -72.0308587,
            11.6118068
          ],
          [
            -72.0308594,
            11.6118112
          ],
          [
            -72.03086,
            11.6118157
          ],
          [
            -72.0308607,
            11.6118202
          ],
          [
            -72.0308613,
            11.6118246
          ],
          [
            -72.030862,
            11.6118291
          ],
          [
            -72.0308626,
            11.6118336
          ],
          [
            -72.0308632,
            11.6118381
          ],
          [
            -72.0308639,
            11.6118425
          ],
          [
            -72.0308645,
            11.611847
          ],
          [
            -72.0308652,
            11.6118515
          ],
          [
            -72.0308658,
            11.6118559
          ],
          [
            -72.0308665,
            11.6118604
          ],
          [
            -72.0308671,
            11.6118649
          ],
          [
            -72.0308678,
            11.6118694
          ],
          [
            -72.0308684,
            11.6118738
          ],
          [
            -72.0308691,
            11.6118783
          ],
          [
            -72.0308697,
            11.6118828
          ],
          [
            -72.0308704,
            11.6118872
          ],
          [
            -72.030871,
            11.6118917
          ],
          [
            -72.0308717,
            11.6118962
          ],
          [
            -72.0308723,
            11.6119007
          ],
          [
            -72.0308729,
            11.6119051
          ],
          [
            -72.0308736,
            11.6119096
          ],
          [
            -72.0308742,
            11.6119141
          ],
          [
            -72.0308749,
            11.6119185
          ],
          [
            -72.0308755,
            11.611923
          ],
          [
            -72.0308762,
            11.6119275
          ],
          [
            -72.0308768,
            11.6119319
          ],
          [
            -72.0308775,
            11.6119364
          ],
          [
            -72.0308781,
            11.6119409
          ],
          [
            -72.0308788,
            11.6119454
          ],
          [
            -72.0308794,
            11.6119498
          ],
          [
            -72.0308801,
            11.6119543
          ],
          [
            -72.0308807,
            11.6119588
          ],
          [
            -72.0308813,
            11.6119632
          ],
          [
            -72.030882,
            11.6119677
          ],
          [
            -72.0308826,
            11.6119722
          ],
          [
            -72.0308833,
            11.6119767
          ],
          [
            -72.0308839,
            11.6119811
          ],
          [
            -72.0308846,
            11.6119856
          ],
          [
            -72.0308852,
            11.6119901
          ],
          [
            -72.0308859,
            11.6119945
          ],
          [
            -72.0308865,
            11.611999
          ],
          [
            -72.0308872,
            11.6120035
          ],
          [
            -72.0308878,
            11.612008
          ],
          [
            -72.0308885,
            11.6120124
          ],
          [
            -72.0308891,
            11.6120169
          ],
          [
            -72.0308897,
            11.6120214
          ],
          [
            -72.0308904,
            11.6120258
          ],
          [
            -72.030891,
            11.6120303
          ],
          [
            -72.0308917,
            11.6120348
          ],
          [
            -72.0308923,
            11.6120393
          ],
          [
            -72.030893,
            11.6120437
          ],
          [
            -72.0308936,
            11.6120482
          ],
          [
            -72.0308943,
            11.6120527
          ],
          [
            -72.0308949,
            11.6120571
          ],
          [
            -72.0308956,
            11.6120616
          ],
          [
            -72.0308962,
            11.6120661
          ],
          [
            -72.0308969,
            11.6120705
          ],
          [
            -72.0308975,
            11.612075
          ],
          [
            -72.0308982,
            11.6120795
          ],
          [
            -72.0308988,
            11.612084
          ],
          [
            -72.0308994,
            11.6120884
          ],
          [
            -72.0309001,
            11.6120929
          ],
          [
            -72.0309007,
            11.6120974
          ],
          [
            -72.0309014,
            11.6121018
          ],
          [
            -72.030902,
            11.6121063
          ],
          [
            -72.0309027,
            11.6121108
          ],
          [
            -72.0309033,
            11.6121153
          ],
          [
            -72.030904,
            11.6121197
          ],
          [
            -72.0309046,
            11.6121242
          ],
          [
            -72.0309053,
            11.6121287
          ],
          [
            -72.0309059,
            11.6121331
          ],
          [
            -72.0309066,
            11.6121376
          ],
          [
            -72.0309072,
            11.6121421
          ],
          [
            -72.0309078,
            11.6121465
          ],
          [
            -72.0309085,
            11.612151
          ],
          [
            -72.0309091,
            11.6121555
          ],
          [
            -72.0309098,
            11.61216
          ],
          [
            -72.0309104,
            11.6121644
          ],
          [
            -72.0309111,
            11.6121689
          ],
          [
            -72.0309117,
            11.6121734
          ],
          [
            -72.0309124,
            11.6121778
          ],
          [
            -72.030913,
            11.6121823
          ],
          [
            -72.0309137,
            11.6121868
          ],
          [
            -72.0309143,
            11.6121913
          ],
          [
            -72.030915,
            11.6121957
          ],
          [
            -72.0309156,
            11.6122002
          ],
          [
            -72.0309162,
            11.6122047
          ],
          [
            -72.0309169,
            11.6122091
          ],
          [
            -72.0309175,
            11.6122136
          ],
          [
            -72.0309182,
            11.6122181
          ],
          [
            -72.0309188,
            11.6122225
          ],
          [
            -72.0309195,
            11.612227
          ],
          [
            -72.0309201,
            11.6122315
          ],
          [
            -72.0309208,
            11.612236
          ],
          [
            -72.0309214,
            11.6122404
          ],
          [
            -72.0309221,
            11.6122449
          ],
          [
            -72.0309227,
            11.6122494
          ],
          [
            -72.0309234,
            11.6122538
          ],
          [
            -72.030924,
            11.6122583
          ],
          [
            -72.0309247,
            11.6122628
          ],
          [
            -72.0309253,
            11.6122673
          ],
          [
            -72.0309259,
            11.6122717
          ],
          [
            -72.0309266,
            11.6122762
          ],
          [
            -72.0309272,
            11.6122807
          ],
          [
            -72.0309279,
            11.6122851
          ],
          [
            -72.0309285,
            11.6122896
          ],
          [
            -72.0309292,
            11.6122941
          ],
          [
            -72.0309298,
            11.6122985
          ],
          [
            -72.0309305,
            11.612303
          ],
          [
            -72.0309311,
            11.6123075
          ],
          [
            -72.0309318,
            11.612312
          ],
          [
            -72.0309324,
            11.6123164
          ],
          [
            -72.0309331,
            11.6123209
          ],
          [
            -72.0309337,
            11.6123254
          ],
          [
            -72.0309343,
            11.6123298
          ],
          [
            -72.030935,
            11.6123343
          ],
          [
            -72.0309356,
            11.6123388
          ],
          [
            -72.0309363,
            11.6123433
          ],
          [
            -72.0309369,
            11.6123477
          ],
          [
            -72.0309376,
            11.6123522
          ],
          [
            -72.0309382,
            11.6123567
          ],
          [
            -72.0309389,
            11.6123611
          ],
          [
            -72.0309395,
            11.6123656
          ],
          [
            -72.0309402,
            11.6123701
          ],
          [
            -72.0309408,
            11.6123746
          ],
          [
            -72.0309415,
            11.612379
          ],
          [
            -72.0309421,
            11.6123835
          ],
          [
            -72.0309427,
            11.612388
          ],
          [
            -72.0309434,
            11.6123924
          ],
          [
            -72.030944,
            11.6123969
          ],
          [
            -72.0309447,
            11.6124014
          ],
          [
            -72.0309453,
            11.6124059
          ],
          [
            -72.030946,
            11.6124103
          ],
          [
            -72.0309466,
            11.6124148
          ],
          [
            -72.0309473,
            11.6124193
          ],
          [
            -72.0309479,
            11.6124237
          ],
          [
            -72.0309486,
            11.6124282
          ],
          [
            -72.0309492,
            11.6124327
          ],
          [
            -72.0309499,
            11.6124371
          ],
          [
            -72.0309505,
            11.6124416
          ],
          [
            -72.0309511,
            11.6124461
          ],
          [
            -72.0309518,
            11.6124506
          ],
          [
            -72.0309524,
            11.612455
          ],
          [
            -72.0309531,
            11.6124595
          ],
          [
            -72.0309537,
            11.612464
          ],
          [
            -72.0309544,
            11.6124684
          ],
          [
            -72.030955,
            11.6124729
          ],
          [
            -72.0309557,
            11.6124774
          ],
          [
            -72.0309563,
            11.6124819
          ],
          [
            -72.030957,
            11.6124863
          ],
          [
            -72.0309576,
            11.6124908
          ],
          [
            -72.0309583,
            11.6124953
          ],
          [
            -72.0309589,
            11.6124997
          ],
          [
            -72.0309595,
            11.6125042
          ],
          [
            -72.0309602,
            11.6125087
          ],
          [
            -72.0309608,
            11.6125132
          ],
          [
            -72.0309615,
            11.6125176
          ],
          [
            -72.0309621,
            11.6125221
          ],
          [
            -72.0309628,
            11.6125266
          ],
          [
            -72.0309634,
            11.612531
          ],
          [
            -72.0309641,
            11.6125355
          ],
          [
            -72.0309647,
            11.61254
          ],
          [
            -72.0309654,
            11.6125444
          ],
          [
            -72.030966,
            11.6125489
          ],
          [
            -72.0309667,
            11.6125534
          ],
          [
            -72.0309673,
            11.6125579
          ],
          [
            -72.030968,
            11.6125623
          ],
          [
            -72.0309686,
            11.6125668
          ],
          [
            -72.0309692,
            11.6125713
          ],
          [
            -72.0309699,
            11.6125757
          ],
          [
            -72.0309705,
            11.6125802
          ],
          [
            -72.0309712,
            11.6125847
          ],
          [
            -72.0309718,
            11.6125892
          ],
          [
            -72.0309725,
            11.6125936
          ],
          [
            -72.0309731,
            11.6125981
          ],
          [
            -72.0309738,
            11.6126026
          ],
          [
            -72.0309744,
            11.612607
          ],
          [
            -72.0309751,
            11.6126115
          ],
          [
            -72.0309757,
            11.612616
          ],
          [
            -72.0309763,
            11.6126204
          ],
          [
            -72.030977,
            11.6126249
          ],
          [
            -72.0309776,
            11.6126294
          ],
          [
            -72.0309783,
            11.6126339
          ],
          [
            -72.0309789,
            11.6126383
          ],
          [
            -72.0309796,
            11.6126428
          ],
          [
            -72.0309802,
            11.6126473
          ],
          [
            -72.0309809,
            11.6126517
          ],
          [
            -72.0309815,
            11.6126562
          ],
          [
            -72.0309822,
            11.6126607
          ],
          [
            -72.0309828,
            11.6126652
          ],
          [
            -72.0309835,
            11.6126696
          ],
          [
            -72.0309841,
            11.6126741
          ],
          [
            -72.0309848,
            11.6126786
          ],
          [
            -72.0309854,
            11.612683
          ],
          [
            -72.030986,
            11.6126875
          ],
          [
            -72.0309867,
            11.612692
          ],
          [
            -72.0309873,
            11.6126964
          ],
          [
            -72.030988,
            11.6127009
          ],
          [
            -72.0309886,
            11.6127054
          ],
          [
            -72.0309893,
            11.6127099
          ],
          [
            -72.0309899,
            11.6127143
          ],
          [
            -72.0309906,
            11.6127188
          ],
          [
            -72.0309912,
            11.6127233
          ],
          [
            -72.0309919,
            11.6127277
          ],
          [
            -72.0309925,
            11.6127322
          ],
          [
            -72.0309932,
            11.6127367
          ],
          [
            -72.0309938,
            11.6127412
          ],
          [
            -72.0309944,
            11.6127456
          ],
          [
            -72.0309951,
            11.6127501
          ],
          [
            -72.0309957,
            11.6127546
          ],
          [
            -72.0309964,
            11.612759
          ],
          [
            -72.030997,
            11.6127635
          ],
          [
            -72.0309977,
            11.612768
          ],
          [
            -72.0309983,
            11.6127725
          ],
          [
            -72.030999,
            11.6127769
          ],
          [
            -72.0309996,
            11.6127814
          ],
          [
            -72.0310003,
            11.6127859
          ],
          [
            -72.0310009,
            11.6127903
          ],
          [
            -72.0310016,
            11.6127948
          ],
          [
            -72.0310022,
            11.6127993
          ],
          [
            -72.0310028,
            11.6128038
          ],
          [
            -72.0310035,
            11.6128082
          ],
          [
            -72.0310041,
            11.6128127
          ],
          [
            -72.0310048,
            11.6128172
          ],
          [
            -72.0310054,
            11.6128216
          ],
          [
            -72.0310061,
            11.6128261
          ],
          [
            -72.0310067,
            11.6128306
          ],
          [
            -72.0310074,
            11.6128351
          ],
          [
            -72.031008,
            11.6128395
          ],
          [
            -72.0310087,
            11.612844
          ],
          [
            -72.0310093,
            11.6128485
          ],
          [
            -72.03101,
            11.6128529
          ],
          [
            -72.0310106,
            11.6128574
          ],
          [
            -72.0310112,
            11.6128619
          ],
          [
            -72.0310119,
            11.6128663
          ],
          [
            -72.0310125,
            11.6128708
          ],
          [
            -72.0310132,
            11.6128753
          ],
          [
            -72.0310138,
            11.6128798
          ],
          [
            -72.0310145,
            11.6128842
          ],
          [
            -72.0310151,
            11.6128887
          ],
          [
            -72.0310158,
            11.6128932
          ],
          [
            -72.0310164,
            11.6128976
          ],
          [
            -72.0310171,
            11.6129021
          ],
          [
            -72.0310177,
            11.6129066
          ],
          [
            -72.0310184,
            11.6129111
          ],
          [
            -72.031019,
            11.6129155
          ],
          [
            -72.0310197,
            11.61292
          ],
          [
            -72.0310203,
            11.6129245
          ],
          [
            -72.0310209,
            11.6129289
          ],
          [
            -72.0310216,
            11.6129334
          ],
          [
            -72.0310222,
            11.6129379
          ],
          [
            -72.0310229,
            11.6129423
          ],
          [
            -72.0310235,
            11.6129468
          ],
          [
            -72.0310242,
            11.6129513
          ],
          [
            -72.0310248,
            11.6129558
          ],
          [
            -72.0310253,
            11.612959
          ],
          [
            -72.0310255,
            11.6129602
          ],
          [
            -72.0310261,
            11.6129647
          ],
          [
            -72.0310268,
            11.6129692
          ],
          [
            -72.0310274,
            11.6129736
          ],
          [
            -72.0310281,
            11.6129781
          ],
          [
            -72.0310287,
            11.6129826
          ],
          [
            -72.0310293,
            11.6129871
          ],
          [
            -72.03103,
            11.6129915
          ],
          [
            -72.0310306,
            11.612996
          ],
          [
            -72.0310313,
            11.6130005
          ],
          [
            -72.0310319,
            11.6130049
          ],
          [
            -72.0310326,
            11.6130094
          ],
          [
            -72.0310332,
            11.6130139
          ],
          [
            -72.0310339,
            11.6130183
          ],
          [
            -72.0310345,
            11.6130228
          ],
          [
            -72.0310352,
            11.6130273
          ],
          [
            -72.0310358,
            11.6130318
          ],
          [
            -72.0310365,
            11.6130362
          ],
          [
            -72.0310371,
            11.6130407
          ],
          [
            -72.0310377,
            11.6130452
          ],
          [
            -72.0310384,
            11.6130496
          ],
          [
            -72.031039,
            11.6130541
          ],
          [
            -72.0310397,
            11.6130586
          ],
          [
            -72.0310403,
            11.6130631
          ],
          [
            -72.031041,
            11.6130675
          ],
          [
            -72.0310416,
            11.613072
          ],
          [
            -72.0310423,
            11.6130765
          ],
          [
            -72.0310429,
            11.6130809
          ],
          [
            -72.0310436,
            11.6130854
          ],
          [
            -72.0310442,
            11.6130899
          ],
          [
            -72.0310449,
            11.6130944
          ],
          [
            -72.0310455,
            11.6130988
          ],
          [
            -72.0310462,
            11.6131033
          ],
          [
            -72.0310468,
            11.6131078
          ],
          [
            -72.0310474,
            11.6131122
          ],
          [
            -72.0310481,
            11.6131167
          ],
          [
            -72.0310487,
            11.6131212
          ],
          [
            -72.0310494,
            11.6131257
          ],
          [
            -72.03105,
            11.6131301
          ],
          [
            -72.0310507,
            11.6131346
          ],
          [
            -72.0310513,
            11.6131391
          ],
          [
            -72.031052,
            11.6131435
          ],
          [
            -72.0310526,
            11.613148
          ],
          [
            -72.0310533,
            11.6131525
          ],
          [
            -72.0310539,
            11.6131569
          ],
          [
            -72.0310546,
            11.6131614
          ],
          [
            -72.0310552,
            11.6131659
          ],
          [
            -72.0310558,
            11.6131704
          ],
          [
            -72.0310565,
            11.6131748
          ],
          [
            -72.0310571,
            11.6131793
          ],
          [
            -72.0310578,
            11.6131838
          ],
          [
            -72.0310584,
            11.6131882
          ],
          [
            -72.0310591,
            11.6131927
          ],
          [
            -72.0310597,
            11.6131972
          ],
          [
            -72.0310604,
            11.6132017
          ],
          [
            -72.031061,
            11.6132061
          ],
          [
            -72.0310617,
            11.6132106
          ],
          [
            -72.0310623,
            11.6132151
          ],
          [
            -72.031063,
            11.6132195
          ],
          [
            -72.0310636,
            11.613224
          ],
          [
            -72.0310642,
            11.6132285
          ],
          [
            -72.0310649,
            11.6132329
          ],
          [
            -72.0310655,
            11.6132374
          ],
          [
            -72.0310662,
            11.6132419
          ],
          [
            -72.0310668,
            11.6132464
          ],
          [
            -72.0310675,
            11.6132508
          ],
          [
            -72.0310681,
            11.6132553
          ],
          [
            -72.0310688,
            11.6132598
          ],
          [
            -72.0310694,
            11.6132642
          ],
          [
            -72.0310701,
            11.6132687
          ],
          [
            -72.0310707,
            11.6132732
          ],
          [
            -72.0310714,
            11.6132777
          ],
          [
            -72.031072,
            11.6132821
          ],
          [
            -72.0310727,
            11.6132866
          ],
          [
            -72.0310733,
            11.6132911
          ],
          [
            -72.0310739,
            11.6132955
          ],
          [
            -72.0310746,
            11.6133
          ],
          [
            -72.0310752,
            11.6133045
          ],
          [
            -72.0310759,
            11.613309
          ],
          [
            -72.0310765,
            11.6133134
          ],
          [
            -72.0310772,
            11.6133179
          ],
          [
            -72.0310778,
            11.6133224
          ],
          [
            -72.0310785,
            11.6133268
          ],
          [
            -72.0310791,
            11.6133313
          ],
          [
            -72.0310798,
            11.6133358
          ],
          [
            -72.0310804,
            11.6133402
          ],
          [
            -72.0310811,
            11.6133447
          ],
          [
            -72.0310817,
            11.6133492
          ],
          [
            -72.0310823,
            11.6133537
          ],
          [
            -72.031083,
            11.6133581
          ],
          [
            -72.0310836,
            11.6133626
          ],
          [
            -72.0310843,
            11.6133671
          ],
          [
            -72.0310849,
            11.6133715
          ],
          [
            -72.0310856,
            11.613376
          ],
          [
            -72.0310862,
            11.6133805
          ],
          [
            -72.0310869,
            11.613385
          ],
          [
            -72.0310875,
            11.6133894
          ],
          [
            -72.0310882,
            11.6133939
          ],
          [
            -72.0310888,
            11.6133984
          ],
          [
            -72.0310895,
            11.6134028
          ],
          [
            -72.0310901,
            11.6134073
          ],
          [
            -72.0310907,
            11.6134118
          ],
          [
            -72.0310914,
            11.6134162
          ],
          [
            -72.031092,
            11.6134207
          ],
          [
            -72.0310927,
            11.6134252
          ],
          [
            -72.0310933,
            11.6134297
          ],
          [
            -72.031094,
            11.6134341
          ],
          [
            -72.0310946,
            11.6134386
          ],
          [
            -72.0310953,
            11.6134431
          ],
          [
            -72.0310959,
            11.6134475
          ],
          [
            -72.0310966,
            11.613452
          ],
          [
            -72.0310972,
            11.6134565
          ],
          [
            -72.0310979,
            11.613461
          ],
          [
            -72.0310985,
            11.6134654
          ],
          [
            -72.0310991,
            11.6134699
          ],
          [
            -72.0310998,
            11.6134744
          ],
          [
            -72.0311004,
            11.6134788
          ],
          [
            -72.0311011,
            11.6134833
          ],
          [
            -72.0311017,
            11.6134878
          ],
          [
            -72.0311024,
            11.6134923
          ],
          [
            -72.031103,
            11.6134967
          ],
          [
            -72.0311037,
            11.6135012
          ],
          [
            -72.0311043,
            11.6135057
          ],
          [
            -72.031105,
            11.6135101
          ],
          [
            -72.0311056,
            11.6135146
          ],
          [
            -72.0311063,
            11.6135191
          ],
          [
            -72.0311069,
            11.6135235
          ],
          [
            -72.0311075,
            11.613528
          ],
          [
            -72.0311082,
            11.6135325
          ],
          [
            -72.0311088,
            11.613537
          ],
          [
            -72.0311095,
            11.6135414
          ],
          [
            -72.0311101,
            11.6135459
          ],
          [
            -72.0311108,
            11.6135504
          ],
          [
            -72.0311114,
            11.6135548
          ],
          [
            -72.0311121,
            11.6135593
          ]
        ]
      }
    },
    {
      "type": "Feature",
      "properties": {
        "Shape_Leng": 0.0,
        "Longitud": 462.279,
        "Aero": "WP39-WP40",
        "Grupo": 0
      },
      "geometry": {
        "type": "LineString",
        "coordinates": [
          [
            -72.0311121,
            11.6135593
          ],
          [
            -72.0311127,
            11.6135638
          ],
          [
            -72.0311134,
            11.6135683
          ],
          [
            -72.031114,
            11.6135727
          ],
          [
            -72.0311147,
            11.6135772
          ],
          [
            -72.0311153,
            11.6135817
          ],
          [
            -72.0311159,
            11.6135861
          ],
          [
            -72.0311166,
            11.6135906
          ],
          [
            -72.0311172,
            11.6135951
          ],
          [
            -72.0311179,
            11.6135996
          ],
          [
            -72.0311185,
            11.613604
          ],
          [
            -72.0311192,
            11.6136085
          ],
          [
            -72.0311198,
            11.613613
          ],
          [
            -72.0311205,
            11.6136174
          ],
          [
            -72.0311211,
            11.6136219
          ],
          [
            -72.0311218,
            11.6136264
          ],
          [
            -72.0311222,
            11.6136296
          ],
          [
            -72.0311224,
            11.6136308
          ],
          [
            -72.0311231,
            11.6136353
          ],
          [
            -72.0311237,
            11.6136398
          ],
          [
            -72.0311243,
            11.6136443
          ],
          [
            -72.031125,
            11.6136487
          ],
          [
            -72.0311256,
            11.6136532
          ],
          [
            -72.0311263,
            11.6136577
          ],
          [
            -72.0311269,
            11.6136621
          ],
          [
            -72.0311276,
            11.6136666
          ],
          [
            -72.0311282,
            11.6136711
          ],
          [
            -72.0311289,
            11.6136756
          ],
          [
            -72.0311295,
            11.61368
          ],
          [
            -72.0311302,
            11.6136845
          ],
          [
            -72.0311308,
            11.613689
          ],
          [
            -72.0311315,
            11.6136934
          ],
          [
            -72.0311321,
            11.6136979
          ],
          [
            -72.0311327,
            11.6137024
          ],
          [
            -72.0311334,
            11.6137068
          ],
          [
            -72.031134,
            11.6137113
          ],
          [
            -72.0311347,
            11.6137158
          ],
          [
            -72.0311353,
            11.6137203
          ],
          [
            -72.031136,
            11.6137247
          ],
          [
            -72.0311366,
            11.6137292
          ],
          [
            -72.0311373,
            11.6137337
          ],
          [
            -72.0311379,
            11.6137381
          ],
          [
            -72.0311386,
            11.6137426
          ],
          [
            -72.0311392,
            11.6137471
          ],
          [
            -72.0311399,
            11.6137516
          ],
          [
            -72.0311405,
            11.613756
          ],
          [
            -72.0311412,
            11.6137605
          ],
          [
            -72.0311418,
            11.613765
          ],
          [
            -72.0311424,
            11.6137694
          ],
          [
            -72.0311431,
            11.6137739
          ],
          [
            -72.0311437,
            11.6137784
          ],
          [
            -72.0311444,
            11.6137828
          ],
          [
            -72.031145,
            11.6137873
          ],
          [
            -72.0311457,
            11.6137918
          ],
          [
            -72.0311463,
            11.6137963
          ],
          [
            -72.031147,
            11.6138007
          ],
          [
            -72.0311476,
            11.6138052
          ],
          [
            -72.0311483,
            11.6138097
          ],
          [
            -72.0311489,
            11.6138141
          ],
          [
            -72.0311496,
            11.6138186
          ],
          [
            -72.0311502,
            11.6138231
          ],
          [
            -72.0311508,
            11.6138276
          ],
          [
            -72.0311515,
            11.613832
          ],
          [
            -72.0311521,
            11.6138365
          ],
          [
            -72.0311528,
            11.613841
          ],
          [
            -72.0311534,
            11.6138454
          ],
          [
            -72.0311541,
            11.6138499
          ],
          [
            -72.0311547,
            11.6138544
          ],
          [
            -72.0311554,
            11.6138589
          ],
          [
            -72.031156,
            11.6138633
          ],
          [
            -72.0311567,
            11.6138678
          ],
          [
            -72.0311573,
            11.6138723
          ],
          [
            -72.031158,
            11.6138767
          ],
          [
            -72.0311586,
            11.6138812
          ],
          [
            -72.0311592,
            11.6138857
          ],
          [
            -72.0311599,
            11.6138901
          ],
          [
            -72.0311605,
            11.6138946
          ],
          [
            -72.0311612,
            11.6138991
          ],
          [
            -72.0311618,
            11.6139036
          ],
          [
            -72.0311625,
            11.613908
          ],
          [
            -72.0311631,
            11.6139125
          ],
          [
            -72.0311638,
            11.613917
          ],
          [
            -72.0311644,
            11.6139215
          ],
          [
            -72.0311651,
            11.6139259
          ],
          [
            -72.0311657,
            11.6139304
          ],
          [
            -72.0311664,
            11.6139349
          ],
          [
            -72.031167,
            11.6139393
          ],
          [
            -72.0311677,
            11.6139438
          ],
          [
            -72.0311683,
            11.6139483
          ],
          [
            -72.0311689,
            11.6139527
          ],
          [
            -72.0311696,
            11.6139572
          ],
          [
            -72.0311702,
            11.6139617
          ],
          [
            -72.0311709,
            11.6139662
          ],
          [
            -72.0311715,
            11.6139706
          ],
          [
            -72.0311722,
            11.6139751
          ],
          [
            -72.0311728,
            11.6139796
          ],
          [
            -72.0311735,
            11.613984
          ],
          [
            -72.0311741,
            11.6139885
          ],
          [
            -72.0311748,
            11.613993
          ],
          [
            -72.0311754,
            11.6139975
          ],
          [
            -72.0311761,
            11.6140019
          ],
          [
            -72.0311767,
            11.6140064
          ],
          [
            -72.0311773,
            11.6140109
          ],
          [
            -72.031178,
            11.6140153
          ],
          [
            -72.0311786,
            11.6140198
          ],
          [
            -72.0311793,
            11.6140243
          ],
          [
            -72.0311799,
            11.6140287
          ],
          [
            -72.0311806,
            11.6140332
          ],
          [
            -72.0311812,
            11.6140377
          ],
          [
            -72.0311819,
            11.6140422
          ],
          [
            -72.0311825,
            11.6140466
          ],
          [
            -72.0311832,
            11.6140511
          ],
          [
            -72.0311838,
            11.6140556
          ],
          [
            -72.0311845,
            11.61406
          ],
          [
            -72.0311851,
            11.6140645
          ],
          [
            -72.0311857,
            11.614069
          ],
          [
            -72.0311864,
            11.6140735
          ],
          [
            -72.031187,
            11.6140779
          ],
          [
            -72.0311877,
            11.6140824
          ],
          [
            -72.0311883,
            11.6140869
          ],
          [
            -72.031189,
            11.6140913
          ],
          [
            -72.0311896,
            11.6140958
          ],
          [
            -72.0311903,
            11.6141003
          ],
          [
            -72.0311909,
            11.6141047
          ],
          [
            -72.0311916,
            11.6141092
          ],
          [
            -72.0311922,
            11.6141137
          ],
          [
            -72.0311929,
            11.6141182
          ],
          [
            -72.0311935,
            11.6141226
          ],
          [
            -72.0311942,
            11.6141271
          ],
          [
            -72.0311948,
            11.6141316
          ],
          [
            -72.0311954,
            11.614136
          ],
          [
            -72.0311961,
            11.6141405
          ],
          [
            -72.0311967,
            11.614145
          ],
          [
            -72.0311974,
            11.6141495
          ],
          [
            -72.031198,
            11.6141539
          ],
          [
            -72.0311987,
            11.6141584
          ],
          [
            -72.0311993,
            11.6141629
          ],
          [
            -72.0312,
            11.6141673
          ],
          [
            -72.0312006,
            11.6141718
          ],
          [
            -72.0312013,
            11.6141763
          ],
          [
            -72.0312019,
            11.6141807
          ],
          [
            -72.0312026,
            11.6141852
          ],
          [
            -72.0312032,
            11.6141897
          ],
          [
            -72.0312038,
            11.6141942
          ],
          [
            -72.0312045,
            11.6141986
          ],
          [
            -72.0312051,
            11.6142031
          ],
          [
            -72.0312058,
            11.6142076
          ],
          [
            -72.0312064,
            11.614212
          ],
          [
            -72.0312071,
            11.6142165
          ],
          [
            -72.0312077,
            11.614221
          ],
          [
            -72.0312084,
            11.6142255
          ],
          [
            -72.031209,
            11.6142299
          ],
          [
            -72.0312097,
            11.6142344
          ],
          [
            -72.0312103,
            11.6142389
          ],
          [
            -72.031211,
            11.6142433
          ],
          [
            -72.0312116,
            11.6142478
          ],
          [
            -72.0312122,
            11.6142523
          ],
          [
            -72.0312129,
            11.6142568
          ],
          [
            -72.0312135,
            11.6142612
          ],
          [
            -72.0312142,
            11.6142657
          ],
          [
            -72.0312148,
            11.6142702
          ],
          [
            -72.0312155,
            11.6142746
          ],
          [
            -72.0312161,
            11.6142791
          ],
          [
            -72.0312168,
            11.6142836
          ],
          [
            -72.0312174,
            11.6142881
          ],
          [
            -72.0312181,
            11.6142925
          ],
          [
            -72.0312187,
            11.614297
          ],
          [
            -72.0312194,
            11.6143015
          ],
          [
            -72.03122,
            11.6143059
          ],
          [
            -72.0312207,
            11.6143104
          ],
          [
            -72.0312213,
            11.6143149
          ],
          [
            -72.0312219,
            11.6143194
          ],
          [
            -72.0312226,
            11.6143238
          ],
          [
            -72.0312232,
            11.6143283
          ],
          [
            -72.0312239,
            11.6143328
          ],
          [
            -72.0312245,
            11.6143372
          ],
          [
            -72.0312252,
            11.6143417
          ],
          [
            -72.0312258,
            11.6143462
          ],
          [
            -72.0312265,
            11.6143506
          ],
          [
            -72.0312271,
            11.6143551
          ],
          [
            -72.0312278,
            11.6143596
          ],
          [
            -72.0312284,
            11.6143641
          ],
          [
            -72.031229,
            11.6143685
          ],
          [
            -72.0312297,
            11.614373
          ],
          [
            -72.0312303,
            11.6143775
          ],
          [
            -72.031231,
            11.6143819
          ],
          [
            -72.0312316,
            11.6143864
          ],
          [
            -72.0312323,
            11.6143909
          ],
          [
            -72.0312329,
            11.6143954
          ],
          [
            -72.0312336,
            11.6143998
          ],
          [
            -72.0312342,
            11.6144043
          ],
          [
            -72.0312349,
            11.6144088
          ],
          [
            -72.0312355,
            11.6144132
          ],
          [
            -72.0312362,
            11.6144177
          ],
          [
            -72.0312368,
            11.6144222
          ],
          [
            -72.0312375,
            11.6144266
          ],
          [
            -72.0312381,
            11.6144311
          ],
          [
            -72.0312387,
            11.6144356
          ],
          [
            -72.0312394,
            11.6144401
          ],
          [
            -72.03124,
            11.6144445
          ],
          [
            -72.0312407,
            11.614449
          ],
          [
            -72.0312413,
            11.6144535
          ],
          [
            -72.031242,
            11.6144579
          ],
          [
            -72.0312426,
            11.6144624
          ],
          [
            -72.0312433,
            11.6144669
          ],
          [
            -72.0312439,
            11.6144714
          ],
          [
            -72.0312446,
            11.6144758
          ],
          [
            -72.0312452,
            11.6144803
          ],
          [
            -72.0312458,
            11.6144848
          ],
          [
            -72.0312465,
            11.6144892
          ],
          [
            -72.0312471,
            11.6144937
          ],
          [
            -72.0312478,
            11.6144982
          ],
          [
            -72.0312484,
            11.6145026
          ],
          [
            -72.0312491,
            11.6145071
          ],
          [
            -72.0312497,
            11.6145116
          ],
          [
            -72.0312504,
            11.6145161
          ],
          [
            -72.031251,
            11.6145205
          ],
          [
            -72.0312517,
            11.614525
          ],
          [
            -72.0312523,
            11.6145295
          ],
          [
            -72.031253,
            11.6145339
          ],
          [
            -72.0312536,
            11.6145384
          ],
          [
            -72.0312543,
            11.6145429
          ],
          [
            -72.0312549,
            11.6145474
          ],
          [
            -72.0312555,
            11.6145518
          ],
          [
            -72.0312562,
            11.6145563
          ],
          [
            -72.0312568,
            11.6145608
          ],
          [
            -72.0312575,
            11.6145652
          ],
          [
            -72.0312581,
            11.6145697
          ],
          [
            -72.0312588,
            11.6145742
          ],
          [
            -72.0312594,
            11.6145787
          ],
          [
            -72.0312601,
            11.6145831
          ],
          [
            -72.0312607,
            11.6145876
          ],
          [
            -72.0312614,
            11.6145921
          ],
          [
            -72.031262,
            11.6145965
          ],
          [
            -72.0312627,
            11.614601
          ],
          [
            -72.0312633,
            11.6146055
          ],
          [
            -72.0312639,
            11.6146099
          ],
          [
            -72.0312646,
            11.6146144
          ],
          [
            -72.0312652,
            11.6146189
          ],
          [
            -72.0312659,
            11.6146234
          ],
          [
            -72.0312665,
            11.6146278
          ],
          [
            -72.0312672,
            11.6146323
          ],
          [
            -72.0312678,
            11.6146368
          ],
          [
            -72.0312685,
            11.6146412
          ],
          [
            -72.0312691,
            11.6146457
          ],
          [
            -72.0312698,
            11.6146502
          ],
          [
            -72.0312704,
            11.6146547
          ],
          [
            -72.0312711,
            11.6146591
          ],
          [
            -72.0312717,
            11.6146636
          ],
          [
            -72.0312723,
            11.6146681
          ],
          [
            -72.031273,
            11.6146725
          ],
          [
            -72.0312736,
            11.614677
          ],
          [
            -72.0312743,
            11.6146815
          ],
          [
            -72.0312749,
            11.614686
          ],
          [
            -72.0312756,
            11.6146904
          ],
          [
            -72.0312762,
            11.6146949
          ],
          [
            -72.0312769,
            11.6146994
          ],
          [
            -72.0312775,
            11.6147038
          ],
          [
            -72.0312782,
            11.6147083
          ],
          [
            -72.0312788,
            11.6147128
          ],
          [
            -72.0312795,
            11.6147173
          ],
          [
            -72.0312801,
            11.6147217
          ],
          [
            -72.0312807,
            11.6147262
          ],
          [
            -72.0312814,
            11.6147307
          ],
          [
            -72.031282,
            11.6147351
          ],
          [
            -72.0312827,
            11.6147396
          ],
          [
            -72.0312833,
            11.6147441
          ],
          [
            -72.031284,
            11.6147485
          ],
          [
            -72.0312846,
            11.614753
          ],
          [
            -72.0312853,
            11.6147575
          ],
          [
            -72.0312859,
            11.614762
          ],
          [
            -72.0312866,
            11.6147664
          ],
          [
            -72.0312872,
            11.6147709
          ],
          [
            -72.0312879,
            11.6147754
          ],
          [
            -72.0312885,
            11.6147798
          ],
          [
            -72.0312892,
            11.6147843
          ],
          [
            -72.0312898,
            11.6147888
          ],
          [
            -72.0312904,
            11.6147933
          ],
          [
            -72.0312911,
            11.6147977
          ],
          [
            -72.0312917,
            11.6148022
          ],
          [
            -72.0312924,
            11.6148067
          ],
          [
            -72.031293,
            11.6148111
          ],
          [
            -72.0312937,
            11.6148156
          ],
          [
            -72.0312943,
            11.6148201
          ],
          [
            -72.031295,
            11.6148245
          ],
          [
            -72.0312956,
            11.614829
          ],
          [
            -72.0312963,
            11.6148335
          ],
          [
            -72.0312969,
            11.614838
          ],
          [
            -72.0312976,
            11.6148424
          ],
          [
            -72.0312982,
            11.6148469
          ],
          [
            -72.0312988,
            11.6148514
          ],
          [
            -72.0312995,
            11.6148558
          ],
          [
            -72.0313001,
            11.6148603
          ],
          [
            -72.0313008,
            11.6148648
          ],
          [
            -72.0313014,
            11.6148693
          ],
          [
            -72.0313021,
            11.6148737
          ],
          [
            -72.0313027,
            11.6148782
          ],
          [
            -72.0313034,
            11.6148827
          ],
          [
            -72.031304,
            11.6148871
          ],
          [
            -72.0313047,
            11.6148916
          ],
          [
            -72.0313053,
            11.6148961
          ],
          [
            -72.031306,
            11.6149005
          ],
          [
            -72.0313066,
            11.614905
          ],
          [
            -72.0313072,
            11.6149095
          ],
          [
            -72.0313079,
            11.614914
          ],
          [
            -72.0313085,
            11.6149184
          ],
          [
            -72.0313092,
            11.6149229
          ],
          [
            -72.0313098,
            11.6149274
          ],
          [
            -72.0313105,
            11.6149318
          ],
          [
            -72.0313111,
            11.6149363
          ],
          [
            -72.0313118,
            11.6149408
          ],
          [
            -72.0313124,
            11.6149453
          ],
          [
            -72.0313131,
            11.6149497
          ],
          [
            -72.0313137,
            11.6149542
          ],
          [
            -72.0313144,
            11.6149587
          ],
          [
            -72.031315,
            11.6149631
          ],
          [
            -72.0313157,
            11.6149676
          ],
          [
            -72.0313163,
            11.6149721
          ],
          [
            -72.0313169,
            11.6149765
          ],
          [
            -72.0313176,
            11.614981
          ],
          [
            -72.0313182,
            11.6149855
          ],
          [
            -72.0313189,
            11.61499
          ],
          [
            -72.0313195,
            11.6149944
          ],
          [
            -72.0313202,
            11.6149989
          ],
          [
            -72.0313208,
            11.6150034
          ],
          [
            -72.0313215,
            11.6150078
          ],
          [
            -72.0313221,
            11.6150123
          ],
          [
            -72.0313228,
            11.6150168
          ],
          [
            -72.0313234,
            11.6150213
          ],
          [
            -72.0313241,
            11.6150257
          ],
          [
            -72.0313247,
            11.6150302
          ],
          [
            -72.0313253,
            11.6150347
          ],
          [
            -72.031326,
            11.6150391
          ],
          [
            -72.0313266,
            11.6150436
          ],
          [
            -72.0313273,
            11.6150481
          ],
          [
            -72.0313279,
            11.6150526
          ],
          [
            -72.0313286,
            11.615057
          ],
          [
            -72.0313292,
            11.6150615
          ],
          [
            -72.0313299,
            11.615066
          ],
          [
            -72.0313305,
            11.6150704
          ],
          [
            -72.0313312,
            11.6150749
          ],
          [
            -72.0313318,
            11.6150794
          ],
          [
            -72.0313325,
            11.6150839
          ],
          [
            -72.0313331,
            11.6150883
          ],
          [
            -72.0313337,
            11.6150928
          ],
          [
            -72.0313344,
            11.6150973
          ],
          [
            -72.031335,
            11.6151017
          ],
          [
            -72.0313357,
            11.6151062
          ],
          [
            -72.0313363,
            11.6151107
          ],
          [
            -72.031337,
            11.6151152
          ],
          [
            -72.0313376,
            11.6151196
          ],
          [
            -72.0313383,
            11.6151241
          ],
          [
            -72.0313389,
            11.6151286
          ],
          [
            -72.0313396,
            11.615133
          ],
          [
            -72.0313402,
            11.6151375
          ],
          [
            -72.0313409,
            11.615142
          ],
          [
            -72.0313415,
            11.6151464
          ],
          [
            -72.0313421,
            11.6151509
          ],
          [
            -72.0313428,
            11.6151554
          ],
          [
            -72.0313434,
            11.6151599
          ],
          [
            -72.0313441,
            11.6151643
          ],
          [
            -72.0313447,
            11.6151688
          ],
          [
            -72.0313454,
            11.6151733
          ],
          [
            -72.031346,
            11.6151777
          ],
          [
            -72.0313467,
            11.6151822
          ],
          [
            -72.0313473,
            11.6151867
          ],
          [
            -72.031348,
            11.6151912
          ],
          [
            -72.0313486,
            11.6151956
          ],
          [
            -72.0313489,
            11.6151977
          ],
          [
            -72.0313493,
            11.6152001
          ],
          [
            -72.0313499,
            11.6152046
          ],
          [
            -72.0313505,
            11.615209
          ],
          [
            -72.0313512,
            11.6152135
          ],
          [
            -72.0313518,
            11.615218
          ],
          [
            -72.0313525,
            11.6152224
          ],
          [
            -72.0313527,
            11.6152241
          ],
          [
            -72.0313531,
            11.6152269
          ],
          [
            -72.0313538,
            11.6152314
          ],
          [
            -72.0313544,
            11.6152359
          ],
          [
            -72.0313551,
            11.6152403
          ],
          [
            -72.0313557,
            11.6152448
          ],
          [
            -72.0313564,
            11.6152493
          ],
          [
            -72.031357,
            11.6152537
          ],
          [
            -72.0313577,
            11.6152582
          ],
          [
            -72.0313583,
            11.6152627
          ],
          [
            -72.0313586,
            11.6152646
          ],
          [
            -72.0313589,
            11.6152672
          ],
          [
            -72.0313596,
            11.6152716
          ],
          [
            -72.0313602,
            11.6152761
          ],
          [
            -72.0313609,
            11.6152806
          ],
          [
            -72.0313615,
            11.615285
          ],
          [
            -72.0313622,
            11.6152895
          ],
          [
            -72.0313625,
            11.6152916
          ],
          [
            -72.0313628,
            11.615294
          ],
          [
            -72.0313635,
            11.6152984
          ],
          [
            -72.0313641,
            11.6153029
          ],
          [
            -72.0313648,
            11.6153074
          ],
          [
            -72.0313654,
            11.6153119
          ],
          [
            -72.0313661,
            11.6153163
          ],
          [
            -72.0313664,
            11.6153187
          ],
          [
            -72.0313667,
            11.6153208
          ],
          [
            -72.0313673,
            11.6153253
          ],
          [
            -72.031368,
            11.6153297
          ],
          [
            -72.0313686,
            11.6153342
          ],
          [
            -72.0313693,
            11.6153387
          ],
          [
            -72.0313699,
            11.6153432
          ],
          [
            -72.0313703,
            11.6153458
          ],
          [
            -72.0313706,
            11.6153476
          ],
          [
            -72.0313712,
            11.6153521
          ],
          [
            -72.0313719,
            11.6153566
          ],
          [
            -72.0313725,
            11.615361
          ],
          [
            -72.0313732,
            11.6153655
          ],
          [
            -72.0313738,
            11.61537
          ],
          [
            -72.0313742,
            11.6153728
          ],
          [
            -72.0313745,
            11.6153745
          ],
          [
            -72.0313751,
            11.6153789
          ],
          [
            -72.0313757,
            11.6153834
          ],
          [
            -72.0313764,
            11.6153879
          ],
          [
            -72.031377,
            11.6153923
          ],
          [
            -72.0313775,
            11.6153953
          ],
          [
            -72.0313777,
            11.6153968
          ],
          [
            -72.0313781,
            11.6153998
          ],
          [
            -72.0313783,
            11.6154013
          ],
          [
            -72.0313789,
            11.6154058
          ],
          [
            -72.0313792,
            11.615408
          ],
          [
            -72.0313795,
            11.6154102
          ],
          [
            -72.0313801,
            11.6154147
          ],
          [
            -72.0313806,
            11.6154192
          ],
          [
            -72.0313811,
            11.6154237
          ],
          [
            -72.0313816,
            11.6154282
          ],
          [
            -72.0313821,
            11.6154327
          ],
          [
            -72.0313825,
            11.6154372
          ],
          [
            -72.0313829,
            11.6154417
          ],
          [
            -72.0313833,
            11.6154462
          ],
          [
            -72.0313837,
            11.6154507
          ],
          [
            -72.0313841,
            11.6154552
          ],
          [
            -72.0313844,
            11.6154597
          ],
          [
            -72.0313847,
            11.6154642
          ],
          [
            -72.031385,
            11.6154687
          ],
          [
            -72.0313853,
            11.6154732
          ],
          [
            -72.0313855,
            11.6154777
          ],
          [
            -72.0313857,
            11.6154822
          ],
          [
            -72.0313859,
            11.6154867
          ],
          [
            -72.0313861,
            11.6154912
          ],
          [
            -72.0313862,
            11.6154958
          ],
          [
            -72.0313863,
            11.6155003
          ],
          [
            -72.0313865,
            11.6155048
          ],
          [
            -72.0313865,
            11.6155093
          ],
          [
            -72.0313866,
            11.6155138
          ],
          [
            -72.0313866,
            11.6155183
          ],
          [
            -72.0313866,
            11.6155228
          ],
          [
            -72.0313866,
            11.6155274
          ],
          [
            -72.0313866,
            11.6155319
          ],
          [
            -72.0313865,
            11.6155364
          ],
          [
            -72.0313864,
            11.6155409
          ],
          [
            -72.0313863,
            11.6155454
          ],
          [
            -72.0313862,
            11.6155499
          ],
          [
            -72.0313861,
            11.6155544
          ],
          [
            -72.0313859,
            11.615559
          ],
          [
            -72.0313857,
            11.6155635
          ],
          [
            -72.0313855,
            11.615568
          ],
          [
            -72.0313852,
            11.6155725
          ],
          [
            -72.031385,
            11.615577
          ],
          [
            -72.0313847,
            11.6155815
          ],
          [
            -72.0313844,
            11.615586
          ],
          [
            -72.031384,
            11.6155905
          ],
          [
            -72.0313837,
            11.615595
          ],
          [
            -72.0313833,
            11.6155995
          ],
          [
            -72.0313829,
            11.615604
          ],
          [
            -72.0313825,
            11.6156085
          ],
          [
            -72.031382,
            11.615613
          ],
          [
            -72.0313816,
            11.6156175
          ],
          [
            -72.0313811,
            11.615622
          ],
          [
            -72.0313806,
            11.6156265
          ],
          [
            -72.03138,
            11.615631
          ],
          [
            -72.0313795,
            11.6156354
          ],
          [
            -72.0313789,
            11.6156399
          ],
          [
            -72.0313783,
            11.6156444
          ],
          [
            -72.0313777,
            11.6156489
          ],
          [
            -72.031377,
            11.6156533
          ],
          [
            -72.0313763,
            11.6156578
          ],
          [
            -72.0313756,
            11.6156623
          ],
          [
            -72.0313749,
            11.6156667
          ],
          [
            -72.0313742,
            11.6156712
          ],
          [
            -72.0313734,
            11.6156756
          ],
          [
            -72.0313726,
            11.6156801
          ],
          [
            -72.0313718,
            11.6156845
          ],
          [
            -72.031371,
            11.615689
          ],
          [
            -72.0313701,
            11.6156934
          ],
          [
            -72.0313692,
            11.6156978
          ],
          [
            -72.0313684,
            11.6157023
          ],
          [
            -72.0313674,
            11.6157067
          ],
          [
            -72.0313665,
            11.6157111
          ],
          [
            -72.0313655,
            11.6157155
          ],
          [
            -72.0313645,
            11.6157199
          ],
          [
            -72.0313635,
            11.6157243
          ],
          [
            -72.0313625,
            11.6157287
          ],
          [
            -72.0313614,
            11.6157331
          ],
          [
            -72.0313603,
            11.6157375
          ],
          [
            -72.0313592,
            11.6157419
          ],
          [
            -72.0313581,
            11.6157463
          ],
          [
            -72.031357,
            11.6157507
          ],
          [
            -72.0313558,
            11.615755
          ],
          [
            -72.0313546,
            11.6157594
          ],
          [
            -72.0313534,
            11.6157637
          ],
          [
            -72.0313522,
            11.6157681
          ],
          [
            -72.0313509,
            11.6157724
          ],
          [
            -72.0313496,
            11.6157768
          ],
          [
            -72.0313483,
            11.6157811
          ],
          [
            -72.031347,
            11.6157854
          ],
          [
            -72.0313457,
            11.6157897
          ],
          [
            -72.0313443,
            11.6157941
          ],
          [
            -72.0313429,
            11.6157984
          ],
          [
            -72.0313415,
            11.6158027
          ],
          [
            -72.0313401,
            11.6158069
          ],
          [
            -72.0313386,
            11.6158112
          ],
          [
            -72.0313372,
            11.6158155
          ],
          [
            -72.0313357,
            11.6158198
          ],
          [
            -72.0313342,
            11.615824
          ],
          [
            -72.0313326,
            11.6158283
          ],
          [
            -72.031331,
            11.6158325
          ],
          [
            -72.0313295,
            11.6158368
          ],
          [
            -72.0313279,
            11.615841
          ],
          [
            -72.0313262,
            11.6158452
          ],
          [
            -72.0313246,
            11.6158494
          ],
          [
            -72.0313229,
            11.6158536
          ],
          [
            -72.0313212,
            11.6158578
          ],
          [
            -72.0313195,
            11.615862
          ],
          [
            -72.0313178,
            11.6158662
          ],
          [
            -72.031316,
            11.6158704
          ],
          [
            -72.0313143,
            11.6158745
          ],
          [
            -72.0313125,
            11.6158787
          ],
          [
            -72.0313107,
            11.6158829
          ],
          [
            -72.0313088,
            11.615887
          ],
          [
            -72.031307,
            11.6158911
          ],
          [
            -72.0313051,
            11.6158952
          ],
          [
            -72.0313032,
            11.6158993
          ],
          [
            -72.0313013,
            11.6159034
          ],
          [
            -72.0312993,
            11.6159075
          ],
          [
            -72.0312974,
            11.6159116
          ],
          [
            -72.0312954,
            11.6159157
          ],
          [
            -72.0312934,
            11.6159198
          ],
          [
            -72.0312913,
            11.6159238
          ],
          [
            -72.0312893,
            11.6159278
          ],
          [
            -72.0312872,
            11.6159319
          ],
          [
            -72.0312851,
            11.6159359
          ],
          [
            -72.031283,
            11.6159399
          ],
          [
            -72.0312809,
            11.6159439
          ],
          [
            -72.0312788,
            11.6159479
          ],
          [
            -72.0312766,
            11.6159519
          ],
          [
            -72.0312744,
            11.6159558
          ],
          [
            -72.0312722,
            11.6159598
          ],
          [
            -72.03127,
            11.6159637
          ],
          [
            -72.0312677,
            11.6159677
          ],
          [
            -72.0312655,
            11.6159716
          ],
          [
            -72.0312632,
            11.6159755
          ],
          [
            -72.0312609,
            11.6159794
          ],
          [
            -72.0312586,
            11.6159833
          ],
          [
            -72.0312562,
            11.6159872
          ],
          [
            -72.0312538,
            11.6159911
          ],
          [
            -72.0312515,
            11.6159949
          ],
          [
            -72.0312491,
            11.6159988
          ],
          [
            -72.0312466,
            11.6160026
          ],
          [
            -72.0312442,
            11.6160064
          ],
          [
            -72.0312417,
            11.6160102
          ],
          [
            -72.0312392,
            11.616014
          ],
          [
            -72.0312367,
            11.6160178
          ],
          [
            -72.0312342,
            11.6160216
          ],
          [
            -72.0312317,
            11.6160253
          ],
          [
            -72.0312291,
            11.6160291
          ],
          [
            -72.0312265,
            11.6160328
          ],
          [
            -72.0312239,
            11.6160365
          ],
          [
            -72.0312213,
            11.6160402
          ],
          [
            -72.0312187,
            11.6160439
          ],
          [
            -72.031216,
            11.6160476
          ],
          [
            -72.0312134,
            11.6160513
          ],
          [
            -72.0312107,
            11.6160549
          ],
          [
            -72.031208,
            11.6160586
          ],
          [
            -72.0312052,
            11.6160622
          ],
          [
            -72.031205,
            11.6160625
          ],
          [
            -72.0312025,
            11.6160658
          ],
          [
            -72.0311997,
            11.6160694
          ],
          [
            -72.031197,
            11.616073
          ],
          [
            -72.0311942,
            11.6160766
          ],
          [
            -72.0311921,
            11.6160792
          ],
          [
            -72.0311913,
            11.6160801
          ],
          [
            -72.0311885,
            11.6160837
          ],
          [
            -72.0311857,
            11.6160872
          ],
          [
            -72.0311828,
            11.6160907
          ],
          [
            -72.0311799,
            11.6160942
          ],
          [
            -72.031177,
            11.6160977
          ],
          [
            -72.031174,
            11.6161012
          ],
          [
            -72.0311723,
            11.6161033
          ],
          [
            -72.0311711,
            11.6161047
          ],
          [
            -72.0311681,
            11.6161081
          ],
          [
            -72.0311652,
            11.6161115
          ],
          [
            -72.0311622,
            11.616115
          ],
          [
            -72.0311592,
            11.6161184
          ],
          [
            -72.0311561,
            11.6161217
          ],
          [
            -72.0311531,
            11.6161251
          ],
          [
            -72.03115,
            11.6161285
          ],
          [
            -72.0311469,
            11.6161318
          ],
          [
            -72.0311464,
            11.6161324
          ],
          [
            -72.0311438,
            11.6161351
          ],
          [
            -72.0311407,
            11.6161385
          ],
          [
            -72.0311376,
            11.6161418
          ],
          [
            -72.0311345,
            11.616145
          ],
          [
            -72.0311313,
            11.6161483
          ],
          [
            -72.0311281,
            11.6161515
          ],
          [
            -72.0311249,
            11.6161548
          ],
          [
            -72.0311217,
            11.616158
          ],
          [
            -72.0311185,
            11.6161612
          ],
          [
            -72.0311152,
            11.6161644
          ],
          [
            -72.0311129,
            11.6161667
          ],
          [
            -72.031112,
            11.6161676
          ],
          [
            -72.0311087,
            11.6161707
          ],
          [
            -72.0311054,
            11.6161738
          ],
          [
            -72.0311021,
            11.616177
          ],
          [
            -72.0310994,
            11.6161795
          ],
          [
            -72.0310987,
            11.6161801
          ],
          [
            -72.0310963,
            11.6161823
          ],
          [
            -72.0310954,
            11.6161832
          ],
          [
            -72.0310921,
            11.6161862
          ],
          [
            -72.0310887,
            11.6161893
          ],
          [
            -72.0310854,
            11.6161924
          ],
          [
            -72.031082,
            11.6161955
          ],
          [
            -72.0310787,
            11.6161986
          ],
          [
            -72.0310753,
            11.6162017
          ],
          [
            -72.031072,
            11.6162048
          ],
          [
            -72.0310686,
            11.6162078
          ],
          [
            -72.0310653,
            11.6162109
          ],
          [
            -72.0310619,
            11.616214
          ],
          [
            -72.0310586,
            11.6162171
          ],
          [
            -72.0310553,
            11.6162202
          ],
          [
            -72.0310519,
            11.6162233
          ],
          [
            -72.0310486,
            11.6162264
          ],
          [
            -72.0310452,
            11.6162294
          ],
          [
            -72.0310419,
            11.6162325
          ],
          [
            -72.0310385,
            11.6162356
          ],
          [
            -72.0310352,
            11.6162387
          ],
          [
            -72.0310318,
            11.6162418
          ],
          [
            -72.0310285,
            11.6162449
          ],
          [
            -72.0310252,
            11.6162479
          ],
          [
            -72.0310218,
            11.616251
          ],
          [
            -72.0310185,
            11.6162541
          ],
          [
            -72.0310151,
            11.6162572
          ],
          [
            -72.0310118,
            11.6162603
          ],
          [
            -72.0310084,
            11.6162634
          ],
          [
            -72.0310051,
            11.6162665
          ],
          [
            -72.0310017,
            11.6162695
          ],
          [
            -72.0309984,
            11.6162726
          ],
          [
            -72.030995,
            11.6162757
          ],
          [
            -72.0309917,
            11.6162788
          ],
          [
            -72.0309883,
            11.6162819
          ],
          [
            -72.030985,
            11.616285
          ],
          [
            -72.0309817,
            11.616288
          ],
          [
            -72.0309783,
            11.6162911
          ],
          [
            -72.030975,
            11.6162942
          ],
          [
            -72.0309716,
            11.6162973
          ],
          [
            -72.0309683,
            11.6163004
          ],
          [
            -72.0309649,
            11.6163035
          ],
          [
            -72.0309616,
            11.6163066
          ],
          [
            -72.0309582,
            11.6163096
          ],
          [
            -72.0309549,
            11.6163127
          ],
          [
            -72.0309515,
            11.6163158
          ],
          [
            -72.0309482,
            11.6163189
          ],
          [
            -72.0309449,
            11.616322
          ],
          [
            -72.0309415,
            11.6163251
          ],
          [
            -72.0309382,
            11.6163282
          ],
          [
            -72.0309348,
            11.6163312
          ],
          [
            -72.0309315,
            11.6163343
          ],
          [
            -72.0309281,
            11.6163374
          ],
          [
            -72.0309248,
            11.6163405
          ],
          [
            -72.0309214,
            11.6163436
          ],
          [
            -72.0309181,
            11.6163467
          ],
          [
            -72.0309148,
            11.6163497
          ],
          [
            -72.0309114,
            11.6163528
          ],
          [
            -72.0309081,
            11.6163559
          ],
          [
            -72.0309047,
            11.616359
          ],
          [
            -72.0309014,
            11.6163621
          ],
          [
            -72.030898,
            11.6163652
          ],
          [
            -72.0308947,
            11.6163683
          ],
          [
            -72.0308913,
            11.6163713
          ],
          [
            -72.030888,
            11.6163744
          ],
          [
            -72.0308846,
            11.6163775
          ],
          [
            -72.0308813,
            11.6163806
          ],
          [
            -72.0308779,
            11.6163837
          ],
          [
            -72.0308746,
            11.6163868
          ],
          [
            -72.0308713,
            11.6163898
          ],
          [
            -72.0308679,
            11.6163929
          ],
          [
            -72.0308646,
            11.616396
          ],
          [
            -72.0308612,
            11.6163991
          ],
          [
            -72.0308579,
            11.6164022
          ],
          [
            -72.0308545,
            11.6164053
          ],
          [
            -72.0308512,
            11.6164084
          ],
          [
            -72.0308478,
            11.6164114
          ],
          [
            -72.0308445,
            11.6164145
          ],
          [
            -72.0308411,
            11.6164176
          ],
          [
            -72.0308378,
            11.6164207
          ],
          [
            -72.0308345,
            11.6164238
          ],
          [
            -72.0308311,
            11.6164269
          ],
          [
            -72.0308278,
            11.61643
          ],
          [
            -72.0308244,
            11.616433
          ],
          [
            -72.0308211,
            11.6164361
          ],
          [
            -72.0308177,
            11.6164392
          ],
          [
            -72.0308144,
            11.6164423
          ],
          [
            -72.030811,
            11.6164454
          ],
          [
            -72.0308077,
            11.6164485
          ],
          [
            -72.0308044,
            11.6164515
          ],
          [
            -72.030801,
            11.6164546
          ],
          [
            -72.0307977,
            11.6164577
          ],
          [
            -72.0307943,
            11.6164608
          ],
          [
            -72.030791,
            11.6164639
          ],
          [
            -72.0307876,
            11.616467
          ],
          [
            -72.0307843,
            11.61647
          ],
          [
            -72.0307809,
            11.6164731
          ],
          [
            -72.0307776,
            11.6164762
          ],
          [
            -72.0307742,
            11.6164793
          ],
          [
            -72.0307709,
            11.6164824
          ],
          [
            -72.0307675,
            11.6164855
          ],
          [
            -72.0307642,
            11.6164886
          ],
          [
            -72.0307609,
            11.6164916
          ],
          [
            -72.0307575,
            11.6164947
          ],
          [
            -72.0307542,
            11.6164978
          ],
          [
            -72.0307508,
            11.6165009
          ],
          [
            -72.0307475,
            11.616504
          ],
          [
            -72.0307441,
            11.6165071
          ],
          [
            -72.0307408,
            11.6165102
          ],
          [
            -72.0307374,
            11.6165132
          ],
          [
            -72.0307341,
            11.6165163
          ],
          [
            -72.0307308,
            11.6165194
          ],
          [
            -72.0307274,
            11.6165225
          ],
          [
            -72.0307241,
            11.6165256
          ],
          [
            -72.0307207,
            11.6165287
          ],
          [
            -72.0307174,
            11.6165317
          ],
          [
            -72.030714,
            11.6165348
          ],
          [
            -72.0307107,
            11.6165379
          ],
          [
            -72.0307073,
            11.616541
          ],
          [
            -72.030704,
            11.6165441
          ],
          [
            -72.0307006,
            11.6165472
          ],
          [
            -72.0306973,
            11.6165503
          ],
          [
            -72.0306939,
            11.6165533
          ],
          [
            -72.0306906,
            11.6165564
          ],
          [
            -72.0306873,
            11.6165595
          ],
          [
            -72.0306839,
            11.6165626
          ],
          [
            -72.0306806,
            11.6165657
          ],
          [
            -72.0306772,
            11.6165688
          ],
          [
            -72.0306739,
            11.6165719
          ],
          [
            -72.0306705,
            11.6165749
          ],
          [
            -72.0306672,
            11.616578
          ],
          [
            -72.0306638,
            11.6165811
          ],
          [
            -72.0306605,
            11.6165842
          ],
          [
            -72.0306571,
            11.6165873
          ],
          [
            -72.0306538,
            11.6165904
          ],
          [
            -72.0306505,
            11.6165934
          ],
          [
            -72.0306471,
            11.6165965
          ],
          [
            -72.0306438,
            11.6165996
          ],
          [
            -72.0306404,
            11.6166027
          ],
          [
            -72.0306371,
            11.6166058
          ],
          [
            -72.0306337,
            11.6166089
          ],
          [
            -72.0306304,
            11.616612
          ],
          [
            -72.030627,
            11.616615
          ],
          [
            -72.0306237,
            11.6166181
          ],
          [
            -72.0306203,
            11.6166212
          ],
          [
            -72.030617,
            11.6166243
          ],
          [
            -72.0306137,
            11.6166274
          ],
          [
            -72.0306103,
            11.6166305
          ],
          [
            -72.030607,
            11.6166335
          ],
          [
            -72.0306036,
            11.6166366
          ],
          [
            -72.0306003,
            11.6166397
          ],
          [
            -72.0305969,
            11.6166428
          ],
          [
            -72.0305936,
            11.6166459
          ],
          [
            -72.0305902,
            11.616649
          ],
          [
            -72.0305869,
            11.616652
          ],
          [
            -72.0305835,
            11.6166551
          ],
          [
            -72.0305802,
            11.6166582
          ],
          [
            -72.0305769,
            11.6166613
          ],
          [
            -72.0305735,
            11.6166644
          ],
          [
            -72.0305702,
            11.6166675
          ],
          [
            -72.0305668,
            11.6166706
          ],
          [
            -72.0305635,
            11.6166736
          ],
          [
            -72.0305601,
            11.6166767
          ],
          [
            -72.0305568,
            11.6166798
          ],
          [
            -72.0305534,
            11.6166829
          ],
          [
            -72.0305501,
            11.616686
          ],
          [
            -72.0305467,
            11.6166891
          ],
          [
            -72.0305434,
            11.6166922
          ],
          [
            -72.0305401,
            11.6166952
          ],
          [
            -72.0305367,
            11.6166983
          ],
          [
            -72.0305334,
            11.6167014
          ],
          [
            -72.03053,
            11.6167045
          ],
          [
            -72.0305267,
            11.6167076
          ],
          [
            -72.0305233,
            11.6167107
          ],
          [
            -72.03052,
            11.6167138
          ],
          [
            -72.0305166,
            11.6167168
          ],
          [
            -72.0305133,
            11.6167199
          ],
          [
            -72.0305099,
            11.616723
          ],
          [
            -72.0305066,
            11.6167261
          ],
          [
            -72.0305041,
            11.6167284
          ],
          [
            -72.0305033,
            11.6167292
          ],
          [
            -72.0304999,
            11.6167323
          ],
          [
            -72.0304966,
            11.6167353
          ],
          [
            -72.0304932,
            11.6167384
          ],
          [
            -72.0304899,
            11.6167415
          ],
          [
            -72.0304865,
            11.6167446
          ],
          [
            -72.0304832,
            11.6167477
          ],
          [
            -72.0304798,
            11.6167508
          ],
          [
            -72.0304765,
            11.6167539
          ],
          [
            -72.0304731,
            11.6167569
          ],
          [
            -72.0304698,
            11.61676
          ],
          [
            -72.0304665,
            11.6167631
          ],
          [
            -72.0304631,
            11.6167662
          ],
          [
            -72.0304598,
            11.6167693
          ],
          [
            -72.0304564,
            11.6167724
          ],
          [
            -72.0304531,
            11.6167754
          ],
          [
            -72.0304497,
            11.6167785
          ],
          [
            -72.0304464,
            11.6167816
          ],
          [
            -72.030443,
            11.6167847
          ],
          [
            -72.0304397,
            11.6167878
          ],
          [
            -72.0304363,
            11.6167909
          ],
          [
            -72.030433,
            11.616794
          ],
          [
            -72.0304296,
            11.616797
          ],
          [
            -72.0304263,
            11.6168001
          ],
          [
            -72.030423,
            11.6168032
          ],
          [
            -72.0304196,
            11.6168063
          ],
          [
            -72.0304163,
            11.6168094
          ],
          [
            -72.0304129,
            11.6168125
          ],
          [
            -72.0304096,
            11.6168155
          ],
          [
            -72.0304062,
            11.6168186
          ],
          [
            -72.0304029,
            11.6168217
          ],
          [
            -72.0303995,
            11.6168248
          ],
          [
            -72.0303962,
            11.6168279
          ],
          [
            -72.0303929,
            11.616831
          ],
          [
            -72.0303895,
            11.6168341
          ],
          [
            -72.0303862,
            11.6168371
          ],
          [
            -72.0303828,
            11.6168402
          ],
          [
            -72.0303795,
            11.6168433
          ],
          [
            -72.0303761,
            11.6168464
          ],
          [
            -72.0303728,
            11.6168495
          ],
          [
            -72.0303694,
            11.6168526
          ],
          [
            -72.0303661,
            11.6168557
          ],
          [
            -72.0303627,
            11.6168587
          ],
          [
            -72.0303594,
            11.6168618
          ],
          [
            -72.0303561,
            11.6168649
          ],
          [
            -72.0303527,
            11.616868
          ],
          [
            -72.0303494,
            11.6168711
          ],
          [
            -72.030346,
            11.6168742
          ],
          [
            -72.0303427,
            11.6168772
          ],
          [
            -72.0303393,
            11.6168803
          ],
          [
            -72.030336,
            11.6168834
          ],
          [
            -72.0303326,
            11.6168865
          ],
          [
            -72.0303293,
            11.6168896
          ],
          [
            -72.0303259,
            11.6168927
          ],
          [
            -72.0303226,
            11.6168958
          ],
          [
            -72.0303192,
            11.6168988
          ],
          [
            -72.0303159,
            11.6169019
          ],
          [
            -72.0303126,
            11.616905
          ],
          [
            -72.0303092,
            11.6169081
          ],
          [
            -72.0303059,
            11.6169112
          ],
          [
            -72.0303025,
            11.6169143
          ],
          [
            -72.0302992,
            11.6169174
          ],
          [
            -72.0302958,
            11.6169204
          ],
          [
            -72.0302925,
            11.6169235
          ],
          [
            -72.0302891,
            11.6169266
          ],
          [
            -72.0302858,
            11.6169297
          ],
          [
            -72.0302824,
            11.6169328
          ],
          [
            -72.0302791,
            11.6169359
          ],
          [
            -72.0302758,
            11.6169389
          ],
          [
            -72.0302724,
            11.616942
          ],
          [
            -72.0302691,
            11.6169451
          ],
          [
            -72.0302657,
            11.6169482
          ],
          [
            -72.0302624,
            11.6169513
          ],
          [
            -72.030259,
            11.6169544
          ],
          [
            -72.0302557,
            11.6169574
          ],
          [
            -72.0302523,
            11.6169605
          ],
          [
            -72.030249,
            11.6169636
          ],
          [
            -72.0302457,
            11.6169667
          ],
          [
            -72.0302423,
            11.6169698
          ],
          [
            -72.030239,
            11.6169729
          ],
          [
            -72.0302356,
            11.616976
          ],
          [
            -72.0302323,
            11.616979
          ],
          [
            -72.0302289,
            11.6169821
          ],
          [
            -72.0302256,
            11.6169852
          ],
          [
            -72.0302222,
            11.6169883
          ],
          [
            -72.0302189,
            11.6169914
          ],
          [
            -72.0302155,
            11.6169945
          ],
          [
            -72.0302122,
            11.6169975
          ],
          [
            -72.0302088,
            11.6170006
          ],
          [
            -72.0302055,
            11.6170037
          ],
          [
            -72.0302022,
            11.6170068
          ],
          [
            -72.0301988,
            11.6170099
          ],
          [
            -72.0301955,
            11.617013
          ],
          [
            -72.0301921,
            11.6170161
          ],
          [
            -72.0301888,
            11.6170191
          ],
          [
            -72.0301854,
            11.6170222
          ],
          [
            -72.0301821,
            11.6170253
          ],
          [
            -72.0301787,
            11.6170284
          ],
          [
            -72.0301754,
            11.6170315
          ],
          [
            -72.0301721,
            11.6170346
          ],
          [
            -72.0301687,
            11.6170377
          ],
          [
            -72.0301654,
            11.6170407
          ],
          [
            -72.030162,
            11.6170438
          ],
          [
            -72.0301587,
            11.6170469
          ],
          [
            -72.0301553,
            11.61705
          ],
          [
            -72.030152,
            11.6170531
          ],
          [
            -72.0301486,
            11.6170562
          ],
          [
            -72.0301453,
            11.6170592
          ],
          [
            -72.0301419,
            11.6170623
          ],
          [
            -72.0301386,
            11.6170654
          ],
          [
            -72.0301352,
            11.6170685
          ],
          [
            -72.0301319,
            11.6170716
          ],
          [
            -72.0301286,
            11.6170747
          ],
          [
            -72.0301252,
            11.6170778
          ],
          [
            -72.0301219,
            11.6170808
          ],
          [
            -72.0301185,
            11.6170839
          ],
          [
            -72.0301152,
            11.617087
          ],
          [
            -72.0301118,
            11.6170901
          ],
          [
            -72.0301085,
            11.6170932
          ],
          [
            -72.0301051,
            11.6170963
          ],
          [
            -72.0301018,
            11.6170994
          ],
          [
            -72.0300984,
            11.6171024
          ],
          [
            -72.0300951,
            11.6171055
          ],
          [
            -72.0300918,
            11.6171086
          ],
          [
            -72.0300884,
            11.6171117
          ],
          [
            -72.0300851,
            11.6171148
          ],
          [
            -72.0300817,
            11.6171179
          ],
          [
            -72.0300784,
            11.6171209
          ],
          [
            -72.030075,
            11.617124
          ],
          [
            -72.0300717,
            11.6171271
          ],
          [
            -72.0300683,
            11.6171302
          ],
          [
            -72.030065,
            11.6171333
          ],
          [
            -72.0300616,
            11.6171364
          ],
          [
            -72.0300583,
            11.6171394
          ],
          [
            -72.030055,
            11.6171425
          ],
          [
            -72.0300516,
            11.6171456
          ],
          [
            -72.0300483,
            11.6171487
          ],
          [
            -72.0300449,
            11.6171518
          ],
          [
            -72.0300416,
            11.6171549
          ],
          [
            -72.0300382,
            11.617158
          ],
          [
            -72.0300349,
            11.617161
          ],
          [
            -72.0300315,
            11.6171641
          ],
          [
            -72.0300282,
            11.6171672
          ],
          [
            -72.0300248,
            11.6171703
          ],
          [
            -72.0300215,
            11.6171734
          ],
          [
            -72.0300182,
            11.6171765
          ],
          [
            -72.0300148,
            11.6171795
          ]
        ]
      }
    },
    {
      "type": "Feature",
      "properties": {
        "Shape_Leng": 0.0,
        "Longitud": 1373.65,
        "Aero": "WP38-WP39",
        "Grupo": 0
      },
      "geometry": {
        "type": "LineString",
        "coordinates": [
          [
            -72.0300148,
            11.6171795
          ],
          [
            -72.0297213,
            11.6174504
          ],
          [
            -72.0293341,
            11.6178074
          ],
          [
            -72.0293096,
            11.6178299
          ],
          [
            -72.0286022,
            11.6184822
          ],
          [
            -72.0284914,
            11.6185844
          ],
          [
            -72.0283517,
            11.6187132
          ],
          [
            -72.0281703,
            11.6188804
          ],
          [
            -72.0281057,
            11.6189347
          ],
          [
            -72.0280362,
            11.6189829
          ],
          [
            -72.0279871,
            11.6190106
          ],
          [
            -72.0279625,
            11.6190245
          ],
          [
            -72.0278852,
            11.6190592
          ],
          [
            -72.027805,
            11.6190867
          ],
          [
            -72.0277226,
            11.6191068
          ],
          [
            -72.0276386,
            11.6191192
          ],
          [
            -72.0275538,
            11.6191239
          ],
          [
            -72.0268612,
            11.6191309
          ],
          [
            -72.0268204,
            11.6191313
          ],
          [
            -72.0263358,
            11.6191361
          ],
          [
            -72.0256725,
            11.6191428
          ],
          [
            -72.0244713,
            11.6191548
          ],
          [
            -72.0239877,
            11.6191596
          ],
          [
            -72.0226011,
            11.6191735
          ],
          [
            -72.0225117,
            11.6191787
          ],
          [
            -72.0224233,
            11.6191925
          ],
          [
            -72.0223367,
            11.6192147
          ],
          [
            -72.0222527,
            11.6192451
          ],
          [
            -72.0221722,
            11.6192835
          ],
          [
            -72.0220957,
            11.6193294
          ],
          [
            -72.0220243,
            11.6193825
          ],
          [
            -72.0219584,
            11.6194421
          ],
          [
            -72.0218987,
            11.6195079
          ],
          [
            -72.0215994,
            11.6198719
          ],
          [
            -72.0215821,
            11.6198929
          ],
          [
            -72.0212423,
            11.6203062
          ],
          [
            -72.0209564,
            11.6206539
          ],
          [
            -72.020915,
            11.6207042
          ],
          [
            -72.0196925,
            11.6221908
          ],
          [
            -72.0196058,
            11.6222963
          ]
        ]
      }
    },
    {
      "type": "Feature",
      "properties": {
        "Shape_Leng": 0.0,
        "Longitud": 422.732,
        "Aero": "WP37-WP38",
        "Grupo": 0
      },
      "geometry": {
        "type": "LineString",
        "coordinates": [
          [
            -72.0196058,
            11.6222963
          ],
          [
            -72.0194426,
            11.6224947
          ],
          [
            -72.0184381,
            11.6237163
          ],
          [
            -72.0183867,
            11.6237853
          ],
          [
            -72.0183421,
            11.6238587
          ],
          [
            -72.0183048,
            11.6239359
          ],
          [
            -72.0182751,
            11.6240162
          ],
          [
            -72.0182532,
            11.624099
          ],
          [
            -72.0181349,
            11.6246532
          ],
          [
            -72.0179255,
            11.6256337
          ]
        ]
      }
    },
    {
      "type": "Feature",
      "properties": {
        "Shape_Leng": 0.0,
        "Longitud": 653.447,
        "Aero": "WP36-WP37",
        "Grupo": 0
      },
      "geometry": {
        "type": "LineString",
        "coordinates": [
          [
            -72.0179255,
            11.6256337
          ],
          [
            -72.0177783,
            11.6263225
          ],
          [
            -72.0177608,
            11.6264045
          ],
          [
            -72.0175805,
            11.6272488
          ],
          [
            -72.0175132,
            11.6275639
          ],
          [
            -72.0172904,
            11.6286069
          ],
          [
            -72.0172684,
            11.6287098
          ],
          [
            -72.0172549,
            11.6287917
          ],
          [
            -72.017249,
            11.6288744
          ],
          [
            -72.0172509,
            11.6289574
          ],
          [
            -72.0172604,
            11.6290398
          ],
          [
            -72.0172777,
            11.629121
          ],
          [
            -72.0173023,
            11.6292003
          ],
          [
            -72.0173343,
            11.629277
          ],
          [
            -72.0173349,
            11.6292781
          ],
          [
            -72.0173733,
            11.6293505
          ],
          [
            -72.0174189,
            11.6294202
          ],
          [
            -72.0174709,
            11.6294855
          ],
          [
            -72.0175287,
            11.6295458
          ],
          [
            -72.0175918,
            11.6296006
          ],
          [
            -72.0189943,
            11.630709
          ]
        ]
      }
    },
    {
      "type": "Feature",
      "properties": {
        "Shape_Leng": 0.0,
        "Longitud": 228.542,
        "Aero": "A-TM2",
        "Grupo": 0
      },
      "geometry": {
        "type": "LineString",
        "coordinates": [
          [
            -72.0262661,
            11.5714485
          ],
          [
            -72.0264686,
            11.5719815
          ],
          [
            -72.0264744,
            11.5719975
          ],
          [
            -72.0264795,
            11.5720137
          ],
          [
            -72.026484,
            11.57203
          ],
          [
            -72.0264879,
            11.5720466
          ],
          [
            -72.0264911,
            11.5720632
          ],
          [
            -72.0264937,
            11.57208
          ],
          [
            -72.0264957,
            11.5720968
          ],
          [
            -72.026497,
            11.5721138
          ],
          [
            -72.0264976,
            11.5721307
          ],
          [
            -72.0264977,
            11.5721477
          ],
          [
            -72.0264971,
            11.5721646
          ],
          [
            -72.0264958,
            11.5721815
          ],
          [
            -72.0264939,
            11.5721984
          ],
          [
            -72.0264913,
            11.5722152
          ],
          [
            -72.0262782,
            11.5734583
          ]
        ]
      }
    }
  ]
}